timestamp,time_sec,mode,pos_x,pos_y,pos_z,ref_x,ref_y,ref_z,err_x,err_y,err_z,err_pos_norm,vel_x,vel_y,vel_z,roll_deg,pitch_deg,yaw_deg,ref_roll_deg,ref_pitch_deg,ref_yaw_deg,err_roll_deg,err_pitch_deg,err_yaw_deg,ctrl_acc_z,ctrl_wx,ctrl_wy,ctrl_wz,cmd_thrust,estimated_hover_thrust,solve_time_ms,voltage_v,current_a,power_w,energy_j,imu_acc_z,imu_wx,imu_wy,imu_wz,eso_dx,eso_dy,eso_dz
1788402288746116255,0.066209,-1,-1.053919,0.949683,-0.845245,-1.053919,0.949683,-0.845245,0.000000,0.000000,0.000000,0.000000,-0.052989,-0.027608,-0.362932,-0.273857,1.035543,169.638416,0.000000,0.000000,169.638416,-0.273857,1.035543,0.000000,9.806600,0.000000,0.000000,0.000000,0.720000,0.720000,1.610980,0.000000,0.000000,0.000000,0.000000,9.806600,0.000000,0.000000,0.000000,0.000000,0.000000,0.000000
1788402288779143431,0.099236,-1,-1.052302,0.950437,-0.862808,-1.052302,0.950437,-0.862808,0.000000,0.000000,0.000000,0.000000,-0.053044,-0.017633,-0.357254,-0.422324,1.002982,169.357323,0.000000,0.000000,169.357323,-0.422324,1.002982,0.000000,9.806600,0.000000,0.000000,0.000000,0.720000,0.720000,1.610980,0.000000,0.000000,0.000000,0.000000,13.624670,0.028516,-0.025799,-0.130739,0.000000,0.000000,0.000000
1788402288812042367,0.132135,-1,-1.051176,0.950765,-0.876038,-1.051176,0.950765,-0.876038,0.000000,0.000000,0.000000,0.000000,-0.053182,-0.008955,-0.353299,-0.471665,0.989504,169.223731,0.000000,0.000000,169.223731,-0.471665,0.989504,0.000000,9.806600,0.000000,0.000000,0.000000,0.720000,0.720000,1.610980,0.000000,0.000000,0.000000,0.000000,13.556948,0.021219,-0.079435,-0.117381,0.000000,0.000000,0.000000
1788402288844968441,0.165061,-1,-1.050056,0.950822,-0.888916,-1.050056,0.950822,-0.888916,0.000000,0.000000,0.000000,0.000000,-0.054510,0.002916,-0.347409,-0.538043,0.964937,168.968689,0.000000,0.000000,168.968689,-0.538043,0.964937,0.000000,9.806600,0.000000,0.000000,0.000000,0.720000,0.720000,1.610980,0.000000,0.000000,0.000000,0.000000,14.676478,0.028823,-0.086255,-0.098616,0.000000,0.000000,0.000000
1788402288877938050,0.198031,-1,-1.048601,0.950489,-0.906601,-1.048601,0.950489,-0.906601,0.000000,0.000000,0.000000,0.000000,-0.053616,0.011029,-0.338654,-0.517503,0.955849,168.727211,0.000000,0.000000,168.727211,-0.517503,0.955849,0.000000,9.806600,0.000000,0.000000,0.000000,0.720000,0.720000,1.610980,0.000000,0.000000,0.000000,0.000000,14.903539,0.054633,-0.083783,-0.097915,0.000000,0.000000,0.000000
1788402288910914626,0.231007,-1,-1.047545,0.949982,-0.919632,-1.047545,0.949982,-0.919632,0.000000,0.000000,0.000000,0.000000,-0.052180,0.017936,-0.332282,-0.405421,0.997681,168.495448,0.000000,0.000000,168.495448,-0.405421,0.997681,0.000000,9.806600,0.000000,0.000000,0.000000,0.720000,0.720000,1.610980,0.000000,0.000000,0.000000,0.000000,15.224910,0.067583,-0.017309,-0.105122,0.000000,0.000000,0.000000
1788402288943849267,0.263942,-1,-1.046525,0.949219,-0.932266,-1.046525,0.949219,-0.932266,0.000000,0.000000,0.000000,0.000000,-0.052054,0.023437,-0.328300,-0.342646,1.027927,168.380209,0.000000,0.000000,168.380209,-0.342646,1.027927,0.000000,9.806600,0.000000,0.000000,0.000000,0.720000,0.720000,1.610980,0.000000,0.000000,0.000000,0.000000,14.811347,0.092177,-0.028137,-0.106458,0.000000,0.000000,0.000000
1788402288976797491,0.296890,-1,-1.045243,0.947797,-0.949265,-1.045243,0.947797,-0.949265,0.000000,0.000000,0.000000,0.000000,-0.052728,0.027269,-0.320382,-0.224493,1.068300,168.172996,0.000000,0.000000,168.172996,-0.224493,1.068300,0.000000,9.806600,0.000000,0.000000,0.000000,0.720000,0.720000,1.610980,0.000000,0.000000,0.000000,0.000000,14.065361,0.136749,-0.029917,-0.095454,0.000000,0.000000,0.000000
1788402289009773482,0.329866,-1,-1.044283,0.946464,-0.962036,-1.044283,0.946464,-0.962036,0.000000,0.000000,0.000000,0.000000,-0.052867,0.032638,-0.320018,-0.149893,1.056669,168.078589,0.000000,0.000000,168.078589,-0.149893,1.056669,0.000000,9.806600,0.000000,0.000000,0.000000,0.720000,0.720000,1.610980,0.000000,0.000000,0.000000,0.000000,11.677386,0.180148,-0.008903,-0.092187,0.000000,0.000000,0.000000
1788402289045539643,0.365632,-1,-1.043279,0.944921,-0.974304,-1.043279,0.944921,-0.974304,0.000000,0.000000,0.000000,0.000000,-0.054186,0.041561,-0.319001,0.007119,0.991605,167.901096,0.000000,0.000000,167.901096,0.007119,0.991605,0.000000,9.806600,0.000000,0.000000,0.000000,0.720000,0.720000,1.610980,0.000000,0.000000,0.000000,0.000000,8.854459,0.156857,-0.090295,-0.074851,0.000000,0.000000,0.000000
1788402289075727470,0.395820,-1,-1.042565,0.943398,-0.986969,-1.042565,0.943398,-0.986969,0.000000,0.000000,0.000000,0.000000,-0.056060,0.050385,-0.309045,0.126733,0.888387,167.717892,0.000000,0.000000,167.717892,0.126733,0.888387,0.000000,9.806600,0.000000,0.000000,0.000000,0.720000,0.720000,1.610980,0.000000,0.000000,0.000000,0.000000,8.840349,0.074857,-0.024236,-0.070380,0.000000,0.000000,0.000000
1788402289108675488,0.428768,-1,-1.041808,0.941179,-1.003448,-1.041808,0.941179,-1.003448,0.000000,0.000000,0.000000,0.000000,-0.054581,0.057356,-0.296492,0.167917,0.857750,167.629278,0.000000,0.000000,167.629278,0.167917,0.857750,0.000000,9.806600,0.000000,0.000000,0.000000,0.720000,0.720000,1.610980,0.000000,0.000000,0.000000,0.000000,9.025280,0.067947,-0.028016,-0.073691,0.000000,0.000000,0.000000
1788402289141689897,0.461783,-1,-1.041234,0.939344,-1.015121,-1.041234,0.939344,-1.015121,0.000000,0.000000,0.000000,0.000000,-0.052813,0.057814,-0.288581,0.291572,0.867776,167.468513,0.000000,0.000000,167.468513,0.291572,0.867776,0.000000,9.806600,0.000000,0.000000,0.000000,0.720000,0.720000,1.610980,0.000000,0.000000,0.000000,0.000000,8.324852,0.169223,-0.021177,-0.081569,0.000000,0.000000,0.000000
1788402289174663998,0.494757,-1,-1.040726,0.936828,-1.030884,-1.040726,0.936828,-1.030884,0.000000,0.000000,0.000000,0.000000,-0.046921,0.071376,-0.294874,0.333309,0.914306,167.316130,0.000000,0.000000,167.316130,0.333309,0.914306,0.000000,9.806600,0.000000,0.000000,0.000000,0.720000,0.720000,1.610980,0.000000,0.000000,0.000000,0.000000,4.749574,0.039915,0.077013,-0.092421,0.000000,0.000000,0.000000
1788402289207589608,0.527682,-1,-1.040579,0.934839,-1.042831,-1.040579,0.934839,-1.042831,0.000000,0.000000,0.000000,0.000000,-0.047617,0.081243,-0.286770,0.251839,0.978542,167.233455,0.000000,0.000000,167.233455,0.251839,0.978542,0.000000,9.806600,0.000000,0.000000,0.000000,0.720000,0.720000,1.610980,0.000000,0.000000,0.000000,0.000000,3.880871,-0.035293,0.015988,-0.064819,0.000000,0.000000,0.000000
1788402289240509144,0.560602,-1,-1.040365,0.932769,-1.054199,-1.040365,0.932769,-1.054199,0.000000,0.000000,0.000000,0.000000,-0.049515,0.084516,-0.280533,0.061755,1.092575,167.075476,0.000000,0.000000,167.075476,0.061755,1.092575,0.000000,9.806600,0.000000,0.000000,0.000000,0.720000,0.720000,1.610980,0.000000,0.000000,0.000000,0.000000,3.432971,0.027562,0.029157,-0.068755,0.000000,0.000000,0.000000
1788402289273514412,0.593607,-1,-1.039982,0.929924,-1.070190,-1.039982,0.929924,-1.070190,0.000000,0.000000,0.000000,0.000000,-0.048433,0.085842,-0.272138,0.145065,1.165897,166.925096,0.000000,0.000000,166.925096,0.145065,1.165897,0.000000,9.806600,0.000000,0.000000,0.000000,0.720000,0.720000,1.610980,0.000000,0.000000,0.000000,0.000000,4.535357,0.075995,0.038694,-0.075049,0.000000,0.000000,0.000000
1788402289306474864,0.626568,-1,-1.039621,0.927621,-1.082016,-1.039621,0.927621,-1.082016,0.000000,0.000000,0.000000,0.000000,-0.049007,0.089243,-0.266180,0.300289,1.112075,166.796211,0.000000,0.000000,166.796211,0.300289,1.112075,0.000000,9.806600,0.000000,0.000000,0.000000,0.720000,0.720000,1.610980,0.000000,0.000000,0.000000,0.000000,5.632071,0.076446,0.010531,-0.059784,0.000000,0.000000,0.000000
1788402289339449924,0.659543,-1,-1.039157,0.925179,-1.093430,-1.039157,0.925179,-1.093430,0.000000,0.000000,0.000000,0.000000,-0.052264,0.095145,-0.266929,0.376070,1.047039,166.738407,0.000000,0.000000,166.738407,0.376070,1.047039,0.000000,9.806600,0.000000,0.000000,0.000000,0.720000,0.720000,1.610980,0.000000,0.000000,0.000000,0.000000,6.353072,0.026060,-0.018800,-0.048287,0.000000,0.000000,0.000000
1788402289372371090,0.692464,-1,-1.038728,0.922512,-1.105759,-1.038728,0.922512,-1.105759,0.000000,0.000000,0.000000,0.000000,-0.054667,0.101202,-0.264328,0.575878,0.944764,166.614897,0.000000,0.000000,166.614897,0.575878,0.944764,0.000000,9.806600,0.000000,0.000000,0.000000,0.720000,0.720000,1.610980,0.000000,0.000000,0.000000,0.000000,8.253222,0.063390,0.015557,-0.062529,0.000000,0.000000,0.000000
1788402289405365585,0.725458,-1,-1.038219,0.918671,-1.122406,-1.038219,0.918671,-1.122406,0.000000,0.000000,0.000000,0.000000,-0.051934,0.100757,-0.254126,0.659307,0.918428,166.555617,0.000000,0.000000,166.555617,0.659307,0.918428,0.000000,9.806600,0.000000,0.000000,0.000000,0.720000,0.720000,1.610980,0.000000,0.000000,0.000000,0.000000,13.385666,0.024953,0.019607,-0.053037,0.000000,0.000000,0.000000
1788402289438335563,0.758428,-1,-1.037864,0.915607,-1.134567,-1.037864,0.915607,-1.134567,0.000000,0.000000,0.000000,0.000000,-0.051952,0.106763,-0.257542,0.736358,0.916699,166.458344,0.000000,0.000000,166.458344,0.736358,0.916699,0.000000,9.806600,0.000000,0.000000,0.000000,0.720000,0.720000,1.610980,0.000000,0.000000,0.000000,0.000000,14.401153,-0.072461,0.060956,-0.035676,0.000000,0.000000,0.000000
1788402289471253629,0.791346,-1,-1.037529,0.912355,-1.147705,-1.037529,0.912355,-1.147705,0.000000,0.000000,0.000000,0.000000,-0.056769,0.104128,-0.253880,0.743485,0.955480,166.387480,0.000000,0.000000,166.387480,0.743485,0.955480,0.000000,9.806600,0.000000,0.000000,0.000000,0.720000,0.720000,1.610980,0.000000,0.000000,0.000000,0.000000,15.554846,0.003994,-0.047238,-0.026031,0.000000,0.000000,0.000000
1788402289504227475,0.824320,-1,-1.037042,0.907890,-1.165283,-1.037042,0.907890,-1.165283,0.000000,0.000000,0.000000,0.000000,-0.055327,0.100830,-0.259085,0.792796,1.002464,166.349939,0.000000,0.000000,166.349939,0.792796,1.002464,0.000000,9.806600,0.000000,0.000000,0.000000,0.720000,0.720000,1.610980,0.000000,0.000000,0.000000,0.000000,13.726658,0.080773,0.021249,-0.024628,0.000000,0.000000,0.000000
1788402289537219732,0.857312,-1,-1.036650,0.904466,-1.177917,-1.036650,0.904466,-1.177917,0.000000,0.000000,0.000000,0.000000,-0.050168,0.101606,-0.262201,0.903416,1.066091,166.294260,0.000000,0.000000,166.294260,0.903416,1.066091,0.000000,9.806600,0.000000,0.000000,0.000000,0.720000,0.720000,1.610980,0.000000,0.000000,0.000000,0.000000,12.624611,0.136337,0.018675,-0.021710,0.000000,0.000000,0.000000
1788402289570145278,0.890238,-1,-1.036317,0.899711,-1.195740,-1.036317,0.899711,-1.195740,0.000000,0.000000,0.000000,0.000000,-0.051008,0.104427,-0.268375,0.932440,1.128267,166.259369,0.000000,0.000000,166.259369,0.932440,1.128267,0.000000,9.806600,0.000000,0.000000,0.000000,0.720000,0.720000,1.610980,0.000000,0.000000,0.000000,0.000000,6.647067,0.078119,-0.008049,-0.010814,0.000000,0.000000,0.000000
1788402289603139581,0.923232,-1,-1.036103,0.896029,-1.208710,-1.036103,0.896029,-1.208710,0.000000,0.000000,0.000000,0.000000,-0.054051,0.108505,-0.259439,0.996005,1.216018,166.230070,0.000000,0.000000,166.230070,0.996005,1.216018,0.000000,9.806600,0.000000,0.000000,0.000000,0.720000,0.720000,1.610980,0.000000,0.000000,0.000000,0.000000,6.783955,0.092631,-0.020443,-0.003533,0.000000,0.000000,0.000000
1788402289636075548,0.956168,-1,-1.035822,0.892266,-1.220947,-1.035822,0.892266,-1.220947,0.000000,0.000000,0.000000,0.000000,-0.048785,0.108784,-0.258310,1.032700,1.245993,166.232848,0.000000,0.000000,166.232848,1.032700,1.245993,0.000000,9.806600,0.000000,0.000000,0.000000,0.720000,0.720000,1.610980,0.000000,0.000000,0.000000,0.000000,6.582033,0.074866,0.019278,-0.006264,0.000000,0.000000,0.000000
1788402289669079408,0.989172,-1,-1.035652,0.888457,-1.233215,-1.035652,0.888457,-1.233215,0.000000,0.000000,0.000000,0.000000,-0.041295,0.113577,-0.256596,1.040788,1.352608,166.243193,0.000000,0.000000,166.243193,1.040788,1.352608,0.000000,9.806600,0.000000,0.000000,0.000000,0.720000,0.720000,1.610980,0.000000,0.000000,0.000000,0.000000,4.609373,0.084061,0.049995,0.005070,0.000000,0.000000,0.000000
1788402289702096631,1.022189,-1,-1.035625,0.883214,-1.250015,-1.035625,0.883214,-1.250015,0.000000,0.000000,0.000000,0.000000,-0.048113,0.125749,-0.242252,1.011919,1.417729,166.245799,0.000000,0.000000,166.245799,1.011919,1.417729,0.000000,9.806600,0.000000,0.000000,0.000000,0.720000,0.720000,1.610980,0.000000,0.000000,0.000000,0.000000,4.622911,-0.097364,0.198382,0.019587,0.000000,0.000000,0.000000
1788402289735014697,1.055107,-1,-1.035486,0.879310,-1.261703,-1.035486,0.879310,-1.261703,0.000000,0.000000,0.000000,0.000000,-0.045667,0.119677,-0.221849,1.011999,1.474169,166.294864,0.000000,0.000000,166.294864,1.011999,1.474169,0.000000,9.806600,0.000000,0.000000,0.000000,0.720000,0.720000,1.610980,0.000000,0.000000,0.000000,0.000000,10.695780,-0.037666,0.049020,0.021302,0.000000,0.000000,0.000000
1788402289767927233,1.088020,-1,-1.035518,0.875301,-1.274033,-1.035518,0.875301,-1.274033,0.000000,0.000000,0.000000,0.000000,-0.042412,0.109849,-0.212360,1.264643,1.420241,166.354330,0.000000,0.000000,166.354330,1.264643,1.420241,0.000000,9.806600,0.000000,0.000000,0.000000,0.720000,0.720000,1.610980,0.000000,0.000000,0.000000,0.000000,3.745428,0.057290,0.100448,0.030102,0.000000,0.000000,0.000000
1788402289800886023,1.120979,-1,-1.035773,0.869879,-1.290421,-1.035773,0.869879,-1.290421,0.000000,0.000000,0.000000,0.000000,-0.035981,0.113213,-0.212748,1.330321,1.521613,166.393148,0.000000,0.000000,166.393148,1.330321,1.521613,0.000000,9.806600,0.000000,0.000000,0.000000,0.720000,0.720000,1.610980,0.000000,0.000000,0.000000,0.000000,17.054499,0.028506,0.100503,0.038476,0.000000,0.000000,0.000000
1788402289833876490,1.153969,-1,-1.036084,0.865694,-1.302139,-1.036084,0.865694,-1.302139,0.000000,0.000000,0.000000,0.000000,-0.034860,0.117159,-0.214800,1.399137,1.635830,166.458215,0.000000,0.000000,166.458215,1.399137,1.635830,0.000000,9.806600,0.000000,0.000000,0.000000,0.720000,0.720000,1.610980,0.000000,0.000000,0.000000,0.000000,4.820821,-0.124768,0.112104,0.046700,0.000000,0.000000,0.000000
1788402289866833106,1.186926,-1,-1.036504,0.861361,-1.314575,-1.036504,0.861361,-1.314575,0.000000,0.000000,0.000000,0.000000,-0.029411,0.119054,-0.212354,1.335132,1.727164,166.565126,0.000000,0.000000,166.565126,1.335132,1.727164,0.000000,9.806600,0.000000,0.000000,0.000000,0.720000,0.720000,1.610980,0.000000,0.000000,0.000000,0.000000,13.006934,-0.007925,-0.018935,0.040321,0.000000,0.000000,0.000000
1788402289899790969,1.219884,-1,-1.037195,0.855530,-1.330887,-1.037195,0.855530,-1.330887,0.000000,0.000000,0.000000,0.000000,-0.020966,0.118846,-0.206214,1.316063,1.817265,166.608036,0.000000,0.000000,166.608036,1.316063,1.817265,0.000000,9.806600,0.000000,0.000000,0.000000,0.720000,0.720000,1.610980,0.000000,0.000000,0.000000,0.000000,7.064845,0.012301,0.035926,0.033623,0.000000,0.000000,0.000000
1788402289932777920,1.252871,-1,-1.037195,0.855530,-1.330887,-1.037195,0.855530,-1.330887,0.000000,0.000000,0.000000,0.000000,-0.020966,0.118846,-0.206214,1.316063,1.817265,166.608036,0.000000,0.000000,166.608036,1.316063,1.817265,0.000000,9.806600,0.000000,0.000000,0.000000,0.720000,0.720000,1.610980,0.000000,0.000000,0.000000,0.000000,12.201167,0.056838,-0.049840,0.048559,0.000000,0.000000,0.000000
1788402289965752405,1.285845,-1,-1.037769,0.851210,-1.342300,-1.037769,0.851210,-1.342300,0.000000,0.000000,0.000000,0.000000,-0.019039,0.117768,-0.202873,1.365417,1.766680,166.718316,0.000000,0.000000,166.718316,1.365417,1.766680,0.000000,9.806600,0.000000,0.000000,0.000000,0.720000,0.720000,1.610980,0.000000,0.000000,0.000000,0.000000,9.422516,-0.035926,-0.112234,0.057929,0.000000,0.000000,0.000000
1788402289998755498,1.318848,-1,-1.038439,0.846664,-1.354416,-1.038439,0.846664,-1.354416,0.000000,0.000000,0.000000,0.000000,-0.019022,0.121738,-0.203193,1.369450,1.632224,166.826960,0.000000,0.000000,166.826960,1.369450,1.632224,0.000000,9.806600,0.000000,0.000000,0.000000,0.720000,0.720000,1.610980,0.000000,0.000000,0.000000,0.000000,10.483869,0.012356,-0.057684,0.046079,0.000000,0.000000,0.000000
1788402290031673485,1.351766,-1,-1.039456,0.840569,-1.370209,-1.039456,0.840569,-1.370209,0.000000,0.000000,0.000000,0.000000,-0.016031,0.119620,-0.190725,1.386062,1.517258,166.894274,0.000000,0.000000,166.894274,1.386062,1.517258,0.000000,9.806600,0.000000,0.000000,0.000000,0.720000,0.720000,1.610980,0.000000,0.000000,0.000000,0.000000,11.338824,0.060090,-0.070611,0.052925,0.000000,0.000000,0.000000
1788402290064606957,1.384700,-1,-1.040997,0.831537,-1.392624,-1.040997,0.831537,-1.392624,0.000000,0.000000,0.000000,0.000000,-0.009862,0.119740,-0.184190,1.521656,1.187641,167.067010,0.000000,0.000000,167.067010,1.521656,1.187641,0.000000,9.806600,0.000000,0.000000,0.000000,0.720000,0.720000,1.610980,0.000000,0.000000,0.000000,0.000000,7.821867,0.098947,-0.135034,0.046173,0.000000,0.000000,0.000000
1788402290097661198,1.417754,-1,-1.040997,0.831537,-1.392624,-1.040997,0.831537,-1.392624,0.000000,0.000000,0.000000,0.000000,-0.009862,0.119740,-0.184190,1.521656,1.187641,167.067010,0.000000,0.000000,167.067010,1.521656,1.187641,0.000000,9.806600,0.000000,0.000000,0.000000,0.720000,0.720000,1.610980,0.000000,0.000000,0.000000,0.000000,7.358405,0.019345,-0.163849,0.045521,0.000000,0.000000,0.000000
1788402290130582683,1.450675,-1,-1.041960,0.825353,-1.407715,-1.041960,0.825353,-1.407715,0.000000,0.000000,0.000000,0.000000,-0.014764,0.123652,-0.178599,1.535876,1.070809,167.104342,0.000000,0.000000,167.104342,1.535876,1.070809,0.000000,9.806600,0.000000,0.000000,0.000000,0.720000,0.720000,1.610980,0.000000,0.000000,0.000000,0.000000,12.467694,0.116565,-0.084529,0.048320,0.000000,0.000000,0.000000
1788402290163513534,1.483606,-1,-1.042682,0.820821,-1.418167,-1.042682,0.820821,-1.418167,0.000000,0.000000,0.000000,0.000000,-0.013337,0.115871,-0.175533,1.521643,0.923222,167.181690,0.000000,0.000000,167.181690,1.521643,0.923222,0.000000,9.806600,0.000000,0.000000,0.000000,0.720000,0.720000,1.610980,0.000000,0.000000,0.000000,0.000000,5.747066,0.204246,-0.058600,0.053079,0.000000,0.000000,0.000000
1788402290198628644,1.518721,-1,-1.043372,0.816302,-1.429398,-1.043372,0.816302,-1.429398,0.000000,0.000000,0.000000,0.000000,-0.010750,0.115326,-0.176149,1.782599,0.771223,167.299205,0.000000,0.000000,167.299205,1.782599,0.771223,0.000000,9.806600,0.000000,0.000000,0.000000,0.720000,0.720000,1.610980,0.000000,0.000000,0.000000,0.000000,14.436472,0.143079,-0.084492,0.064442,0.000000,0.000000,0.000000
1788402290229474811,1.549567,-1,-1.043986,0.811800,-1.440567,-1.043986,0.811800,-1.440567,0.000000,0.000000,0.000000,0.000000,-0.012349,0.118709,-0.174266,1.765263,0.749622,167.349231,0.000000,0.000000,167.349231,1.765263,0.749622,0.000000,9.806600,0.000000,0.000000,0.000000,0.720000,0.720000,1.610980,0.000000,0.000000,0.000000,0.000000,3.813847,0.140570,-0.005706,0.059288,0.000000,0.000000,0.000000
1788402290262435039,1.582528,-1,-1.044712,0.805862,-1.454300,-1.044712,0.805862,-1.454300,0.000000,0.000000,0.000000,0.000000,-0.014191,0.123871,-0.166929,2.032466,0.693559,167.498258,0.000000,0.000000,167.498258,2.032466,0.693559,0.000000,9.806600,0.000000,0.000000,0.000000,0.720000,0.720000,1.610980,0.000000,0.000000,0.000000,0.000000,12.626945,0.141526,0.006292,0.065988,0.000000,0.000000,0.000000
1788402290295517762,1.615610,-1,-1.045221,0.801231,-1.465210,-1.045221,0.801231,-1.465210,0.000000,0.000000,0.000000,0.000000,-0.011833,0.122647,-0.153159,2.164892,0.629823,167.639202,0.000000,0.000000,167.639202,2.164892,0.629823,0.000000,9.806600,0.000000,0.000000,0.000000,0.720000,0.720000,1.610980,0.000000,0.000000,0.000000,0.000000,7.979496,0.037129,0.061856,0.081487,0.000000,0.000000,0.000000
1788402290328329507,1.648422,-1,-1.045836,0.794999,-1.479446,-1.045836,0.794999,-1.479446,0.000000,0.000000,0.000000,0.000000,-0.011326,0.127858,-0.149155,2.324690,0.715089,167.828970,0.000000,0.000000,167.828970,2.324690,0.715089,0.000000,9.806600,0.000000,0.000000,0.000000,0.720000,0.720000,1.610980,0.000000,0.000000,0.000000,0.000000,11.085915,0.014209,0.079316,0.090462,0.000000,0.000000,0.000000
1788402290361384323,1.681477,-1,-1.046291,0.790384,-1.489380,-1.046291,0.790384,-1.489380,0.000000,0.000000,0.000000,0.000000,-0.014754,0.128133,-0.141057,2.391676,0.793653,167.946841,0.000000,0.000000,167.946841,2.391676,0.793653,0.000000,9.806600,0.000000,0.000000,0.000000,0.720000,0.720000,1.610980,0.000000,0.000000,0.000000,0.000000,5.793163,0.117097,0.100247,0.111422,0.000000,0.000000,0.000000
1788402290394321184,1.714414,-1,-1.046759,0.785591,-1.500229,-1.046759,0.785591,-1.500229,0.000000,0.000000,0.000000,0.000000,-0.012281,0.126627,-0.128852,2.410557,0.946909,168.214038,0.000000,0.000000,168.214038,2.410557,0.946909,0.000000,9.806600,0.000000,0.000000,0.000000,0.720000,0.720000,1.610980,0.000000,0.000000,0.000000,0.000000,5.475393,0.034408,0.123014,0.113848,0.000000,0.000000,0.000000
1788402290427265557,1.747358,-1,-1.047343,0.779299,-1.514496,-1.047343,0.779299,-1.514496,0.000000,0.000000,0.000000,0.000000,-0.010112,0.120377,-0.123841,2.426360,1.026130,168.344669,0.000000,0.000000,168.344669,2.426360,1.026130,0.000000,9.806600,0.000000,0.000000,0.000000,0.720000,0.720000,1.610980,0.000000,0.000000,0.000000,0.000000,5.729253,0.005589,0.088979,0.112816,0.000000,0.000000,0.000000
1788402290460160766,1.780253,-1,-1.047816,0.774627,-1.524368,-1.047816,0.774627,-1.524368,0.000000,0.000000,0.000000,0.000000,-0.009059,0.121970,-0.124259,2.479918,1.203019,168.606227,0.000000,0.000000,168.606227,2.479918,1.203019,0.000000,9.806600,0.000000,0.000000,0.000000,0.720000,0.720000,1.610980,0.000000,0.000000,0.000000,0.000000,12.648668,-0.120956,0.165523,0.123107,0.000000,0.000000,0.000000
1788402290493173291,1.813266,-1,-1.048341,0.769781,-1.535187,-1.048341,0.769781,-1.535187,0.000000,0.000000,0.000000,0.000000,-0.007480,0.128854,-0.123188,2.324966,1.472022,168.912852,0.000000,0.000000,168.912852,2.324966,1.472022,0.000000,9.806600,0.000000,0.000000,0.000000,0.720000,0.720000,1.610980,0.000000,0.000000,0.000000,0.000000,6.874529,0.044803,0.118870,0.107071,0.000000,0.000000,0.000000
1788402290526165389,1.846258,-1,-1.048895,0.764948,-1.545959,-1.048895,0.764948,-1.545959,0.000000,0.000000,0.000000,0.000000,-0.009968,0.121982,-0.122949,2.393733,1.505250,169.004646,0.000000,0.000000,169.004646,2.393733,1.505250,0.000000,9.806600,0.000000,0.000000,0.000000,0.720000,0.720000,1.610980,0.000000,0.000000,0.000000,0.000000,9.207127,0.081128,0.107655,0.101137,0.000000,0.000000,0.000000
1788402290559126065,1.879219,-1,-1.049705,0.758715,-1.559128,-1.049705,0.758715,-1.559128,0.000000,0.000000,0.000000,0.000000,-0.000693,0.115788,-0.122558,2.350769,1.667879,169.257050,0.000000,0.000000,169.257050,2.350769,1.667879,0.000000,9.806600,0.000000,0.000000,0.000000,0.720000,0.720000,1.610980,0.000000,0.000000,0.000000,0.000000,13.639774,0.039175,0.014477,0.077139,0.000000,0.000000,0.000000
1788402290592086389,1.912179,-1,-1.050371,0.754067,-1.569580,-1.050371,0.754067,-1.569580,0.000000,0.000000,0.000000,0.000000,0.003291,0.113428,-0.121929,2.416524,1.831987,169.443928,0.000000,0.000000,169.443928,2.416524,1.831987,0.000000,9.806600,0.000000,0.000000,0.000000,0.720000,0.720000,1.610980,0.000000,0.000000,0.000000,0.000000,14.846415,0.023866,-0.024583,0.066191,0.000000,0.000000,0.000000
1788402290625058381,1.945151,-1,-1.051315,0.747961,-1.582993,-1.051315,0.747961,-1.582993,0.000000,0.000000,0.000000,0.000000,0.003938,0.117112,-0.114068,2.486920,1.925178,169.584105,0.000000,0.000000,169.584105,2.486920,1.925178,0.000000,9.806600,0.000000,0.000000,0.000000,0.720000,0.720000,1.610980,0.000000,0.000000,0.000000,0.000000,14.729801,0.027228,-0.022122,0.043115,0.000000,0.000000,0.000000
1788402290658337025,1.978430,-1,-1.052024,0.743512,-1.591904,-1.052024,0.743512,-1.591904,0.000000,0.000000,0.000000,0.000000,0.004470,0.118951,-0.103222,2.506093,1.926152,169.645112,0.000000,0.000000,169.645112,2.506093,1.926152,0.000000,9.806600,0.000000,0.000000,0.000000,0.720000,0.720000,1.610980,0.000000,0.000000,0.000000,0.000000,13.186377,0.029829,-0.050191,0.026772,0.000000,0.000000,0.000000
1788402290690984655,2.011077,-1,-1.052785,0.739111,-1.600754,-1.052785,0.739111,-1.600754,0.000000,0.000000,0.000000,0.000000,0.004188,0.115840,-0.089417,2.533231,1.826249,169.723193,0.000000,0.000000,169.723193,2.533231,1.826249,0.000000,9.806600,0.000000,0.000000,0.000000,0.720000,0.720000,1.610980,0.000000,0.000000,0.000000,0.000000,10.158263,0.006559,-0.071294,0.033669,0.000000,0.000000,0.000000
1788402290723969721,2.044062,-1,-1.053630,0.734678,-1.610367,-1.053630,0.734678,-1.610367,0.000000,0.000000,0.000000,0.000000,0.006876,0.111442,-0.082809,2.562591,1.742468,169.753508,0.000000,0.000000,169.753508,2.562591,1.742468,0.000000,9.806600,0.000000,0.000000,0.000000,0.720000,0.720000,1.610980,0.000000,0.000000,0.000000,0.000000,9.092586,0.000532,-0.085630,0.030635,0.000000,0.000000,0.000000
1788402290756831205,2.076924,-1,-1.054681,0.729117,-1.621964,-1.054681,0.729117,-1.621964,0.000000,0.000000,0.000000,0.000000,0.003299,0.102474,-0.076260,2.695280,1.588756,169.788534,0.000000,0.000000,169.788534,2.695280,1.588756,0.000000,9.806600,0.000000,0.000000,0.000000,0.720000,0.720000,1.610980,0.000000,0.000000,0.000000,0.000000,8.868628,0.122580,-0.030821,-0.025595,0.000000,0.000000,0.000000
1788402290789900278,2.109993,-1,-1.055457,0.725100,-1.631454,-1.055457,0.725100,-1.631454,0.000000,0.000000,0.000000,0.000000,0.003121,0.103911,-0.074847,2.922634,1.383758,169.775733,0.000000,0.000000,169.775733,2.922634,1.383758,0.000000,9.806600,0.000000,0.000000,0.000000,0.720000,0.720000,1.610980,0.000000,0.000000,0.000000,0.000000,6.948485,0.092836,-0.030353,-0.033183,0.000000,0.000000,0.000000
1788402290822846058,2.142939,-1,-1.056240,0.721144,-1.641037,-1.056240,0.721144,-1.641037,0.000000,0.000000,0.000000,0.000000,0.000756,0.097723,-0.072694,2.985759,1.277910,169.749650,0.000000,0.000000,169.749650,2.985759,1.277910,0.000000,9.806600,0.000000,0.000000,0.000000,0.720000,0.720000,1.610980,0.000000,0.000000,0.000000,0.000000,7.409615,0.037924,-0.072140,-0.032886,0.000000,0.000000,0.000000
1788402290855887193,2.175980,-1,-1.057204,0.716239,-1.652817,-1.057204,0.716239,-1.652817,0.000000,0.000000,0.000000,0.000000,0.007992,0.092777,-0.078548,3.056822,1.138536,169.669713,0.000000,0.000000,169.669713,3.056822,1.138536,0.000000,9.806600,0.000000,0.000000,0.000000,0.720000,0.720000,1.610980,0.000000,0.000000,0.000000,0.000000,9.797642,0.001985,-0.042362,-0.033670,0.000000,0.000000,0.000000
1788402290888752992,2.208846,-1,-1.057922,0.712570,-1.662537,-1.057922,0.712570,-1.662537,0.000000,0.000000,0.000000,0.000000,0.002079,0.092379,-0.084055,3.093115,1.131629,169.591068,0.000000,0.000000,169.591068,3.093115,1.131629,0.000000,9.806600,0.000000,0.000000,0.000000,0.720000,0.720000,1.610980,0.000000,0.000000,0.000000,0.000000,10.905559,0.096874,-0.027790,-0.029643,0.000000,0.000000,0.000000
1788402290921714627,2.241807,-1,-1.058530,0.709106,-1.672272,-1.058530,0.709106,-1.672272,0.000000,0.000000,0.000000,0.000000,0.000697,0.085339,-0.077086,3.071311,1.134696,169.563421,0.000000,0.000000,169.563421,3.071311,1.134696,0.000000,9.806600,0.000000,0.000000,0.000000,0.720000,0.720000,1.610980,0.000000,0.000000,0.000000,0.000000,8.834323,0.047812,-0.049826,-0.022645,0.000000,0.000000,0.000000
1788402290954721877,2.274815,-1,-1.059194,0.704885,-1.684158,-1.059194,0.704885,-1.684158,0.000000,0.000000,0.000000,0.000000,0.000806,0.074731,-0.079701,3.008891,1.146771,169.497381,0.000000,0.000000,169.497381,3.008891,1.146771,0.000000,9.806600,0.000000,0.000000,0.000000,0.720000,0.720000,1.610980,0.000000,0.000000,0.000000,0.000000,9.928990,0.044546,-0.030149,-0.013618,0.000000,0.000000,0.000000
1788402290987700103,2.307793,-1,-1.059589,0.701805,-1.693985,-1.059589,0.701805,-1.693985,0.000000,0.000000,0.000000,0.000000,-0.004115,0.069695,-0.086828,3.028900,1.226145,169.467227,0.000000,0.000000,169.467227,3.028900,1.226145,0.000000,9.806600,0.000000,0.000000,0.000000,0.720000,0.720000,1.610980,0.000000,0.000000,0.000000,0.000000,11.224577,0.069766,0.012277,0.001464,0.000000,0.000000,0.000000
1788402291020612016,2.340705,-1,-1.059907,0.698865,-1.703934,-1.059907,0.698865,-1.703934,0.000000,0.000000,0.000000,0.000000,-0.006305,0.063013,-0.088622,3.016816,1.270357,169.481994,0.000000,0.000000,169.481994,3.016816,1.270357,0.000000,9.806600,0.000000,0.000000,0.000000,0.720000,0.720000,1.610980,0.000000,0.000000,0.000000,0.000000,10.609258,0.003401,0.018288,0.033453,0.000000,0.000000,0.000000
1788402291053609537,2.373702,-1,-1.060253,0.695291,-1.716217,-1.060253,0.695291,-1.716217,0.000000,0.000000,0.000000,0.000000,-0.001414,0.050357,-0.094722,2.980716,1.351604,169.529063,0.000000,0.000000,169.529063,2.980716,1.351604,0.000000,9.806600,0.000000,0.000000,0.000000,0.720000,0.720000,1.610980,0.000000,0.000000,0.000000,0.000000,12.356707,-0.062124,0.001579,0.014946,0.000000,0.000000,0.000000
1788402291086560067,2.406653,-1,-1.060441,0.692716,-1.726273,-1.060441,0.692716,-1.726273,0.000000,0.000000,0.000000,0.000000,-0.005082,0.046595,-0.100751,3.039773,1.481703,169.567688,0.000000,0.000000,169.567688,3.039773,1.481703,0.000000,9.806600,0.000000,0.000000,0.000000,0.720000,0.720000,1.610980,0.000000,0.000000,0.000000,0.000000,15.119948,0.009080,0.026738,0.012429,0.000000,0.000000,0.000000
1788402291119551803,2.439644,-1,-1.060481,0.690321,-1.736282,-1.060481,0.690321,-1.736282,0.000000,0.000000,0.000000,0.000000,-0.008681,0.043713,-0.098599,3.093871,1.522140,169.589307,0.000000,0.000000,169.589307,3.093871,1.522140,0.000000,9.806600,0.000000,0.000000,0.000000,0.720000,0.720000,1.610980,0.000000,0.000000,0.000000,0.000000,13.819476,-0.073431,0.019240,0.044600,0.000000,0.000000,0.000000
1788402291152507416,2.472600,-1,-1.060452,0.687303,-1.748474,-1.060452,0.687303,-1.748474,0.000000,0.000000,0.000000,0.000000,-0.009681,0.040721,-0.093136,3.154390,1.503709,169.658571,0.000000,0.000000,169.658571,3.154390,1.503709,0.000000,9.806600,0.000000,0.000000,0.000000,0.720000,0.720000,1.610980,0.000000,0.000000,0.000000,0.000000,12.510981,-0.090180,0.002057,0.051890,0.000000,0.000000,0.000000
1788402291185496530,2.505589,-1,-1.060342,0.685089,-1.758438,-1.060342,0.685089,-1.758438,0.000000,0.000000,0.000000,0.000000,-0.008443,0.034253,-0.093261,3.193476,1.396767,169.748003,0.000000,0.000000,169.748003,3.193476,1.396767,0.000000,9.806600,0.000000,0.000000,0.000000,0.720000,0.720000,1.610980,0.000000,0.000000,0.000000,0.000000,13.606874,-0.002916,0.023562,0.043445,0.000000,0.000000,0.000000
1788402291218427912,2.538521,-1,-1.060162,0.682991,-1.768402,-1.060162,0.682991,-1.768402,0.000000,0.000000,0.000000,0.000000,-0.010273,0.034059,-0.091297,3.278653,1.258726,169.849728,0.000000,0.000000,169.849728,3.278653,1.258726,0.000000,9.806600,0.000000,0.000000,0.000000,0.720000,0.720000,1.610980,0.000000,0.000000,0.000000,0.000000,11.032633,0.010906,-0.011288,0.057518,0.000000,0.000000,0.000000
1788402291251398293,2.571491,-1,-1.059863,0.680536,-1.780502,-1.059863,0.680536,-1.780502,0.000000,0.000000,0.000000,0.000000,-0.012912,0.028517,-0.080947,3.288253,1.180191,169.916617,0.000000,0.000000,169.916617,3.288253,1.180191,0.000000,9.806600,0.000000,0.000000,0.000000,0.720000,0.720000,1.610980,0.000000,0.000000,0.000000,0.000000,8.771893,-0.011003,-0.013845,0.061875,0.000000,0.000000,0.000000
1788402291284337219,2.604430,-1,-1.059683,0.678746,-1.790466,-1.059683,0.678746,-1.790466,0.000000,0.000000,0.000000,0.000000,-0.008669,0.020108,-0.076167,3.223761,1.070688,170.068931,0.000000,0.000000,170.068931,3.223761,1.070688,0.000000,9.806600,0.000000,0.000000,0.000000,0.720000,0.720000,1.610980,0.000000,0.000000,0.000000,0.000000,7.363641,-0.057681,0.012246,0.077731,0.000000,0.000000,0.000000
1788402291317315656,2.637408,-1,-1.059497,0.677140,-1.800446,-1.059497,0.677140,-1.800446,0.000000,0.000000,0.000000,0.000000,-0.010180,0.016789,-0.072927,3.212557,1.066397,170.154989,0.000000,0.000000,170.154989,3.212557,1.066397,0.000000,9.806600,0.000000,0.000000,0.000000,0.720000,0.720000,1.610980,0.000000,0.000000,0.000000,0.000000,7.238751,0.081697,0.012371,0.083278,0.000000,0.000000,0.000000
1788402291350313370,2.670406,-1,-1.059105,0.675432,-1.812500,-1.059105,0.675432,-1.812500,0.000000,0.000000,0.000000,0.000000,-0.013583,0.010071,-0.064771,3.256053,1.060202,170.358267,0.000000,0.000000,170.358267,3.256053,1.060202,0.000000,9.806600,0.000000,0.000000,0.000000,0.720000,0.720000,1.610980,0.000000,0.000000,0.000000,0.000000,6.043546,0.071182,0.022298,0.079728,0.000000,0.000000,0.000000
1788402291383253319,2.703346,-1,-1.058867,0.674275,-1.822189,-1.058867,0.674275,-1.822189,0.000000,0.000000,0.000000,0.000000,-0.013571,0.002326,-0.057636,3.291707,1.013284,170.568542,0.000000,0.000000,170.568542,3.291707,1.013284,0.000000,9.806600,0.000000,0.000000,0.000000,0.720000,0.720000,1.610980,0.000000,0.000000,0.000000,0.000000,4.721236,0.035335,-0.042755,0.095442,0.000000,0.000000,0.000000
1788402291416236839,2.736330,-1,-1.058644,0.673278,-1.831802,-1.058644,0.673278,-1.831802,0.000000,0.000000,0.000000,0.000000,-0.008879,-0.003707,-0.056274,3.303065,1.010711,170.675926,0.000000,0.000000,170.675926,3.303065,1.010711,0.000000,9.806600,0.000000,0.000000,0.000000,0.720000,0.720000,1.610980,0.000000,0.000000,0.000000,0.000000,6.011144,0.016257,-0.019722,0.097437,0.000000,0.000000,0.000000
1788402291449238996,2.769332,-1,-1.058288,0.672240,-1.843338,-1.058288,0.672240,-1.843338,0.000000,0.000000,0.000000,0.000000,-0.008888,-0.006579,-0.064392,3.309269,1.069106,170.907484,0.000000,0.000000,170.907484,3.309269,1.069106,0.000000,9.806600,0.000000,0.000000,0.000000,0.720000,0.720000,1.610980,0.000000,0.000000,0.000000,0.000000,10.388165,0.053249,0.024929,0.098821,0.000000,0.000000,0.000000
1788402291482157974,2.802251,-1,-1.058053,0.671436,-1.852692,-1.058053,0.671436,-1.852692,0.000000,0.000000,0.000000,0.000000,-0.009914,-0.010122,-0.066639,3.271886,1.172519,171.150341,0.000000,0.000000,171.150341,3.271886,1.172519,0.000000,9.806600,0.000000,0.000000,0.000000,0.720000,0.720000,1.610980,0.000000,0.000000,0.000000,0.000000,12.816897,0.063077,0.025311,0.085738,0.000000,0.000000,0.000000
1788402291515150893,2.835244,-1,-1.057783,0.670769,-1.861877,-1.057783,0.670769,-1.861877,0.000000,0.000000,0.000000,0.000000,-0.012823,-0.016102,-0.062026,3.147870,1.251337,171.377963,0.000000,0.000000,171.377963,3.147870,1.251337,0.000000,9.806600,0.000000,0.000000,0.000000,0.720000,0.720000,1.610980,0.000000,0.000000,0.000000,0.000000,12.880545,-0.065501,-0.005176,0.087561,0.000000,0.000000,0.000000
1788402291548110118,2.868203,-1,-1.057273,0.670299,-1.872681,-1.057273,0.670299,-1.872681,0.000000,0.000000,0.000000,0.000000,-0.013859,-0.029770,-0.055980,3.076582,1.272430,171.477525,0.000000,0.000000,171.477525,3.076582,1.272430,0.000000,9.806600,0.000000,0.000000,0.000000,0.720000,0.720000,1.610980,0.000000,0.000000,0.000000,0.000000,6.607189,-0.092343,0.060419,0.070931,0.000000,0.000000,0.000000
1788402291581056492,2.901149,-1,-1.056913,0.670026,-1.881454,-1.056913,0.670026,-1.881454,0.000000,0.000000,0.000000,0.000000,-0.011957,-0.036569,-0.053479,3.002504,1.365038,171.630377,0.000000,0.000000,171.630377,3.002504,1.365038,0.000000,9.806600,0.000000,0.000000,0.000000,0.720000,0.720000,1.610980,0.000000,0.000000,0.000000,0.000000,13.100634,-0.037656,0.077178,0.039179,0.000000,0.000000,0.000000
1788402291614042058,2.934135,-1,-1.056498,0.669900,-1.890152,-1.056498,0.669900,-1.890152,0.000000,0.000000,0.000000,0.000000,-0.013175,-0.043228,-0.051539,2.999281,1.434285,171.686447,0.000000,0.000000,171.686447,2.999281,1.434285,0.000000,9.806600,0.000000,0.000000,0.000000,0.720000,0.720000,1.610980,0.000000,0.000000,0.000000,0.000000,12.665175,-0.033033,0.033844,0.016675,0.000000,0.000000,0.000000
1788402291647047987,2.967141,-1,-1.055814,0.670217,-1.900513,-1.055814,0.670217,-1.900513,0.000000,0.000000,0.000000,0.000000,-0.016876,-0.050963,-0.040973,3.098018,1.538353,171.748170,0.000000,0.000000,171.748170,3.098018,1.538353,0.000000,9.806600,0.000000,0.000000,0.000000,0.720000,0.720000,1.610980,0.000000,0.000000,0.000000,0.000000,9.077497,0.150207,0.048598,0.008662,0.000000,0.000000,0.000000
1788402291679929595,3.000022,-1,-1.055207,0.671028,-1.908981,-1.055207,0.671028,-1.908981,0.000000,0.000000,0.000000,0.000000,-0.022671,-0.058589,-0.031038,3.184727,1.536514,171.751297,0.000000,0.000000,171.751297,3.184727,1.536514,0.000000,9.806600,0.000000,0.000000,0.000000,0.720000,0.720000,1.610980,0.000000,0.000000,0.000000,0.000000,9.246186,0.158002,-0.026229,-0.017771,0.000000,0.000000,0.000000
1788402291712929611,3.033022,-1,-1.054490,0.672164,-1.917389,-1.054490,0.672164,-1.917389,0.000000,0.000000,0.000000,0.000000,-0.024112,-0.063748,-0.027394,3.384267,1.539573,171.720126,0.000000,0.000000,171.720126,3.384267,1.539573,0.000000,9.806600,0.000000,0.000000,0.000000,0.720000,0.720000,1.610980,0.000000,0.000000,0.000000,0.000000,9.050170,0.158657,-0.044061,-0.032352,0.000000,0.000000,0.000000
1788402291747786231,3.067879,-1,-1.053661,0.673508,-1.925049,-1.053661,0.673508,-1.925049,0.000000,0.000000,0.000000,0.000000,-0.026908,-0.069630,-0.030608,3.418829,1.462690,171.642636,0.000000,0.000000,171.642636,3.418829,1.462690,0.000000,9.806600,0.000000,0.000000,0.000000,0.720000,0.720000,1.610980,0.000000,0.000000,0.000000,0.000000,10.710848,-0.027189,-0.078958,-0.044256,0.000000,0.000000,0.000000
1788402291778843265,3.098936,-1,-1.052387,0.675549,-1.935959,-1.052387,0.675549,-1.935959,0.000000,0.000000,0.000000,0.000000,-0.031537,-0.079577,-0.035075,3.474290,1.259375,171.516766,0.000000,0.000000,171.516766,3.474290,1.259375,0.000000,9.806600,0.000000,0.000000,0.000000,0.720000,0.720000,1.610980,0.000000,0.000000,0.000000,0.000000,7.148104,-0.149030,-0.059920,-0.054796,0.000000,0.000000,0.000000
1788402291811825219,3.131918,-1,-1.051369,0.677215,-1.944550,-1.051369,0.677215,-1.944550,0.000000,0.000000,0.000000,0.000000,-0.028646,-0.084096,-0.042672,3.441578,1.233997,171.454597,0.000000,0.000000,171.454597,3.441578,1.233997,0.000000,9.806600,0.000000,0.000000,0.000000,0.720000,0.720000,1.610980,0.000000,0.000000,0.000000,0.000000,13.535478,-0.157720,-0.036656,-0.056954,0.000000,0.000000,0.000000
1788402291844840323,3.164933,-1,-1.049994,0.679722,-1.955124,-1.049994,0.679722,-1.955124,0.000000,0.000000,0.000000,0.000000,-0.031758,-0.088369,-0.050721,3.158972,1.112053,171.321536,0.000000,0.000000,171.321536,3.158972,1.112053,0.000000,9.806600,0.000000,0.000000,0.000000,0.720000,0.720000,1.610980,0.000000,0.000000,0.000000,0.000000,5.478968,-0.099659,0.028062,-0.051998,0.000000,0.000000,0.000000
1788402291877728932,3.197822,-1,-1.048799,0.681817,-1.964050,-1.048799,0.681817,-1.964050,0.000000,0.000000,0.000000,0.000000,-0.034348,-0.092935,-0.050892,3.000020,1.118165,171.211617,0.000000,0.000000,171.211617,3.000020,1.118165,0.000000,9.806600,0.000000,0.000000,0.000000,0.720000,0.720000,1.610980,0.000000,0.000000,0.000000,0.000000,7.581454,-0.068800,0.005157,-0.070556,0.000000,0.000000,0.000000
1788402291910735661,3.230828,-1,-1.047515,0.684043,-1.973206,-1.047515,0.684043,-1.973206,0.000000,0.000000,0.000000,0.000000,-0.032971,-0.104324,-0.055285,2.974240,1.135794,171.081059,0.000000,0.000000,171.081059,2.974240,1.135794,0.000000,9.806600,0.000000,0.000000,0.000000,0.720000,0.720000,1.610980,0.000000,0.000000,0.000000,0.000000,8.544868,-0.100845,0.058720,-0.080331,0.000000,0.000000,0.000000
1788402291943732000,3.263825,-1,-1.045717,0.687226,-1.984512,-1.045717,0.687226,-1.984512,0.000000,0.000000,0.000000,0.000000,-0.033792,-0.107792,-0.067250,2.795428,1.222402,170.985890,0.000000,0.000000,170.985890,2.795428,1.222402,0.000000,9.806600,0.000000,0.000000,0.000000,0.720000,0.720000,1.610980,0.000000,0.000000,0.000000,0.000000,12.406648,-0.084794,0.112940,-0.096256,0.000000,0.000000,0.000000
1788402291976592541,3.296685,-1,-1.044238,0.689748,-1.994034,-1.044238,0.689748,-1.994034,0.000000,0.000000,0.000000,0.000000,-0.036178,-0.109147,-0.069583,2.797117,1.270760,170.816741,0.000000,0.000000,170.816741,2.797117,1.270760,0.000000,9.806600,0.000000,0.000000,0.000000,0.720000,0.720000,1.610980,0.000000,0.000000,0.000000,0.000000,7.425829,-0.019290,0.081436,-0.097442,0.000000,0.000000,0.000000
1788402292009604587,3.329697,-1,-1.042706,0.692404,-2.003784,-1.042706,0.692404,-2.003784,0.000000,0.000000,0.000000,0.000000,-0.036102,-0.112306,-0.075300,2.689634,1.425242,170.689953,0.000000,0.000000,170.689953,2.689634,1.425242,0.000000,9.806600,0.000000,0.000000,0.000000,0.720000,0.720000,1.610980,0.000000,0.000000,0.000000,0.000000,9.848909,-0.092312,0.095023,-0.080833,0.000000,0.000000,0.000000
1788402292042573127,3.362666,-1,-1.041169,0.695200,-2.013077,-1.041169,0.695200,-2.013077,0.000000,0.000000,0.000000,0.000000,-0.033302,-0.119706,-0.079706,2.730689,1.512774,170.513114,0.000000,0.000000,170.513114,2.730689,1.512774,0.000000,9.806600,0.000000,0.000000,0.000000,0.720000,0.720000,1.610980,0.000000,0.000000,0.000000,0.000000,10.460890,-0.000543,0.090837,-0.092301,0.000000,0.000000,0.000000
1788402292075432559,3.395525,-1,-1.038981,0.699111,-2.026199,-1.038981,0.699111,-2.026199,0.000000,0.000000,0.000000,0.000000,-0.029030,-0.120925,-0.089552,2.622291,1.724146,170.287385,0.000000,0.000000,170.287385,2.622291,1.724146,0.000000,9.806600,0.000000,0.000000,0.000000,0.720000,0.720000,1.610980,0.000000,0.000000,0.000000,0.000000,7.818595,0.051573,0.094896,-0.087881,0.000000,0.000000,0.000000
1788402292108587571,3.428680,-1,-1.037245,0.702136,-2.036438,-1.037245,0.702136,-2.036438,0.000000,0.000000,0.000000,0.000000,-0.027860,-0.119112,-0.091944,2.648800,1.714819,170.214143,0.000000,0.000000,170.214143,2.648800,1.714819,0.000000,9.806600,0.000000,0.000000,0.000000,0.720000,0.720000,1.610980,0.000000,0.000000,0.000000,0.000000,8.161332,0.037772,0.066053,-0.087825,0.000000,0.000000,0.000000
1788402292141538561,3.461631,-1,-1.034968,0.706334,-2.048950,-1.034968,0.706334,-2.048950,0.000000,0.000000,0.000000,0.000000,-0.028411,-0.120182,-0.084446,2.550568,1.847141,169.959973,0.000000,0.000000,169.959973,2.550568,1.847141,0.000000,9.806600,0.000000,0.000000,0.000000,0.720000,0.720000,1.610980,0.000000,0.000000,0.000000,0.000000,10.846047,-0.016141,-0.005304,-0.071322,0.000000,0.000000,0.000000
1788402292174349656,3.494442,-1,-1.033253,0.709671,-2.059097,-1.033253,0.709671,-2.059097,0.000000,0.000000,0.000000,0.000000,-0.027906,-0.131607,-0.078068,2.504355,1.880894,169.802913,0.000000,0.000000,169.802913,2.504355,1.880894,0.000000,9.806600,0.000000,0.000000,0.000000,0.720000,0.720000,1.610980,0.000000,0.000000,0.000000,0.000000,14.301079,0.113690,-0.004395,-0.058485,0.000000,0.000000,0.000000
1788402292207448596,3.527541,-1,-1.031512,0.713183,-2.069199,-1.031512,0.713183,-2.069199,0.000000,0.000000,0.000000,0.000000,-0.025554,-0.139715,-0.078023,2.611729,1.949973,169.682696,0.000000,0.000000,169.682696,2.611729,1.949973,0.000000,9.806600,0.000000,0.000000,0.000000,0.720000,0.720000,1.610980,0.000000,0.000000,0.000000,0.000000,13.541552,0.154613,0.003467,-0.056700,0.000000,0.000000,0.000000
1788402292240426151,3.560519,-1,-1.029794,0.716799,-2.078583,-1.029794,0.716799,-2.078583,0.000000,0.000000,0.000000,0.000000,-0.024755,-0.143249,-0.086218,2.647996,1.967656,169.643291,0.000000,0.000000,169.643291,2.647996,1.967656,0.000000,9.806600,0.000000,0.000000,0.000000,0.720000,0.720000,1.610980,0.000000,0.000000,0.000000,0.000000,12.218760,0.108769,0.025518,-0.048471,0.000000,0.000000,0.000000
1788402292273382448,3.593475,-1,-1.027534,0.721741,-2.091415,-1.027534,0.721741,-2.091415,0.000000,0.000000,0.000000,0.000000,-0.026401,-0.141322,-0.085152,2.653905,1.956041,169.585342,0.000000,0.000000,169.585342,2.653905,1.956041,0.000000,9.806600,0.000000,0.000000,0.000000,0.720000,0.720000,1.610980,0.000000,0.000000,0.000000,0.000000,9.825624,0.083110,-0.053122,-0.012912,0.000000,0.000000,0.000000
1788402292306282288,3.626375,-1,-1.025772,0.725612,-2.101059,-1.025772,0.725612,-2.101059,0.000000,0.000000,0.000000,0.000000,-0.026626,-0.143567,-0.083717,2.663173,1.933307,169.569900,0.000000,0.000000,169.569900,2.663173,1.933307,0.000000,9.806600,0.000000,0.000000,0.000000,0.720000,0.720000,1.610980,0.000000,0.000000,0.000000,0.000000,12.473063,-0.036426,0.007340,0.013485,0.000000,0.000000,0.000000
1788402292339378702,3.659471,-1,-1.024011,0.729618,-2.109909,-1.024011,0.729618,-2.109909,0.000000,0.000000,0.000000,0.000000,-0.024465,-0.148697,-0.083817,2.751208,1.856457,169.572847,0.000000,0.000000,169.572847,2.751208,1.856457,0.000000,9.806600,0.000000,0.000000,0.000000,0.720000,0.720000,1.610980,0.000000,0.000000,0.000000,0.000000,6.277604,0.028600,-0.025364,0.016445,0.000000,0.000000,0.000000
1788402292372312876,3.692406,-1,-1.021644,0.735189,-2.122528,-1.021644,0.735189,-2.122528,0.000000,0.000000,0.000000,0.000000,-0.021527,-0.154131,-0.079912,2.848612,1.793091,169.610394,0.000000,0.000000,169.610394,2.848612,1.793091,0.000000,9.806600,0.000000,0.000000,0.000000,0.720000,0.720000,1.610980,0.000000,0.000000,0.000000,0.000000,4.166151,0.127835,-0.019382,0.014026,0.000000,0.000000,0.000000
1788402292405225951,3.725319,-1,-1.019820,0.739541,-2.131287,-1.019820,0.739541,-2.131287,0.000000,0.000000,0.000000,0.000000,-0.024735,-0.156590,-0.068850,2.866414,1.760992,169.636655,0.000000,0.000000,169.636655,2.866414,1.760992,0.000000,9.806600,0.000000,0.000000,0.000000,0.720000,0.720000,1.610980,0.000000,0.000000,0.000000,0.000000,3.991043,-0.017042,0.054493,0.015794,0.000000,0.000000,0.000000
1788402292438210603,3.758303,-1,-1.017926,0.744042,-2.139069,-1.017926,0.744042,-2.139069,0.000000,0.000000,0.000000,0.000000,-0.028796,-0.158805,-0.059528,2.866059,1.697354,169.692537,0.000000,0.000000,169.692537,2.866059,1.697354,0.000000,9.806600,0.000000,0.000000,0.000000,0.720000,0.720000,1.610980,0.000000,0.000000,0.000000,0.000000,4.473293,-0.071353,0.020125,0.023905,0.000000,0.000000,0.000000
1788402292471184834,3.791278,-1,-1.015165,0.750300,-2.149551,-1.015165,0.750300,-2.149551,0.000000,0.000000,0.000000,0.000000,-0.035051,-0.163980,-0.045622,2.833953,1.654402,169.746576,0.000000,0.000000,169.746576,2.833953,1.654402,0.000000,9.806600,0.000000,0.000000,0.000000,0.720000,0.720000,1.610980,0.000000,0.000000,0.000000,0.000000,5.746822,-0.112491,0.004474,0.031990,0.000000,0.000000,0.000000
1788402292504146501,3.824239,-1,-1.012926,0.755191,-2.157516,-1.012926,0.755191,-2.157516,0.000000,0.000000,0.000000,0.000000,-0.038568,-0.169483,-0.037084,2.818417,1.626936,169.795627,0.000000,0.000000,169.795627,2.818417,1.626936,0.000000,9.806600,0.000000,0.000000,0.000000,0.720000,0.720000,1.610980,0.000000,0.000000,0.000000,0.000000,7.195920,-0.121249,0.027431,0.035154,0.000000,0.000000,0.000000
1788402292539810846,3.859904,-1,-1.010568,0.760251,-2.164612,-1.010568,0.760251,-2.164612,0.000000,0.000000,0.000000,0.000000,-0.039776,-0.177866,-0.028779,2.815173,1.605683,169.823218,0.000000,0.000000,169.823218,2.815173,1.605683,0.000000,9.806600,0.000000,0.000000,0.000000,0.720000,0.720000,1.610980,0.000000,0.000000,0.000000,0.000000,7.459449,-0.084651,0.045855,0.027399,0.000000,0.000000,0.000000
1788402292570090199,3.890183,-1,-1.007058,0.767261,-2.175064,-1.007058,0.767261,-2.175064,0.000000,0.000000,0.000000,0.000000,-0.044409,-0.180235,-0.024367,2.759186,1.543998,169.883287,0.000000,0.000000,169.883287,2.759186,1.543998,0.000000,9.806600,0.000000,0.000000,0.000000,0.720000,0.720000,1.610980,0.000000,0.000000,0.000000,0.000000,7.997206,-0.067591,0.045155,0.026621,0.000000,0.000000,0.000000
1788402292603035658,3.923128,-1,-1.004256,0.772601,-2.182541,-1.004256,0.772601,-2.182541,0.000000,0.000000,0.000000,0.000000,-0.049991,-0.181567,-0.021002,2.689666,1.486136,169.916988,0.000000,0.000000,169.916988,2.689666,1.486136,0.000000,9.806600,0.000000,0.000000,0.000000,0.720000,0.720000,1.610980,0.000000,0.000000,0.000000,0.000000,8.334123,-0.156653,-0.008911,0.037283,0.000000,0.000000,0.000000
1788402292635996717,3.956089,-1,-1.001401,0.778024,-2.189331,-1.001401,0.778024,-2.189331,0.000000,0.000000,0.000000,0.000000,-0.055936,-0.182811,-0.018075,2.453308,1.390659,169.981167,0.000000,0.000000,169.981167,2.453308,1.390659,0.000000,9.806600,0.000000,0.000000,0.000000,0.720000,0.720000,1.610980,0.000000,0.000000,0.000000,0.000000,11.174347,-0.212064,0.019574,0.019571,0.000000,0.000000,0.000000
1788402292668989298,3.989082,-1,-0.997546,0.785398,-2.198990,-0.997546,0.785398,-2.198990,0.000000,0.000000,0.000000,0.000000,-0.052830,-0.190818,-0.011446,2.225361,1.420537,170.033242,0.000000,0.000000,170.033242,2.225361,1.420537,0.000000,9.806600,0.000000,0.000000,0.000000,0.720000,0.720000,1.610980,0.000000,0.000000,0.000000,0.000000,13.186659,-0.108552,0.089928,0.005455,0.000000,0.000000,0.000000
1788402292701918677,4.022011,-1,-0.994664,0.791016,-2.206558,-0.994664,0.791016,-2.206558,0.000000,0.000000,0.000000,0.000000,-0.053868,-0.196348,-0.018673,2.099667,1.486744,170.055896,0.000000,0.000000,170.055896,2.099667,1.486744,0.000000,9.806600,0.000000,0.000000,0.000000,0.720000,0.720000,1.610980,0.000000,0.000000,0.000000,0.000000,11.835752,-0.130969,0.092241,0.008956,0.000000,0.000000,0.000000
1788402292734963590,4.055056,-1,-0.991796,0.796576,-2.213516,-0.991796,0.796576,-2.213516,0.000000,0.000000,0.000000,0.000000,-0.053779,-0.192057,-0.026922,1.809188,1.655188,170.117819,0.000000,0.000000,170.117819,1.809188,1.655188,0.000000,9.806600,0.000000,0.000000,0.000000,0.720000,0.720000,1.610980,0.000000,0.000000,0.000000,0.000000,10.341760,-0.089635,0.066114,0.021739,0.000000,0.000000,0.000000
1788402292767898243,4.087991,-1,-0.988016,0.803899,-2.224045,-0.988016,0.803899,-2.224045,0.000000,0.000000,0.000000,0.000000,-0.060183,-0.182201,-0.027962,1.464212,1.776148,170.201544,0.000000,0.000000,170.201544,1.464212,1.776148,0.000000,9.806600,0.000000,0.000000,0.000000,0.720000,0.720000,1.610980,0.000000,0.000000,0.000000,0.000000,9.593159,-0.244055,0.018551,0.042434,0.000000,0.000000,0.000000
1788402292800845748,4.120938,-1,-0.985245,0.809309,-2.231644,-0.985245,0.809309,-2.231644,0.000000,0.000000,0.000000,0.000000,-0.056125,-0.189795,-0.024465,1.285754,1.826073,170.251952,0.000000,0.000000,170.251952,1.285754,1.826073,0.000000,9.806600,0.000000,0.000000,0.000000,0.720000,0.720000,1.610980,0.000000,0.000000,0.000000,0.000000,12.617982,-0.168586,0.022174,0.045578,0.000000,0.000000,0.000000
1788402292833824135,4.153917,-1,-0.982559,0.814761,-2.238525,-0.982559,0.814761,-2.238525,0.000000,0.000000,0.000000,0.000000,-0.049848,-0.192412,-0.028170,1.070616,1.938838,170.369986,0.000000,0.000000,170.369986,1.070616,1.938838,0.000000,9.806600,0.000000,0.000000,0.000000,0.720000,0.720000,1.610980,0.000000,0.000000,0.000000,0.000000,11.661624,-0.075053,0.104898,0.049235,0.000000,0.000000,0.000000
1788402292866750093,4.186843,-1,-0.979126,0.822002,-2.248840,-0.979126,0.822002,-2.248840,0.000000,0.000000,0.000000,0.000000,-0.049530,-0.188806,-0.033744,0.974043,2.060727,170.537418,0.000000,0.000000,170.537418,0.974043,2.060727,0.000000,9.806600,0.000000,0.000000,0.000000,0.720000,0.720000,1.610980,0.000000,0.000000,0.000000,0.000000,9.277545,-0.023833,0.074527,0.069355,0.000000,0.000000,0.000000
1788402292899754182,4.219847,-1,-0.976627,0.827399,-2.256165,-0.976627,0.827399,-2.256165,0.000000,0.000000,0.000000,0.000000,-0.051048,-0.183878,-0.028645,0.942195,2.150382,170.740591,0.000000,0.000000,170.740591,0.942195,2.150382,0.000000,9.806600,0.000000,0.000000,0.000000,0.720000,0.720000,1.610980,0.000000,0.000000,0.000000,0.000000,9.489678,-0.086370,0.019546,0.090185,0.000000,0.000000,0.000000
1788402292932733688,4.252826,-1,-0.974203,0.832711,-2.262741,-0.974203,0.832711,-2.262741,0.000000,0.000000,0.000000,0.000000,-0.049729,-0.181246,-0.023050,0.947176,2.190102,170.846321,0.000000,0.000000,170.846321,0.947176,2.190102,0.000000,9.806600,0.000000,0.000000,0.000000,0.720000,0.720000,1.610980,0.000000,0.000000,0.000000,0.000000,10.381659,-0.072036,0.025890,0.091626,0.000000,0.000000,0.000000
1788402292965688417,4.285781,-1,-0.971155,0.839732,-2.271866,-0.971155,0.839732,-2.271866,0.000000,0.000000,0.000000,0.000000,-0.041262,-0.177064,-0.020673,0.979993,2.268843,171.068386,0.000000,0.000000,171.068386,0.979993,2.268843,0.000000,9.806600,0.000000,0.000000,0.000000,0.720000,0.720000,1.610980,0.000000,0.000000,0.000000,0.000000,11.484020,-0.019880,0.081015,0.093867,0.000000,0.000000,0.000000
1788402292998649605,4.318742,-1,-0.968992,0.844940,-2.278824,-0.968992,0.844940,-2.278824,0.000000,0.000000,0.000000,0.000000,-0.037219,-0.173231,-0.023523,0.981465,2.325841,171.285553,0.000000,0.000000,171.285553,0.981465,2.325841,0.000000,9.806600,0.000000,0.000000,0.000000,0.720000,0.720000,1.610980,0.000000,0.000000,0.000000,0.000000,8.895199,0.032227,0.069867,0.092840,0.000000,0.000000,0.000000
1788402293031614913,4.351708,-1,-0.966914,0.850038,-2.284973,-0.966914,0.850038,-2.284973,0.000000,0.000000,0.000000,0.000000,-0.035516,-0.170303,-0.028528,0.966047,2.321440,171.392100,0.000000,0.000000,171.392100,0.966047,2.321440,0.000000,9.806600,0.000000,0.000000,0.000000,0.720000,0.720000,1.610980,0.000000,0.000000,0.000000,0.000000,6.436458,0.017865,0.024849,0.096282,0.000000,0.000000,0.000000
1788402293064593278,4.384686,-1,-0.964834,0.855119,-2.291672,-0.964834,0.855119,-2.291672,0.000000,0.000000,0.000000,0.000000,-0.035291,-0.167506,-0.024826,0.910579,2.243389,171.610205,0.000000,0.000000,171.610205,0.910579,2.243389,0.000000,9.806600,0.000000,0.000000,0.000000,0.720000,0.720000,1.610980,0.000000,0.000000,0.000000,0.000000,3.923663,-0.005539,0.037098,0.096108,0.000000,0.000000,0.000000
1788402293097537691,4.417630,-1,-0.962215,0.861820,-2.300217,-0.962215,0.861820,-2.300217,0.000000,0.000000,0.000000,0.000000,-0.032631,-0.163236,-0.015360,0.912244,2.206324,171.714461,0.000000,0.000000,171.714461,0.912244,2.206324,0.000000,9.806600,0.000000,0.000000,0.000000,0.720000,0.720000,1.610980,0.000000,0.000000,0.000000,0.000000,3.266853,0.016260,-0.070343,0.093394,0.000000,0.000000,0.000000
1788402293130494796,4.450587,-1,-0.960410,0.866722,-2.305679,-0.960410,0.866722,-2.305679,0.000000,0.000000,0.000000,0.000000,-0.034262,-0.159854,-0.003136,0.928496,2.222267,171.901572,0.000000,0.000000,171.901572,0.928496,2.222267,0.000000,9.806600,0.000000,0.000000,0.000000,0.720000,0.720000,1.610980,0.000000,0.000000,0.000000,0.000000,13.499393,0.031691,-0.024793,0.083937,0.000000,0.000000,0.000000
1788402293163479810,4.483572,-1,-0.958175,0.873085,-2.313202,-0.958175,0.873085,-2.313202,0.000000,0.000000,0.000000,0.000000,-0.027659,-0.148334,0.008337,0.957126,2.171293,172.140732,0.000000,0.000000,172.140732,0.957126,2.171293,0.000000,9.806600,0.000000,0.000000,0.000000,0.720000,0.720000,1.610980,0.000000,0.000000,0.000000,0.000000,10.810070,0.018840,-0.025088,0.096345,0.000000,0.000000,0.000000
1788402293196468373,4.516561,-1,-0.956663,0.877689,-2.319077,-0.956663,0.877689,-2.319077,0.000000,0.000000,0.000000,0.000000,-0.024772,-0.148065,0.013863,0.865669,2.161069,172.347012,0.000000,0.000000,172.347012,0.865669,2.161069,0.000000,9.806600,0.000000,0.000000,0.000000,0.720000,0.720000,1.610980,0.000000,0.000000,0.000000,0.000000,13.406571,-0.029873,-0.014179,0.086673,0.000000,0.000000,0.000000
1788402293229396994,4.549490,-1,-0.955253,0.882184,-2.324295,-0.955253,0.882184,-2.324295,0.000000,0.000000,0.000000,0.000000,-0.021481,-0.144383,0.012798,0.785012,2.143023,172.451757,0.000000,0.000000,172.451757,0.785012,2.143023,0.000000,9.806600,0.000000,0.000000,0.000000,0.720000,0.720000,1.610980,0.000000,0.000000,0.000000,0.000000,12.943475,-0.015806,-0.031859,0.085184,0.000000,0.000000,0.000000
1788402293262361132,4.582454,-1,-0.953889,0.886594,-2.330338,-0.953889,0.886594,-2.330338,0.000000,0.000000,0.000000,0.000000,-0.022920,-0.135964,0.005603,0.626217,2.087171,172.643439,0.000000,0.000000,172.643439,0.626217,2.087171,0.000000,9.806600,0.000000,0.000000,0.000000,0.720000,0.720000,1.610980,0.000000,0.000000,0.000000,0.000000,11.411777,-0.122899,-0.052532,0.083982,0.000000,0.000000,0.000000
1788402293295402636,4.615495,-1,-0.953889,0.886594,-2.330338,-0.953889,0.886594,-2.330338,0.000000,0.000000,0.000000,0.000000,-0.022920,-0.135964,0.005603,0.626217,2.087171,172.643439,0.000000,0.000000,172.643439,0.626217,2.087171,0.000000,9.806600,0.000000,0.000000,0.000000,0.720000,0.720000,1.610980,0.000000,0.000000,0.000000,0.000000,11.406850,-0.135595,-0.051106,0.070423,0.000000,0.000000,0.000000
1788402293328293533,4.648386,-1,-0.950983,0.896259,-2.343796,-0.950983,0.896259,-2.343796,0.000000,0.000000,0.000000,0.000000,-0.017270,-0.121459,-0.002911,0.408948,2.069811,172.846010,0.000000,0.000000,172.846010,0.408948,2.069811,0.000000,9.806600,0.000000,0.000000,0.000000,0.720000,0.720000,1.610980,0.000000,0.000000,0.000000,0.000000,11.990367,-0.033188,0.049366,0.048584,0.000000,0.000000,0.000000
1788402293361241654,4.681334,-1,-0.949828,0.900277,-2.350143,-0.949828,0.900277,-2.350143,0.000000,0.000000,0.000000,0.000000,-0.015000,-0.122158,-0.013800,0.446128,2.037066,172.939323,0.000000,0.000000,172.939323,0.446128,2.037066,0.000000,9.806600,0.000000,0.000000,0.000000,0.720000,0.720000,1.610980,0.000000,0.000000,0.000000,0.000000,8.057277,0.064326,0.047808,0.029571,0.000000,0.000000,0.000000
1788402293394290576,4.714383,-1,-0.949828,0.900277,-2.350143,-0.949828,0.900277,-2.350143,0.000000,0.000000,0.000000,0.000000,-0.015000,-0.122158,-0.013800,0.446128,2.037066,172.939323,0.000000,0.000000,172.939323,0.446128,2.037066,0.000000,9.806600,0.000000,0.000000,0.000000,0.720000,0.720000,1.610980,0.000000,0.000000,0.000000,0.000000,5.174733,0.108553,-0.026064,0.026105,0.000000,0.000000,0.000000
1788402293430274516,4.750367,-1,-0.948346,0.905382,-2.358490,-0.948346,0.905382,-2.358490,0.000000,0.000000,0.000000,0.000000,-0.016185,-0.116183,-0.024801,0.485938,1.996500,172.971907,0.000000,0.000000,172.971907,0.485938,1.996500,0.000000,9.806600,0.000000,0.000000,0.000000,0.720000,0.720000,1.610980,0.000000,0.000000,0.000000,0.000000,7.161977,0.008471,-0.068312,0.025605,0.000000,0.000000,0.000000
1788402293460162522,4.780255,-1,-0.947313,0.908985,-2.364044,-0.947313,0.908985,-2.364044,0.000000,0.000000,0.000000,0.000000,-0.017886,-0.107834,-0.015660,0.506866,1.901466,173.012731,0.000000,0.000000,173.012731,0.506866,1.901466,0.000000,9.806600,0.000000,0.000000,0.000000,0.720000,0.720000,1.610980,0.000000,0.000000,0.000000,0.000000,10.928638,-0.028258,-0.044963,-0.003546,0.000000,0.000000,0.000000
1788402293493230593,4.813323,-1,-0.946197,0.912543,-2.370331,-0.946197,0.912543,-2.370331,0.000000,0.000000,0.000000,0.000000,-0.015848,-0.097562,-0.010561,0.525146,1.845797,173.011117,0.000000,0.000000,173.011117,0.525146,1.845797,0.000000,9.806600,0.000000,0.000000,0.000000,0.720000,0.720000,1.610980,0.000000,0.000000,0.000000,0.000000,12.147277,0.007845,-0.007145,-0.032466,0.000000,0.000000,0.000000
1788402293526162187,4.846255,-1,-0.944737,0.917152,-2.378693,-0.944737,0.917152,-2.378693,0.000000,0.000000,0.000000,0.000000,-0.012901,-0.097224,-0.016173,0.566496,1.845959,172.989521,0.000000,0.000000,172.989521,0.566496,1.845959,0.000000,9.806600,0.000000,0.000000,0.000000,0.720000,0.720000,1.610980,0.000000,0.000000,0.000000,0.000000,7.650258,0.031573,0.069548,-0.012498,0.000000,0.000000,0.000000
1788402293559091446,4.879184,-1,-0.943756,0.920405,-2.384445,-0.943756,0.920405,-2.384445,0.000000,0.000000,0.000000,0.000000,-0.011448,-0.095469,-0.022278,0.686941,1.894108,172.974917,0.000000,0.000000,172.974917,0.686941,1.894108,0.000000,9.806600,0.000000,0.000000,0.000000,0.720000,0.720000,1.610980,0.000000,0.000000,0.000000,0.000000,9.222818,-0.015139,0.032068,-0.019350,0.000000,0.000000,0.000000
1788402293592223009,4.912316,-1,-0.942863,0.923521,-2.391006,-0.942863,0.923521,-2.391006,0.000000,0.000000,0.000000,0.000000,-0.007125,-0.084316,-0.032826,0.755725,1.986616,172.911282,0.000000,0.000000,172.911282,0.755725,1.986616,0.000000,9.806600,0.000000,0.000000,0.000000,0.720000,0.720000,1.610980,0.000000,0.000000,0.000000,0.000000,10.323824,0.014940,0.012613,-0.023863,0.000000,0.000000,0.000000
1788402293625088489,4.945181,-1,-0.941740,0.927536,-2.399918,-0.941740,0.927536,-2.399918,0.000000,0.000000,0.000000,0.000000,-0.011299,-0.081437,-0.042464,0.785445,2.040825,172.881848,0.000000,0.000000,172.881848,0.785445,2.040825,0.000000,9.806600,0.000000,0.000000,0.000000,0.720000,0.720000,1.610980,0.000000,0.000000,0.000000,0.000000,7.027283,0.001881,-0.001351,-0.023421,0.000000,0.000000,0.000000
1788402293657972832,4.978066,-1,-0.940896,0.930435,-2.405991,-0.940896,0.930435,-2.405991,0.000000,0.000000,0.000000,0.000000,-0.014976,-0.083042,-0.044526,0.799063,2.093603,172.830359,0.000000,0.000000,172.830359,0.799063,2.093603,0.000000,9.806600,0.000000,0.000000,0.000000,0.720000,0.720000,1.610980,0.000000,0.000000,0.000000,0.000000,9.139544,0.149159,0.020173,-0.019937,0.000000,0.000000,0.000000
1788402293691016926,5.011110,-1,-0.940147,0.933283,-2.412140,-0.940147,0.933283,-2.412140,0.000000,0.000000,0.000000,0.000000,-0.011315,-0.083015,-0.037270,0.941468,2.115499,172.774970,0.000000,0.000000,172.774970,0.941468,2.115499,0.000000,9.806600,0.000000,0.000000,0.000000,0.720000,0.720000,1.610980,0.000000,0.000000,0.000000,0.000000,10.246803,-0.031813,-0.002484,-0.019766,0.000000,0.000000,0.000000
1788402293723981928,5.044075,-1,-0.939408,0.937099,-2.420975,-0.939408,0.937099,-2.420975,0.000000,0.000000,0.000000,0.000000,-0.001390,-0.075491,-0.036890,0.922944,2.164864,172.728954,0.000000,0.000000,172.728954,0.922944,2.164864,0.000000,9.806600,0.000000,0.000000,0.000000,0.720000,0.720000,1.610980,0.000000,0.000000,0.000000,0.000000,9.106582,0.032133,0.010592,-0.006448,0.000000,0.000000,0.000000
1788402293756875381,5.076968,-1,-0.938980,0.939885,-2.426895,-0.938980,0.939885,-2.426895,0.000000,0.000000,0.000000,0.000000,0.000253,-0.078223,-0.037657,1.063993,2.232617,172.725964,0.000000,0.000000,172.725964,1.063993,2.232617,0.000000,9.806600,0.000000,0.000000,0.000000,0.720000,0.720000,1.610980,0.000000,0.000000,0.000000,0.000000,10.500013,-0.004571,0.025749,-0.004195,0.000000,0.000000,0.000000
1788402293789882679,5.109975,-1,-0.938640,0.942762,-2.433487,-0.938640,0.942762,-2.433487,0.000000,0.000000,0.000000,0.000000,0.000103,-0.074036,-0.035984,1.178624,2.361903,172.725754,0.000000,0.000000,172.725754,1.178624,2.361903,0.000000,9.806600,0.000000,0.000000,0.000000,0.720000,0.720000,1.610980,0.000000,0.000000,0.000000,0.000000,12.161605,-0.100439,-0.046310,-0.003995,0.000000,0.000000,0.000000
1788402293822862322,5.142955,-1,-0.938252,0.946409,-2.442169,-0.938252,0.946409,-2.442169,0.000000,0.000000,0.000000,0.000000,0.002472,-0.065682,-0.028411,1.213272,2.468475,172.725515,0.000000,0.000000,172.725515,1.213272,2.468475,0.000000,9.806600,0.000000,0.000000,0.000000,0.720000,0.720000,1.610980,0.000000,0.000000,0.000000,0.000000,4.377532,-0.031760,0.117730,0.011808,0.000000,0.000000,0.000000
1788402293855777547,5.175870,-1,-0.938098,0.949021,-2.448181,-0.938098,0.949021,-2.448181,0.000000,0.000000,0.000000,0.000000,0.006601,-0.059571,-0.035897,1.163503,2.509311,172.736862,0.000000,0.000000,172.736862,1.163503,2.509311,0.000000,9.806600,0.000000,0.000000,0.000000,0.720000,0.720000,1.610980,0.000000,0.000000,0.000000,0.000000,8.507096,0.083730,0.100037,0.015398,0.000000,0.000000,0.000000
1788402293888855561,5.208948,-1,-0.938026,0.951768,-2.454956,-0.938026,0.951768,-2.454956,0.000000,0.000000,0.000000,0.000000,0.009988,-0.067062,-0.048125,1.036202,2.636761,172.790965,0.000000,0.000000,172.790965,1.036202,2.636761,0.000000,9.806600,0.000000,0.000000,0.000000,0.720000,0.720000,1.610980,0.000000,0.000000,0.000000,0.000000,11.226122,0.032420,0.047670,0.023029,0.000000,0.000000,0.000000
1788402293921753426,5.241846,-1,-0.938084,0.955437,-2.464005,-0.938084,0.955437,-2.464005,0.000000,0.000000,0.000000,0.000000,0.015318,-0.067919,-0.061267,0.903684,2.780650,172.848057,0.000000,0.000000,172.848057,0.903684,2.780650,0.000000,9.806600,0.000000,0.000000,0.000000,0.720000,0.720000,1.610980,0.000000,0.000000,0.000000,0.000000,12.306815,-0.032922,0.030728,0.021716,0.000000,0.000000,0.000000
1788402293954694419,5.274787,-1,-0.938299,0.958079,-2.470215,-0.938299,0.958079,-2.470215,0.000000,0.000000,0.000000,0.000000,0.020712,-0.066357,-0.056736,0.854007,2.847549,172.863272,0.000000,0.000000,172.863272,0.854007,2.847549,0.000000,9.806600,0.000000,0.000000,0.000000,0.720000,0.720000,1.610980,0.000000,0.000000,0.000000,0.000000,8.918113,-0.140637,-0.007025,0.002095,0.000000,0.000000,0.000000
1788402293987747592,5.307840,-1,-0.938529,0.960707,-2.477112,-0.938529,0.960707,-2.477112,0.000000,0.000000,0.000000,0.000000,0.025238,-0.061482,-0.056927,0.767786,2.948467,172.881214,0.000000,0.000000,172.881214,0.767786,2.948467,0.000000,9.806600,0.000000,0.000000,0.000000,0.720000,0.720000,1.610980,0.000000,0.000000,0.000000,0.000000,7.480117,-0.122559,-0.012644,0.001752,0.000000,0.000000,0.000000
1788402294020660404,5.340753,-1,-0.938942,0.964122,-2.486374,-0.938942,0.964122,-2.486374,0.000000,0.000000,0.000000,0.000000,0.030458,-0.060774,-0.062997,0.704458,2.969369,172.898496,0.000000,0.000000,172.898496,0.704458,2.969369,0.000000,9.806600,0.000000,0.000000,0.000000,0.720000,0.720000,1.610980,0.000000,0.000000,0.000000,0.000000,8.853269,-0.035075,-0.015038,0.019609,0.000000,0.000000,0.000000
1788402294053644120,5.373737,-1,-0.939374,0.966531,-2.492889,-0.939374,0.966531,-2.492889,0.000000,0.000000,0.000000,0.000000,0.031801,-0.058412,-0.082745,0.675131,2.949514,172.901807,0.000000,0.000000,172.901807,0.675131,2.949514,0.000000,9.806600,0.000000,0.000000,0.000000,0.720000,0.720000,1.610980,0.000000,0.000000,0.000000,0.000000,11.312013,-0.048788,-0.024108,0.023187,0.000000,0.000000,0.000000
1788402294086597495,5.406690,-1,-0.939935,0.968908,-2.500244,-0.939935,0.968908,-2.500244,0.000000,0.000000,0.000000,0.000000,0.033829,-0.054315,-0.096083,0.555426,2.862669,172.916105,0.000000,0.000000,172.916105,0.555426,2.862669,0.000000,9.806600,0.000000,0.000000,0.000000,0.720000,0.720000,1.610980,0.000000,0.000000,0.000000,0.000000,13.005015,0.005015,-0.053266,-0.011887,0.000000,0.000000,0.000000
1788402294119551254,5.439644,-1,-0.940598,0.971236,-2.507828,-0.940598,0.971236,-2.507828,0.000000,0.000000,0.000000,0.000000,0.039509,-0.046917,-0.102251,0.569749,2.834839,172.900219,0.000000,0.000000,172.900219,0.569749,2.834839,0.000000,9.806600,0.000000,0.000000,0.000000,0.720000,0.720000,1.610980,0.000000,0.000000,0.000000,0.000000,10.132695,0.014911,-0.079356,-0.004909,0.000000,0.000000,0.000000
1788402294152558340,5.472651,-1,-0.941639,0.974240,-2.517563,-0.941639,0.974240,-2.517563,0.000000,0.000000,0.000000,0.000000,0.039159,-0.048631,-0.100670,0.543446,2.708290,172.907598,0.000000,0.000000,172.907598,0.543446,2.708290,0.000000,9.806600,0.000000,0.000000,0.000000,0.720000,0.720000,1.610980,0.000000,0.000000,0.000000,0.000000,7.200102,0.045758,-0.037543,-0.002552,0.000000,0.000000,0.000000
1788402294185492565,5.505585,-1,-0.942572,0.976418,-2.525604,-0.942572,0.976418,-2.525604,0.000000,0.000000,0.000000,0.000000,0.039438,-0.047747,-0.107922,0.604530,2.601220,172.919381,0.000000,0.000000,172.919381,0.604530,2.601220,0.000000,9.806600,0.000000,0.000000,0.000000,0.720000,0.720000,1.610980,0.000000,0.000000,0.000000,0.000000,14.914044,0.003431,-0.003927,-0.000802,0.000000,0.000000,0.000000
1788402294218443447,5.538536,-1,-0.944049,0.979119,-2.536530,-0.944049,0.979119,-2.536530,0.000000,0.000000,0.000000,0.000000,0.046922,-0.043352,-0.111584,0.600288,2.520109,172.930841,0.000000,0.000000,172.930841,0.600288,2.520109,0.000000,9.806600,0.000000,0.000000,0.000000,0.720000,0.720000,1.610980,0.000000,0.000000,0.000000,0.000000,13.239180,0.002918,0.025777,-0.001112,0.000000,0.000000,0.000000
1788402294251502037,5.571595,-1,-0.945230,0.981041,-2.544342,-0.945230,0.981041,-2.544342,0.000000,0.000000,0.000000,0.000000,0.052870,-0.038081,-0.126135,0.600508,2.497785,172.929488,0.000000,0.000000,172.929488,0.600508,2.497785,0.000000,9.806600,0.000000,0.000000,0.000000,0.720000,0.720000,1.610980,0.000000,0.000000,0.000000,0.000000,7.364429,0.009665,-0.077461,-0.008055,0.000000,0.000000,0.000000
1788402294284419893,5.604513,-1,-0.946559,0.982841,-2.552856,-0.946559,0.982841,-2.552856,0.000000,0.000000,0.000000,0.000000,0.055185,-0.038174,-0.147015,0.547524,2.330869,172.912992,0.000000,0.000000,172.912992,0.547524,2.330869,0.000000,9.806600,0.000000,0.000000,0.000000,0.720000,0.720000,1.610980,0.000000,0.000000,0.000000,0.000000,14.692904,-0.068960,-0.115602,-0.005592,0.000000,0.000000,0.000000
1788402294317366842,5.637460,-1,-0.948422,0.985084,-2.564346,-0.948422,0.985084,-2.564346,0.000000,0.000000,0.000000,0.000000,0.053119,-0.039105,-0.164957,0.464902,2.236806,172.875174,0.000000,0.000000,172.875174,0.464902,2.236806,0.000000,9.806600,0.000000,0.000000,0.000000,0.720000,0.720000,1.610980,0.000000,0.000000,0.000000,0.000000,16.921225,-0.076982,-0.133394,-0.022666,0.000000,0.000000,0.000000
1788402294353152439,5.673245,-1,-0.949804,0.986621,-2.572510,-0.949804,0.986621,-2.572510,0.000000,0.000000,0.000000,0.000000,0.053109,-0.036061,-0.162805,0.442062,2.172062,172.836860,0.000000,0.000000,172.836860,0.442062,2.172062,0.000000,9.806600,0.000000,0.000000,0.000000,0.720000,0.720000,1.610980,0.000000,0.000000,0.000000,0.000000,15.753901,-0.038666,-0.128986,-0.031135,0.000000,0.000000,0.000000
1788402294383518806,5.703611,-1,-0.951276,0.988164,-2.581161,-0.951276,0.988164,-2.581161,0.000000,0.000000,0.000000,0.000000,0.055149,-0.031597,-0.159274,0.445365,2.074231,172.727082,0.000000,0.000000,172.727082,0.445365,2.074231,0.000000,9.806600,0.000000,0.000000,0.000000,0.720000,0.720000,1.610980,0.000000,0.000000,0.000000,0.000000,12.058428,-0.080315,-0.042296,-0.069919,0.000000,0.000000,0.000000
1788402294416287776,5.736380,-1,-0.952785,0.989593,-2.589798,-0.952785,0.989593,-2.589798,0.000000,0.000000,0.000000,0.000000,0.055577,-0.028080,-0.152878,0.463201,2.052253,172.655464,0.000000,0.000000,172.655464,0.463201,2.052253,0.000000,9.806600,0.000000,0.000000,0.000000,0.720000,0.720000,1.610980,0.000000,0.000000,0.000000,0.000000,9.064889,0.046934,0.026995,-0.078288,0.000000,0.000000,0.000000
1788402294449338981,5.769432,-1,-0.954727,0.991406,-2.600372,-0.954727,0.991406,-2.600372,0.000000,0.000000,0.000000,0.000000,0.050330,-0.026103,-0.140546,0.518911,1.981771,172.495178,0.000000,0.000000,172.495178,0.518911,1.981771,0.000000,9.806600,0.000000,0.000000,0.000000,0.720000,0.720000,1.610980,0.000000,0.000000,0.000000,0.000000,7.548696,-0.010303,-0.019805,-0.078077,0.000000,0.000000,0.000000
1788402294482347601,5.802440,-1,-0.956046,0.992670,-2.608658,-0.956046,0.992670,-2.608658,0.000000,0.000000,0.000000,0.000000,0.044526,-0.022403,-0.139805,0.566167,1.834058,172.316173,0.000000,0.000000,172.316173,0.566167,1.834058,0.000000,9.806600,0.000000,0.000000,0.000000,0.720000,0.720000,1.610980,0.000000,0.000000,0.000000,0.000000,5.878986,0.038808,0.015909,-0.087293,0.000000,0.000000,0.000000
1788402294515121591,5.835214,-1,-0.957313,0.993826,-2.617004,-0.957313,0.993826,-2.617004,0.000000,0.000000,0.000000,0.000000,0.042647,-0.017701,-0.139827,0.563629,1.749763,172.217462,0.000000,0.000000,172.217462,0.563629,1.749763,0.000000,9.806600,0.000000,0.000000,0.000000,0.720000,0.720000,1.610980,0.000000,0.000000,0.000000,0.000000,3.620260,-0.053120,0.040627,-0.073901,0.000000,0.000000,0.000000
1788402294548217490,5.868310,-1,-0.959000,0.995183,-2.627762,-0.959000,0.995183,-2.627762,0.000000,0.000000,0.000000,0.000000,0.042567,-0.010684,-0.142454,0.529416,1.603822,172.041306,0.000000,0.000000,172.041306,0.529416,1.603822,0.000000,9.806600,0.000000,0.000000,0.000000,0.720000,0.720000,1.610980,0.000000,0.000000,0.000000,0.000000,3.271807,0.052132,-0.023720,-0.069382,0.000000,0.000000,0.000000
1788402294581145737,5.901238,-1,-0.960143,0.996082,-2.636398,-0.960143,0.996082,-2.636398,0.000000,0.000000,0.000000,0.000000,0.046735,-0.005462,-0.152827,0.494705,1.498626,171.896017,0.000000,0.000000,171.896017,0.494705,1.498626,0.000000,9.806600,0.000000,0.000000,0.000000,0.720000,0.720000,1.610980,0.000000,0.000000,0.000000,0.000000,5.905174,0.010197,-0.104553,-0.049337,0.000000,0.000000,0.000000
1788402294614120660,5.934213,-1,-0.961173,0.996883,-2.645111,-0.961173,0.996883,-2.645111,0.000000,0.000000,0.000000,0.000000,0.044804,-0.006860,-0.162104,0.473828,1.415602,171.765835,0.000000,0.000000,171.765835,0.473828,1.415602,0.000000,9.806600,0.000000,0.000000,0.000000,0.720000,0.720000,1.610980,0.000000,0.000000,0.000000,0.000000,9.483257,0.039361,-0.087094,-0.052519,0.000000,0.000000,0.000000
1788402294647115725,5.967208,-1,-0.962462,0.997809,-2.656174,-0.962462,0.997809,-2.656174,0.000000,0.000000,0.000000,0.000000,0.044176,-0.004735,-0.176045,0.484000,1.381127,171.700807,0.000000,0.000000,171.700807,0.484000,1.381127,0.000000,9.806600,0.000000,0.000000,0.000000,0.720000,0.720000,1.610980,0.000000,0.000000,0.000000,0.000000,11.026680,-0.011639,-0.032288,-0.059938,0.000000,0.000000,0.000000
1788402294680047425,6.000140,-1,-0.963261,0.998335,-2.664902,-0.963261,0.998335,-2.664902,0.000000,0.000000,0.000000,0.000000,0.040558,-0.000649,-0.182472,0.497669,1.382686,171.562650,0.000000,0.000000,171.562650,0.497669,1.382686,0.000000,9.806600,0.000000,0.000000,0.000000,0.720000,0.720000,1.610980,0.000000,0.000000,0.000000,0.000000,12.542781,0.035241,0.038664,-0.050891,0.000000,0.000000,0.000000
1788402294712915216,6.033008,-1,-0.964012,0.998739,-2.673569,-0.964012,0.998739,-2.673569,0.000000,0.000000,0.000000,0.000000,0.038218,0.007576,-0.177098,0.497587,1.430618,171.488141,0.000000,0.000000,171.488141,0.497587,1.430618,0.000000,9.806600,0.000000,0.000000,0.000000,0.720000,0.720000,1.610980,0.000000,0.000000,0.000000,0.000000,9.706324,0.059081,0.053202,-0.059576,0.000000,0.000000,0.000000
1788402294746015495,6.066108,-1,-0.964938,0.999036,-2.684204,-0.964938,0.999036,-2.684204,0.000000,0.000000,0.000000,0.000000,0.032268,0.012101,-0.165873,0.440567,1.550905,171.355584,0.000000,0.000000,171.355584,0.440567,1.550905,0.000000,9.806600,0.000000,0.000000,0.000000,0.720000,0.720000,1.610980,0.000000,0.000000,0.000000,0.000000,9.068049,0.057081,0.069778,-0.068305,0.000000,0.000000,0.000000
1788402294778950264,6.099043,-1,-0.965412,0.999197,-2.692322,-0.965412,0.999197,-2.692322,0.000000,0.000000,0.000000,0.000000,0.031962,0.016992,-0.162937,0.312497,1.630829,171.196785,0.000000,0.000000,171.196785,0.312497,1.630829,0.000000,9.806600,0.000000,0.000000,0.000000,0.720000,0.720000,1.610980,0.000000,0.000000,0.000000,0.000000,9.502764,-0.007891,0.016435,-0.083621,0.000000,0.000000,0.000000
1788402294811953129,6.132046,-1,-0.965812,0.999332,-2.700256,-0.965812,0.999332,-2.700256,0.000000,0.000000,0.000000,0.000000,0.034723,0.013329,-0.158349,0.242698,1.689008,171.109961,0.000000,0.000000,171.109961,0.242698,1.689008,0.000000,9.806600,0.000000,0.000000,0.000000,0.720000,0.720000,1.610980,0.000000,0.000000,0.000000,0.000000,9.308659,0.047921,0.001175,-0.095927,0.000000,0.000000,0.000000
1788402294848497830,6.168591,-1,-0.966326,0.999336,-2.709991,-0.966326,0.999336,-2.709991,0.000000,0.000000,0.000000,0.000000,0.032738,0.020813,-0.159765,0.338872,1.836223,170.903866,0.000000,0.000000,170.903866,0.338872,1.836223,0.000000,9.806600,0.000000,0.000000,0.000000,0.720000,0.720000,1.610980,0.000000,0.000000,0.000000,0.000000,12.186654,0.001613,-0.013291,-0.098618,0.000000,0.000000,0.000000
1788402294877879830,6.197973,-1,-0.966844,0.999151,-2.717407,-0.966844,0.999151,-2.717407,0.000000,0.000000,0.000000,0.000000,0.029138,0.023370,-0.165687,0.446564,1.897039,170.711237,0.000000,0.000000,170.711237,0.446564,1.897039,0.000000,9.806600,0.000000,0.000000,0.000000,0.720000,0.720000,1.610980,0.000000,0.000000,0.000000,0.000000,15.204035,0.043382,0.065620,-0.075378,0.000000,0.000000,0.000000
1788402294910856224,6.230949,-1,-0.967429,0.998860,-2.724716,-0.967429,0.998860,-2.724716,0.000000,0.000000,0.000000,0.000000,0.031994,0.031800,-0.163427,0.568653,1.938995,170.562606,0.000000,0.000000,170.562606,0.568653,1.938995,0.000000,9.806600,0.000000,0.000000,0.000000,0.720000,0.720000,1.610980,0.000000,0.000000,0.000000,0.000000,15.023735,0.050441,0.047691,-0.054409,0.000000,0.000000,0.000000
1788402294943938056,6.264031,-1,-0.968211,0.998243,-2.733810,-0.968211,0.998243,-2.733810,0.000000,0.000000,0.000000,0.000000,0.024945,0.035951,-0.157505,0.613268,1.955815,170.516708,0.000000,0.000000,170.516708,0.613268,1.955815,0.000000,9.806600,0.000000,0.000000,0.000000,0.720000,0.720000,1.610980,0.000000,0.000000,0.000000,0.000000,13.187647,0.121143,0.010860,-0.031015,0.000000,0.000000,0.000000
1788402294976758371,6.296851,-1,-0.968952,0.997752,-2.740906,-0.968952,0.997752,-2.740906,0.000000,0.000000,0.000000,0.000000,0.022729,0.035102,-0.157169,0.662142,1.978329,170.460674,0.000000,0.000000,170.460674,0.662142,1.978329,0.000000,9.806600,0.000000,0.000000,0.000000,0.720000,0.720000,1.610980,0.000000,0.000000,0.000000,0.000000,12.796765,-0.064522,0.014954,-0.009791,0.000000,0.000000,0.000000
1788402295009787341,6.329880,-1,-0.969790,0.997148,-2.748001,-0.969790,0.997148,-2.748001,0.000000,0.000000,0.000000,0.000000,0.023661,0.036760,-0.159984,0.654225,1.999590,170.439432,0.000000,0.000000,170.439432,0.654225,1.999590,0.000000,9.806600,0.000000,0.000000,0.000000,0.720000,0.720000,1.610980,0.000000,0.000000,0.000000,0.000000,14.285981,-0.036260,-0.018170,-0.012599,0.000000,0.000000,0.000000
1788402295044778833,6.364872,-1,-0.970883,0.996070,-2.756790,-0.970883,0.996070,-2.756790,0.000000,0.000000,0.000000,0.000000,0.024091,0.041278,-0.156531,0.621367,2.049759,170.398207,0.000000,0.000000,170.398207,0.621367,2.049759,0.000000,9.806600,0.000000,0.000000,0.000000,0.720000,0.720000,1.610980,0.000000,0.000000,0.000000,0.000000,15.076926,-0.122331,0.009961,-0.011989,0.000000,0.000000,0.000000
1788402295075694252,6.395787,-1,-0.971589,0.995475,-2.763550,-0.971589,0.995475,-2.763550,0.000000,0.000000,0.000000,0.000000,0.023589,0.044177,-0.148463,0.631385,2.137712,170.353957,0.000000,0.000000,170.353957,0.631385,2.137712,0.000000,9.806600,0.000000,0.000000,0.000000,0.720000,0.720000,1.610980,0.000000,0.000000,0.000000,0.000000,13.535834,0.047310,0.101492,-0.013868,0.000000,0.000000,0.000000
1788402295108671047,6.428764,-1,-0.972245,0.994926,-2.770126,-0.972245,0.994926,-2.770126,0.000000,0.000000,0.000000,0.000000,0.020779,0.046280,-0.136346,0.660182,2.198240,170.342491,0.000000,0.000000,170.342491,0.660182,2.198240,0.000000,9.806600,0.000000,0.000000,0.000000,0.720000,0.720000,1.610980,0.000000,0.000000,0.000000,0.000000,12.264362,-0.040458,0.081183,-0.008103,0.000000,0.000000,0.000000
1788402295141678214,6.461771,-1,-0.973091,0.993921,-2.778152,-0.973091,0.993921,-2.778152,0.000000,0.000000,0.000000,0.000000,0.016537,0.054325,-0.124627,0.645552,2.303624,170.339681,0.000000,0.000000,170.339681,0.645552,2.303624,0.000000,9.806600,0.000000,0.000000,0.000000,0.720000,0.720000,1.610980,0.000000,0.000000,0.000000,0.000000,8.813052,-0.000609,0.027014,0.016493,0.000000,0.000000,0.000000
1788402295174551389,6.494644,-1,-0.973663,0.993333,-2.784546,-0.973663,0.993333,-2.784546,0.000000,0.000000,0.000000,0.000000,0.019427,0.058887,-0.122220,0.590107,2.376580,170.382472,0.000000,0.000000,170.382472,0.590107,2.376580,0.000000,9.806600,0.000000,0.000000,0.000000,0.720000,0.720000,1.610980,0.000000,0.000000,0.000000,0.000000,6.752335,-0.037440,0.067620,0.023383,0.000000,0.000000,0.000000
1788402295207606865,6.527700,-1,-0.974219,0.992831,-2.791016,-0.974219,0.992831,-2.791016,0.000000,0.000000,0.000000,0.000000,0.023177,0.057623,-0.121144,0.563745,2.484378,170.454018,0.000000,0.000000,170.454018,0.563745,2.484378,0.000000,9.806600,0.000000,0.000000,0.000000,0.720000,0.720000,1.610980,0.000000,0.000000,0.000000,0.000000,5.648660,0.015615,0.046427,0.046762,0.000000,0.000000,0.000000
1788402295244170573,6.564263,-1,-0.974993,0.991982,-2.799271,-0.974993,0.991982,-2.799271,0.000000,0.000000,0.000000,0.000000,0.023039,0.059254,-0.126733,0.553057,2.550367,170.485724,0.000000,0.000000,170.485724,0.553057,2.550367,0.000000,9.806600,0.000000,0.000000,0.000000,0.720000,0.720000,1.610980,0.000000,0.000000,0.000000,0.000000,6.712221,-0.035641,0.046163,0.043093,0.000000,0.000000,0.000000
1788402295273539832,6.593633,-1,-0.975503,0.991431,-2.805878,-0.975503,0.991431,-2.805878,0.000000,0.000000,0.000000,0.000000,0.024013,0.064725,-0.134957,0.484704,2.647102,170.542417,0.000000,0.000000,170.542417,0.484704,2.647102,0.000000,9.806600,0.000000,0.000000,0.000000,0.720000,0.720000,1.610980,0.000000,0.000000,0.000000,0.000000,7.549939,0.001237,0.032770,0.018871,0.000000,0.000000,0.000000
1788402295306586580,6.626679,-1,-0.976044,0.990918,-2.812592,-0.976044,0.990918,-2.812592,0.000000,0.000000,0.000000,0.000000,0.025172,0.067032,-0.138957,0.341806,2.692537,170.579716,0.000000,0.000000,170.579716,0.341806,2.692537,0.000000,9.806600,0.000000,0.000000,0.000000,0.720000,0.720000,1.610980,0.000000,0.000000,0.000000,0.000000,9.468375,0.049832,0.015013,0.018230,0.000000,0.000000,0.000000
1788402295341375566,6.661468,-1,-0.976889,0.990144,-2.820953,-0.976889,0.990144,-2.820953,0.000000,0.000000,0.000000,0.000000,0.026888,0.064259,-0.141341,0.446524,2.737600,170.602412,0.000000,0.000000,170.602412,0.446524,2.737600,0.000000,9.806600,0.000000,0.000000,0.000000,0.720000,0.720000,1.610980,0.000000,0.000000,0.000000,0.000000,7.618092,-0.057357,-0.007277,0.008194,0.000000,0.000000,0.000000
1788402295372539657,6.692632,-1,-0.977719,0.989337,-2.827606,-0.977719,0.989337,-2.827606,0.000000,0.000000,0.000000,0.000000,0.026364,0.065139,-0.139123,0.525601,2.793597,170.615289,0.000000,0.000000,170.615289,0.525601,2.793597,0.000000,9.806600,0.000000,0.000000,0.000000,0.720000,0.720000,1.610980,0.000000,0.000000,0.000000,0.000000,7.689339,-0.066094,-0.004023,0.005382,0.000000,0.000000,0.000000
1788402295405416989,6.725510,-1,-0.978649,0.988365,-2.834152,-0.978649,0.988365,-2.834152,0.000000,0.000000,0.000000,0.000000,0.030101,0.066945,-0.133735,0.506271,2.737489,170.635121,0.000000,0.000000,170.635121,0.506271,2.737489,0.000000,9.806600,0.000000,0.000000,0.000000,0.720000,0.720000,1.610980,0.000000,0.000000,0.000000,0.000000,10.764885,-0.076980,-0.063308,0.009864,0.000000,0.000000,0.000000
1788402295438386782,6.758479,-1,-0.979973,0.986820,-2.842285,-0.979973,0.986820,-2.842285,0.000000,0.000000,0.000000,0.000000,0.035286,0.073248,-0.130377,0.587203,2.664814,170.663474,0.000000,0.000000,170.663474,0.587203,2.664814,0.000000,9.806600,0.000000,0.000000,0.000000,0.720000,0.720000,1.610980,0.000000,0.000000,0.000000,0.000000,9.581079,0.034769,-0.022466,0.004269,0.000000,0.000000,0.000000
1788402295471350053,6.791443,-1,-0.981076,0.985427,-2.848694,-0.981076,0.985427,-2.848694,0.000000,0.000000,0.000000,0.000000,0.036401,0.076220,-0.127264,0.710604,2.541589,170.692284,0.000000,0.000000,170.692284,0.710604,2.541589,0.000000,9.806600,0.000000,0.000000,0.000000,0.720000,0.720000,1.610980,0.000000,0.000000,0.000000,0.000000,10.472136,0.153360,-0.018620,0.022500,0.000000,0.000000,0.000000
1788402295504562283,6.824655,-1,-0.982209,0.983913,-2.855011,-0.982209,0.983913,-2.855011,0.000000,0.000000,0.000000,0.000000,0.034012,0.081855,-0.119732,0.779513,2.486524,170.716046,0.000000,0.000000,170.716046,0.779513,2.486524,0.000000,9.806600,0.000000,0.000000,0.000000,0.720000,0.720000,1.610980,0.000000,0.000000,0.000000,0.000000,7.775333,0.127755,-0.052368,0.037570,0.000000,0.000000,0.000000
1788402295543215373,6.863308,-1,-0.983369,0.982265,-2.860916,-0.983369,0.982265,-2.860916,0.000000,0.000000,0.000000,0.000000,0.031368,0.083473,-0.118860,0.689732,2.271210,170.759476,0.000000,0.000000,170.759476,0.689732,2.271210,0.000000,9.806600,0.000000,0.000000,0.000000,0.720000,0.720000,1.610980,0.000000,0.000000,0.000000,0.000000,7.443986,0.034484,-0.112382,0.031432,0.000000,0.000000,0.000000
1788402295570257225,6.890350,-1,-0.984959,0.979777,-2.869186,-0.984959,0.979777,-2.869186,0.000000,0.000000,0.000000,0.000000,0.030002,0.079192,-0.131829,0.776446,2.120810,170.815541,0.000000,0.000000,170.815541,0.776446,2.120810,0.000000,9.806600,0.000000,0.000000,0.000000,0.720000,0.720000,1.610980,0.000000,0.000000,0.000000,0.000000,10.797754,-0.080762,-0.139739,0.023474,0.000000,0.000000,0.000000
1788402295603234786,6.923327,-1,-0.986136,0.977812,-2.875610,-0.986136,0.977812,-2.875610,0.000000,0.000000,0.000000,0.000000,0.033198,0.076759,-0.140350,0.810592,1.967294,170.867597,0.000000,0.000000,170.867597,0.810592,1.967294,0.000000,9.806600,0.000000,0.000000,0.000000,0.720000,0.720000,1.610980,0.000000,0.000000,0.000000,0.000000,11.950102,-0.027116,-0.079785,0.033903,0.000000,0.000000,0.000000
1788402295636207169,6.956300,-1,-0.987348,0.975781,-2.881775,-0.987348,0.975781,-2.881775,0.000000,0.000000,0.000000,0.000000,0.035881,0.080591,-0.144565,0.997659,1.943367,170.963464,0.000000,0.000000,170.963464,0.997659,1.943367,0.000000,9.806600,0.000000,0.000000,0.000000,0.720000,0.720000,1.610980,0.000000,0.000000,0.000000,0.000000,13.643558,0.030311,0.032521,0.048875,0.000000,0.000000,0.000000
1788402295669170024,6.989263,-1,-0.989048,0.972869,-2.890091,-0.989048,0.972869,-2.890091,0.000000,0.000000,0.000000,0.000000,0.029381,0.081114,-0.138201,1.053741,1.912603,171.094145,0.000000,0.000000,171.094145,1.053741,1.912603,0.000000,9.806600,0.000000,0.000000,0.000000,0.720000,0.720000,1.610980,0.000000,0.000000,0.000000,0.000000,13.142091,0.034276,0.045796,0.058664,0.000000,0.000000,0.000000
1788402295702152989,7.022246,-1,-0.990333,0.970510,-2.896240,-0.990333,0.970510,-2.896240,0.000000,0.000000,0.000000,0.000000,0.024079,0.083758,-0.127355,1.053741,1.912603,171.094145,0.000000,0.000000,171.094145,1.053741,1.912603,0.000000,9.806600,0.000000,0.000000,0.000000,0.720000,0.720000,1.610980,0.000000,0.000000,0.000000,0.000000,9.120072,0.037757,-0.007784,0.076496,0.000000,0.000000,0.000000
1788402295735119424,7.055212,-1,-0.991989,0.967194,-2.903915,-0.991989,0.967194,-2.903915,0.000000,0.000000,0.000000,0.000000,0.023488,0.091096,-0.115611,1.088990,1.745322,171.316644,0.000000,0.000000,171.316644,1.088990,1.745322,0.000000,9.806600,0.000000,0.000000,0.000000,0.720000,0.720000,1.610980,0.000000,0.000000,0.000000,0.000000,15.257098,-0.004250,-0.074427,0.088499,0.000000,0.000000,0.000000
1788402295768074319,7.088167,-1,-0.993389,0.964418,-2.910049,-0.993389,0.964418,-2.910049,0.000000,0.000000,0.000000,0.000000,0.026659,0.094109,-0.125157,1.078059,1.707592,171.531630,0.000000,0.000000,171.531630,1.078059,1.707592,0.000000,9.806600,0.000000,0.000000,0.000000,0.720000,0.720000,1.610980,0.000000,0.000000,0.000000,0.000000,5.012139,-0.020201,-0.062730,0.086254,0.000000,0.000000,0.000000
1788402295801062111,7.121155,-1,-0.994864,0.961434,-2.916290,-0.994864,0.961434,-2.916290,0.000000,0.000000,0.000000,0.000000,0.029444,0.094028,-0.144744,1.026654,1.755395,171.599893,0.000000,0.000000,171.599893,1.026654,1.755395,0.000000,9.806600,0.000000,0.000000,0.000000,0.720000,0.720000,1.610980,0.000000,0.000000,0.000000,0.000000,8.389265,-0.040369,0.038900,0.080933,0.000000,0.000000,0.000000
1788402295836742550,7.156835,-1,-0.996889,0.957346,-2.924698,-0.996889,0.957346,-2.924698,0.000000,0.000000,0.000000,0.000000,0.021773,0.098338,-0.165294,0.910393,1.796335,171.795550,0.000000,0.000000,171.795550,0.910393,1.796335,0.000000,9.806600,0.000000,0.000000,0.000000,0.720000,0.720000,1.610980,0.000000,0.000000,0.000000,0.000000,4.313183,-0.092886,0.092452,0.083030,0.000000,0.000000,0.000000
1788402295866963555,7.187056,-1,-0.998623,0.954103,-2.931534,-0.998623,0.954103,-2.931534,0.000000,0.000000,0.000000,0.000000,0.022877,0.103396,-0.157428,0.785351,1.887988,172.000919,0.000000,0.000000,172.000919,0.785351,1.887988,0.000000,9.806600,0.000000,0.000000,0.000000,0.720000,0.720000,1.610980,0.000000,0.000000,0.000000,0.000000,7.519733,-0.059717,0.051388,0.092489,0.000000,0.000000,0.000000
1788402295899965671,7.220058,-1,-1.000416,0.950814,-2.938583,-1.000416,0.950814,-2.938583,0.000000,0.000000,0.000000,0.000000,0.026804,0.104387,-0.151840,0.759852,2.007081,172.174732,0.000000,0.000000,172.174732,0.759852,2.007081,0.000000,9.806600,0.000000,0.000000,0.000000,0.720000,0.720000,1.610980,0.000000,0.000000,0.000000,0.000000,14.728073,0.012103,0.028026,0.080233,0.000000,0.000000,0.000000
1788402295933013313,7.253106,-1,-1.002087,0.947501,-2.945465,-1.002087,0.947501,-2.945465,0.000000,0.000000,0.000000,0.000000,0.028031,0.103034,-0.160345,0.745131,2.048644,172.249255,0.000000,0.000000,172.249255,0.745131,2.048644,0.000000,9.806600,0.000000,0.000000,0.000000,0.720000,0.720000,1.610980,0.000000,0.000000,0.000000,0.000000,14.757979,-0.001609,0.010421,0.077989,0.000000,0.000000,0.000000
1788402295965934797,7.286027,-1,-1.004423,0.942995,-2.955048,-1.004423,0.942995,-2.955048,0.000000,0.000000,0.000000,0.000000,0.023459,0.100212,-0.187114,0.811800,2.154945,172.394506,0.000000,0.000000,172.394506,0.811800,2.154945,0.000000,9.806600,0.000000,0.000000,0.000000,0.720000,0.720000,1.610980,0.000000,0.000000,0.000000,0.000000,6.645924,0.022666,0.085665,0.035303,0.000000,0.000000,0.000000
1788402295998921119,7.319014,-1,-1.006203,0.939474,-2.962418,-1.006203,0.939474,-2.962418,0.000000,0.000000,0.000000,0.000000,0.021830,0.106954,-0.181884,0.886834,2.185058,172.498885,0.000000,0.000000,172.498885,0.886834,2.185058,0.000000,9.806600,0.000000,0.000000,0.000000,0.720000,0.720000,1.610980,0.000000,0.000000,0.000000,0.000000,6.254871,0.092346,0.019903,0.041899,0.000000,0.000000,0.000000
1788402296032221328,7.352314,-1,-1.007957,0.935906,-2.969604,-1.007957,0.935906,-2.969604,0.000000,0.000000,0.000000,0.000000,0.025281,0.119927,-0.173064,0.896548,2.198617,172.534660,0.000000,0.000000,172.534660,0.896548,2.198617,0.000000,9.806600,0.000000,0.000000,0.000000,0.720000,0.720000,1.610980,0.000000,0.000000,0.000000,0.000000,9.451510,0.082731,0.020671,0.036484,0.000000,0.000000,0.000000
1788402296064819120,7.384912,-1,-1.010373,0.930979,-2.979431,-1.010373,0.930979,-2.979431,0.000000,0.000000,0.000000,0.000000,0.029892,0.119261,-0.174185,0.938807,2.269686,172.592570,0.000000,0.000000,172.592570,0.938807,2.269686,0.000000,9.806600,0.000000,0.000000,0.000000,0.720000,0.720000,1.610980,0.000000,0.000000,0.000000,0.000000,12.479735,0.034185,-0.015907,0.045088,0.000000,0.000000,0.000000
1788402296097785198,7.417878,-1,-1.012194,0.927343,-2.986847,-1.012194,0.927343,-2.986847,0.000000,0.000000,0.000000,0.000000,0.030375,0.111955,-0.182068,1.185279,2.373384,172.651432,0.000000,0.000000,172.651432,1.185279,2.373384,0.000000,9.806600,0.000000,0.000000,0.000000,0.720000,0.720000,1.610980,0.000000,0.000000,0.000000,0.000000,8.164745,0.040328,0.060873,0.025909,0.000000,0.000000,0.000000
1788402296130774231,7.450867,-1,-1.014028,0.923744,-2.993881,-1.014028,0.923744,-2.993881,0.000000,0.000000,0.000000,0.000000,0.025351,0.107296,-0.176230,1.352722,2.401651,172.674829,0.000000,0.000000,172.674829,1.352722,2.401651,0.000000,9.806600,0.000000,0.000000,0.000000,0.720000,0.720000,1.610980,0.000000,0.000000,0.000000,0.000000,8.204332,0.076343,0.043260,0.007935,0.000000,0.000000,0.000000
1788402296163707921,7.483801,-1,-1.016405,0.918773,-3.003174,-1.016405,0.918773,-3.003174,0.000000,0.000000,0.000000,0.000000,0.030201,0.115518,-0.165502,1.528199,2.374101,172.701809,0.000000,0.000000,172.701809,1.528199,2.374101,0.000000,9.806600,0.000000,0.000000,0.000000,0.720000,0.720000,1.610980,0.000000,0.000000,0.000000,0.000000,11.242645,0.149839,-0.024358,-0.008417,0.000000,0.000000,0.000000
1788402296196575876,7.516669,-1,-1.018207,0.914956,-3.010300,-1.018207,0.914956,-3.010300,0.000000,0.000000,0.000000,0.000000,0.034174,0.115845,-0.173384,1.553900,2.347791,172.704271,0.000000,0.000000,172.704271,1.553900,2.347791,0.000000,9.806600,0.000000,0.000000,0.000000,0.720000,0.720000,1.610980,0.000000,0.000000,0.000000,0.000000,12.995020,0.088354,-0.034069,-0.005613,0.000000,0.000000,0.000000
1788402296229692861,7.549786,-1,-1.019986,0.911220,-3.017319,-1.019986,0.911220,-3.017319,0.000000,0.000000,0.000000,0.000000,0.034038,0.108538,-0.191447,1.629287,2.300524,172.706055,0.000000,0.000000,172.706055,1.629287,2.300524,0.000000,9.806600,0.000000,0.000000,0.000000,0.720000,0.720000,1.610980,0.000000,0.000000,0.000000,0.000000,7.946593,0.002411,0.001360,0.000725,0.000000,0.000000,0.000000
1788402296262634097,7.582727,-1,-1.022185,0.906292,-3.026947,-1.022185,0.906292,-3.026947,0.000000,0.000000,0.000000,0.000000,0.021558,0.107309,-0.193840,1.763666,2.226233,172.657558,0.000000,0.000000,172.657558,1.763666,2.226233,0.000000,9.806600,0.000000,0.000000,0.000000,0.720000,0.720000,1.610980,0.000000,0.000000,0.000000,0.000000,5.380944,0.053562,-0.066161,-0.021670,0.000000,0.000000,0.000000
1788402296295542880,7.615636,-1,-1.023717,0.902605,-3.034332,-1.023717,0.902605,-3.034332,0.000000,0.000000,0.000000,0.000000,0.024624,0.109628,-0.182996,1.782489,2.161349,172.610078,0.000000,0.000000,172.610078,1.782489,2.161349,0.000000,9.806600,0.000000,0.000000,0.000000,0.720000,0.720000,1.610980,0.000000,0.000000,0.000000,0.000000,8.969618,0.025421,-0.100929,-0.032735,0.000000,0.000000,0.000000
1788402296328565676,7.648658,-1,-1.025263,0.898987,-3.041534,-1.025263,0.898987,-3.041534,0.000000,0.000000,0.000000,0.000000,0.031599,0.109268,-0.181982,1.829290,2.124656,172.494759,0.000000,0.000000,172.494759,1.829290,2.124656,0.000000,9.806600,0.000000,0.000000,0.000000,0.720000,0.720000,1.610980,0.000000,0.000000,0.000000,0.000000,14.647774,0.033168,-0.057952,-0.036657,0.000000,0.000000,0.000000
1788402296361591669,7.681684,-1,-1.025263,0.898987,-3.041534,-1.025263,0.898987,-3.041534,0.000000,0.000000,0.000000,0.000000,0.031599,0.109268,-0.181982,1.829290,2.124656,172.494759,0.000000,0.000000,172.494759,1.829290,2.124656,0.000000,9.806600,0.000000,0.000000,0.000000,0.720000,0.720000,1.610980,0.000000,0.000000,0.000000,0.000000,13.067221,-0.012866,0.040906,-0.055112,0.000000,0.000000,0.000000
1788402296394512154,7.714605,-1,-1.028563,0.890512,-3.058304,-1.028563,0.890512,-3.058304,0.000000,0.000000,0.000000,0.000000,0.026902,0.102849,-0.200503,1.944759,2.125723,172.334660,0.000000,0.000000,172.334660,1.944759,2.125723,0.000000,9.806600,0.000000,0.000000,0.000000,0.720000,0.720000,1.610980,0.000000,0.000000,0.000000,0.000000,6.881452,0.038293,0.033816,-0.049076,0.000000,0.000000,0.000000
1788402296427504768,7.747597,-1,-1.028563,0.890512,-3.058304,-1.028563,0.890512,-3.058304,0.000000,0.000000,0.000000,0.000000,0.026902,0.102849,-0.200503,1.944759,2.125723,172.334660,0.000000,0.000000,172.334660,1.944759,2.125723,0.000000,9.806600,0.000000,0.000000,0.000000,0.720000,0.720000,1.610980,0.000000,0.000000,0.000000,0.000000,8.725009,0.018425,0.051873,-0.046665,0.000000,0.000000,0.000000
1788402296460440632,7.780533,-1,-1.029936,0.886887,-3.065399,-1.029936,0.886887,-3.065399,0.000000,0.000000,0.000000,0.000000,0.021160,0.101889,-0.191834,1.808144,2.159774,172.236473,0.000000,0.000000,172.236473,1.808144,2.159774,0.000000,9.806600,0.000000,0.000000,0.000000,0.720000,0.720000,1.610980,0.000000,0.000000,0.000000,0.000000,10.771296,-0.082463,-0.034726,-0.041020,0.000000,0.000000,0.000000
1788402296493388709,7.813481,-1,-1.032922,0.878493,-3.082352,-1.032922,0.878493,-3.082352,0.000000,0.000000,0.000000,0.000000,0.025309,0.093774,-0.193761,1.668061,2.289351,172.020234,0.000000,0.000000,172.020234,1.668061,2.289351,0.000000,9.806600,0.000000,0.000000,0.000000,0.720000,0.720000,1.610980,0.000000,0.000000,0.000000,0.000000,9.677392,0.041403,0.056868,-0.048454,0.000000,0.000000,0.000000
1788402296526348904,7.846442,-1,-1.034233,0.875099,-3.089447,-1.034233,0.875099,-3.089447,0.000000,0.000000,0.000000,0.000000,0.031274,0.093635,-0.197824,1.725510,2.337429,171.953998,0.000000,0.000000,171.953998,1.725510,2.337429,0.000000,9.806600,0.000000,0.000000,0.000000,0.720000,0.720000,1.610980,0.000000,0.000000,0.000000,0.000000,8.800789,0.068120,0.100170,-0.063975,0.000000,0.000000,0.000000
1788402296559296725,7.879389,-1,-1.036048,0.870583,-3.099167,-1.036048,0.870583,-3.099167,0.000000,0.000000,0.000000,0.000000,0.026775,0.088491,-0.195714,1.781752,2.487670,171.825211,0.000000,0.000000,171.825211,1.781752,2.487670,0.000000,9.806600,0.000000,0.000000,0.000000,0.720000,0.720000,1.610980,0.000000,0.000000,0.000000,0.000000,11.028982,0.074292,0.055521,-0.048352,0.000000,0.000000,0.000000
1788402296592309194,7.912402,-1,-1.037122,0.867391,-3.106537,-1.037122,0.867391,-3.106537,0.000000,0.000000,0.000000,0.000000,0.021289,0.080758,-0.203087,1.918793,2.522238,171.720009,0.000000,0.000000,171.720009,1.918793,2.522238,0.000000,9.806600,0.000000,0.000000,0.000000,0.720000,0.720000,1.610980,0.000000,0.000000,0.000000,0.000000,8.562099,0.033438,-0.016384,-0.057585,0.000000,0.000000,0.000000
1788402296625239207,7.945332,-1,-1.037734,0.864144,-3.113113,-1.037734,0.864144,-3.113113,0.000000,0.000000,0.000000,0.000000,-0.011195,0.094914,-0.158404,1.960675,2.427867,171.626991,0.000000,0.000000,171.626991,1.960675,2.427867,0.000000,9.806600,0.000000,0.000000,0.000000,0.720000,0.720000,1.610980,0.000000,0.000000,0.000000,0.000000,8.795594,-0.097561,-0.146330,-0.092445,0.000000,0.000000,0.000000
1788402296658297620,7.978390,-1,-1.037177,0.860433,-3.116501,-1.037177,0.860433,-3.116501,0.000000,0.000000,0.000000,0.000000,-0.084023,0.059811,0.046030,1.600374,1.858089,171.289773,0.000000,0.000000,171.289773,1.600374,1.858089,0.000000,9.806600,0.000000,0.000000,0.000000,0.720000,0.720000,1.610980,0.000000,0.000000,0.000000,0.000000,17.930132,-0.043520,-0.270318,-0.127439,0.000000,0.000000,0.000000
1788402296691288220,8.011381,-1,-1.037177,0.860433,-3.116501,-1.037177,0.860433,-3.116501,0.000000,0.000000,0.000000,0.000000,-0.084023,0.059811,0.046030,1.600374,1.858089,171.289773,0.000000,0.000000,171.289773,1.600374,1.858089,0.000000,9.806600,0.000000,0.000000,0.000000,0.720000,0.720000,1.610980,0.000000,0.000000,0.000000,0.000000,12.117794,0.085693,-0.227495,-0.030197,0.000000,0.000000,0.000000
1788402296724112310,8.044205,-1,-1.034661,0.857722,-3.113647,-1.034661,0.857722,-3.113647,0.000000,0.000000,0.000000,0.000000,-0.076767,0.041953,0.122190,1.581543,1.574791,171.220697,0.000000,0.000000,171.220697,1.581543,1.574791,0.000000,9.806600,0.000000,0.000000,0.000000,0.720000,0.720000,1.610980,0.000000,0.000000,0.000000,0.000000,11.728683,0.072705,0.063692,-0.026153,0.000000,0.000000,0.000000
1788402296757174367,8.077267,-1,-1.032901,0.855905,-3.111740,-1.032901,0.855905,-3.111740,0.000000,0.000000,0.000000,0.000000,-0.070928,0.023860,0.085342,1.819134,1.375819,171.198802,0.000000,0.000000,171.198802,1.819134,1.375819,0.000000,9.806600,0.000000,0.000000,0.000000,0.720000,0.720000,1.610980,0.000000,0.000000,0.000000,0.000000,7.594722,0.055047,0.314325,0.033721,0.000000,0.000000,0.000000
1788402296790144185,8.110237,-1,-1.031148,0.853593,-3.111298,-1.031148,0.853593,-3.111298,0.000000,0.000000,0.000000,0.000000,-0.058554,0.033040,0.017622,2.060676,1.876101,171.278822,0.000000,0.000000,171.278822,2.060676,1.876101,0.000000,9.806600,0.000000,0.000000,0.000000,0.720000,0.720000,1.610980,0.000000,0.000000,0.000000,0.000000,7.254550,0.024016,0.311984,0.006950,0.000000,0.000000,0.000000
1788402296823195948,8.143289,-1,-1.029766,0.851855,-3.112381,-1.029766,0.851855,-3.112381,0.000000,0.000000,0.000000,0.000000,-0.067830,0.025628,-0.016432,2.146860,2.472756,171.306212,0.000000,0.000000,171.306212,2.146860,2.472756,0.000000,9.806600,0.000000,0.000000,0.000000,0.720000,0.720000,1.610980,0.000000,0.000000,0.000000,0.000000,9.470221,0.055940,0.136330,-0.033496,0.000000,0.000000,0.000000
1788402296856090120,8.176183,-1,-1.028190,0.850014,-3.114349,-1.028190,0.850014,-3.114349,0.000000,0.000000,0.000000,0.000000,-0.064798,0.028334,-0.045732,2.054663,2.645762,171.337518,0.000000,0.000000,171.337518,2.054663,2.645762,0.000000,9.806600,0.000000,0.000000,0.000000,0.720000,0.720000,1.610980,0.000000,0.000000,0.000000,0.000000,10.702328,-0.190679,-0.100089,0.033275,0.000000,0.000000,0.000000
1788402296889123882,8.209217,-1,-1.026888,0.847901,-3.117676,-1.026888,0.847901,-3.117676,0.000000,0.000000,0.000000,0.000000,-0.073178,0.037820,-0.056905,1.589466,2.624526,171.395311,0.000000,0.000000,171.395311,1.589466,2.624526,0.000000,9.806600,0.000000,0.000000,0.000000,0.720000,0.720000,1.610980,0.000000,0.000000,0.000000,0.000000,12.300120,-0.096735,-0.316105,0.041746,0.000000,0.000000,0.000000
1788402296922060194,8.242153,-1,-1.024505,0.845629,-3.120422,-1.024505,0.845629,-3.120422,0.000000,0.000000,0.000000,0.000000,-0.092202,-0.023793,0.079062,1.400222,2.310881,171.445008,0.000000,0.000000,171.445008,1.400222,2.310881,0.000000,9.806600,0.000000,0.000000,0.000000,0.720000,0.720000,1.610980,0.000000,0.000000,0.000000,0.000000,6.833681,0.223381,-0.266852,0.017380,0.000000,0.000000,0.000000
1788402296955021859,8.275115,-1,-1.022619,0.845412,-3.119965,-1.022619,0.845412,-3.119965,0.000000,0.000000,0.000000,0.000000,-0.076449,-0.027548,0.045411,1.662644,1.550512,171.529431,0.000000,0.000000,171.529431,1.662644,1.550512,0.000000,9.806600,0.000000,0.000000,0.000000,0.720000,0.720000,1.610980,0.000000,0.000000,0.000000,0.000000,7.059503,-0.041240,-0.036523,-0.013604,0.000000,0.000000,0.000000
1788402296988011756,8.308104,-1,-1.021188,0.845045,-3.121567,-1.021188,0.845045,-3.121567,0.000000,0.000000,0.000000,0.000000,-0.066236,-0.017919,-0.008567,1.854905,1.221023,171.517453,0.000000,0.000000,171.517453,1.854905,1.221023,0.000000,9.806600,0.000000,0.000000,0.000000,0.720000,0.720000,1.610980,0.000000,0.000000,0.000000,0.000000,7.738214,0.021333,-0.022720,0.003902,0.000000,0.000000,0.000000
1788402297020962460,8.341055,-1,-1.019880,0.844585,-3.124893,-1.019880,0.844585,-3.124893,0.000000,0.000000,0.000000,0.000000,-0.033647,-0.033652,0.015702,1.839345,1.197783,171.514876,0.000000,0.000000,171.514876,1.839345,1.197783,0.000000,9.806600,0.000000,0.000000,0.000000,0.720000,0.720000,1.610980,0.000000,0.000000,0.000000,0.000000,10.002332,0.051997,-0.064796,-0.032172,0.000000,0.000000,0.000000
1788402297053945009,8.374038,-1,-1.019320,0.844791,-3.125961,-1.019320,0.844791,-3.125961,0.000000,0.000000,0.000000,0.000000,-0.033417,-0.033045,0.033861,1.932902,1.123490,171.457852,0.000000,0.000000,171.457852,1.932902,1.123490,0.000000,9.806600,0.000000,0.000000,0.000000,0.720000,0.720000,1.610980,0.000000,0.000000,0.000000,0.000000,8.171110,0.004110,-0.086761,0.004098,0.000000,0.000000,0.000000
1788402297086945463,8.407038,-1,-1.018874,0.844648,-3.127884,-1.018874,0.844648,-3.127884,0.000000,0.000000,0.000000,0.000000,-0.021820,-0.008408,0.008129,2.067179,0.902859,171.403054,0.000000,0.000000,171.403054,2.067179,0.902859,0.000000,9.806600,0.000000,0.000000,0.000000,0.720000,0.720000,1.610980,0.000000,0.000000,0.000000,0.000000,8.069260,-0.076979,-0.047082,0.052847,0.000000,0.000000,0.000000
1788402297119903042,8.439996,-1,-1.018960,0.844409,-3.129547,-1.018960,0.844409,-3.129547,0.000000,0.000000,0.000000,0.000000,0.004369,-0.019978,0.033007,1.992519,0.869731,171.430004,0.000000,0.000000,171.430004,1.992519,0.869731,0.000000,9.806600,0.000000,0.000000,0.000000,0.720000,0.720000,1.610980,0.000000,0.000000,0.000000,0.000000,9.487274,-0.003360,0.075772,0.041971,0.000000,0.000000,0.000000
1788402297152849238,8.472942,-1,-1.019426,0.844278,-3.130737,-1.019426,0.844278,-3.130737,0.000000,0.000000,0.000000,0.000000,0.004232,-0.004967,0.017253,2.005368,0.957919,171.476477,0.000000,0.000000,171.476477,2.005368,0.957919,0.000000,9.806600,0.000000,0.000000,0.000000,0.720000,0.720000,1.610980,0.000000,0.000000,0.000000,0.000000,9.094119,-0.051417,-0.029980,0.006781,0.000000,0.000000,0.000000
1788402297185839396,8.505932,-1,-1.019886,0.843529,-3.132538,-1.019886,0.843529,-3.132538,0.000000,0.000000,0.000000,0.000000,0.004834,0.009763,0.016761,2.001738,1.000625,171.428969,0.000000,0.000000,171.428969,2.001738,1.000625,0.000000,9.806600,0.000000,0.000000,0.000000,0.720000,0.720000,1.610980,0.000000,0.000000,0.000000,0.000000,8.926872,-0.079231,0.035204,-0.054420,0.000000,0.000000,0.000000
1788402297218781532,8.538874,-1,-1.020743,0.842236,-3.134918,-1.020743,0.842236,-3.134918,0.000000,0.000000,0.000000,0.000000,0.022122,0.005222,0.019239,1.969080,1.011795,171.390242,0.000000,0.000000,171.390242,1.969080,1.011795,0.000000,9.806600,0.000000,0.000000,0.000000,0.720000,0.720000,1.610980,0.000000,0.000000,0.000000,0.000000,7.931714,-0.028333,0.121908,0.044553,0.000000,0.000000,0.000000
1788402297251815397,8.571908,-1,-1.021630,0.841430,-3.136383,-1.021630,0.841430,-3.136383,0.000000,0.000000,0.000000,0.000000,0.015741,0.008753,0.018190,1.861179,1.243945,171.390723,0.000000,0.000000,171.390723,1.861179,1.243945,0.000000,9.806600,0.000000,0.000000,0.000000,0.720000,0.720000,1.610980,0.000000,0.000000,0.000000,0.000000,8.827742,0.000838,0.098958,0.011158,0.000000,0.000000,0.000000
1788402297284798266,8.604891,-1,-1.022511,0.840909,-3.138535,-1.022511,0.840909,-3.138535,0.000000,0.000000,0.000000,0.000000,0.014318,0.008690,0.012883,1.790468,1.390083,171.401944,0.000000,0.000000,171.401944,1.790468,1.390083,0.000000,9.806600,0.000000,0.000000,0.000000,0.720000,0.720000,1.610980,0.000000,0.000000,0.000000,0.000000,12.532078,0.019363,0.007362,-0.041285,0.000000,0.000000,0.000000
1788402297317738899,8.637832,-1,-1.023095,0.840891,-3.141312,-1.023095,0.840891,-3.141312,0.000000,0.000000,0.000000,0.000000,-0.009475,-0.007811,0.008812,1.759454,1.418888,171.378722,0.000000,0.000000,171.378722,1.759454,1.418888,0.000000,9.806600,0.000000,0.000000,0.000000,0.720000,0.720000,1.610980,0.000000,0.000000,0.000000,0.000000,13.509557,0.012389,0.014890,0.000158,0.000000,0.000000,0.000000
1788402297350568299,8.670661,-1,-1.022898,0.841250,-3.143188,-1.022898,0.841250,-3.143188,0.000000,0.000000,0.000000,0.000000,-0.026261,-0.023204,0.002848,1.815716,1.450544,171.383422,0.000000,0.000000,171.383422,1.815716,1.450544,0.000000,9.806600,0.000000,0.000000,0.000000,0.720000,0.720000,1.610980,0.000000,0.000000,0.000000,0.000000,8.528152,0.040845,-0.117271,-0.068799,0.000000,0.000000,0.000000
1788402297383648940,8.703742,-1,-1.022215,0.841740,-3.145401,-1.022215,0.841740,-3.145401,0.000000,0.000000,0.000000,0.000000,-0.040931,-0.032521,0.007255,1.935961,1.382196,171.330436,0.000000,0.000000,171.330436,1.935961,1.382196,0.000000,9.806600,0.000000,0.000000,0.000000,0.720000,0.720000,1.610980,0.000000,0.000000,0.000000,0.000000,12.062900,0.006864,-0.181280,-0.059878,0.000000,0.000000,0.000000
1788402297416598334,8.736691,-1,-1.020773,0.842309,-3.148193,-1.020773,0.842309,-3.148193,0.000000,0.000000,0.000000,0.000000,-0.047857,-0.021112,0.014664,1.947900,1.172969,171.243803,0.000000,0.000000,171.243803,1.947900,1.172969,0.000000,9.806600,0.000000,0.000000,0.000000,0.720000,0.720000,1.610980,0.000000,0.000000,0.000000,0.000000,9.186828,0.058868,-0.114069,-0.048115,0.000000,0.000000,0.000000
1788402297449629801,8.769722,-1,-1.019719,0.842806,-3.149994,-1.019719,0.842806,-3.149994,0.000000,0.000000,0.000000,0.000000,-0.031830,-0.035168,0.017035,2.036571,0.847318,171.119490,0.000000,0.000000,171.119490,2.036571,0.847318,0.000000,9.806600,0.000000,0.000000,0.000000,0.720000,0.720000,1.610980,0.000000,0.000000,0.000000,0.000000,9.222430,0.049953,-0.029579,-0.019196,0.000000,0.000000,0.000000
1788402297482619448,8.802712,-1,-1.018821,0.843348,-3.152176,-1.018821,0.843348,-3.152176,0.000000,0.000000,0.000000,0.000000,-0.023947,-0.009036,0.012875,2.117240,0.703219,171.082008,0.000000,0.000000,171.082008,2.117240,0.703219,0.000000,9.806600,0.000000,0.000000,0.000000,0.720000,0.720000,1.610980,0.000000,0.000000,0.000000,0.000000,10.665559,-0.012726,-0.034484,0.029723,0.000000,0.000000,0.000000
1788402297515541217,8.835634,-1,-1.018563,0.843944,-3.155151,-1.018563,0.843944,-3.155151,0.000000,0.000000,0.000000,0.000000,0.000955,-0.007429,0.012279,2.107476,0.656667,171.105280,0.000000,0.000000,171.105280,2.107476,0.656667,0.000000,9.806600,0.000000,0.000000,0.000000,0.720000,0.720000,1.610980,0.000000,0.000000,0.000000,0.000000,10.000239,-0.002604,0.036052,0.003470,0.000000,0.000000,0.000000
1788402297548545604,8.868638,-1,-1.018864,0.844278,-3.157150,-1.018864,0.844278,-3.157150,0.000000,0.000000,0.000000,0.000000,0.008665,-0.006064,0.004047,2.092302,0.679046,171.202243,0.000000,0.000000,171.202243,2.092302,0.679046,0.000000,9.806600,0.000000,0.000000,0.000000,0.720000,0.720000,1.610980,0.000000,0.000000,0.000000,0.000000,11.277643,-0.013085,0.090981,-0.013481,0.000000,0.000000,0.000000
1788402297581469962,8.901563,-1,-1.019573,0.844447,-3.159531,-1.019573,0.844447,-3.159531,0.000000,0.000000,0.000000,0.000000,0.024385,-0.001717,0.011901,2.080675,0.879844,171.147240,0.000000,0.000000,171.147240,2.080675,0.879844,0.000000,9.806600,0.000000,0.000000,0.000000,0.720000,0.720000,1.610980,0.000000,0.000000,0.000000,0.000000,9.384016,0.003143,0.070516,-0.049583,0.000000,0.000000,0.000000
1788402297614426262,8.934519,-1,-1.020345,0.844597,-3.162598,-1.020345,0.844597,-3.162598,0.000000,0.000000,0.000000,0.000000,-0.001632,-0.007057,0.013626,2.090482,1.027250,171.067154,0.000000,0.000000,171.067154,2.090482,1.027250,0.000000,9.806600,0.000000,0.000000,0.000000,0.720000,0.720000,1.610980,0.000000,0.000000,0.000000,0.000000,10.209542,-0.002226,-0.021880,0.042615,0.000000,0.000000,0.000000
1788402297647458656,8.967551,-1,-1.020401,0.844788,-3.164490,-1.020401,0.844788,-3.164490,0.000000,0.000000,0.000000,0.000000,-0.015150,-0.010107,0.014975,2.092197,1.025751,171.079459,0.000000,0.000000,171.079459,2.092197,1.025751,0.000000,9.806600,0.000000,0.000000,0.000000,0.720000,0.720000,1.610980,0.000000,0.000000,0.000000,0.000000,9.419955,-0.006619,-0.042978,0.030482,0.000000,0.000000,0.000000
1788402297680442420,9.000535,-1,-1.020195,0.845095,-3.166733,-1.020195,0.845095,-3.166733,0.000000,0.000000,0.000000,0.000000,-0.022465,-0.014074,0.013008,2.082274,0.923727,171.166777,0.000000,0.000000,171.166777,2.082274,0.923727,0.000000,9.806600,0.000000,0.000000,0.000000,0.720000,0.720000,1.610980,0.000000,0.000000,0.000000,0.000000,10.160467,0.002145,-0.059776,-0.002021,0.000000,0.000000,0.000000
1788402297713377874,9.033471,-1,-1.019912,0.845610,-3.169678,-1.019912,0.845610,-3.169678,0.000000,0.000000,0.000000,0.000000,-0.015099,-0.012920,0.013830,2.079714,0.853541,171.169634,0.000000,0.000000,171.169634,2.079714,0.853541,0.000000,9.806600,0.000000,0.000000,0.000000,0.720000,0.720000,1.610980,0.000000,0.000000,0.000000,0.000000,10.102014,0.007083,-0.017647,-0.024601,0.000000,0.000000,0.000000
1788402297746614926,9.066708,-1,-1.020009,0.845922,-3.171631,-1.020009,0.845922,-3.171631,0.000000,0.000000,0.000000,0.000000,-0.001829,-0.010596,0.007294,2.100806,0.773159,171.113104,0.000000,0.000000,171.113104,2.100806,0.773159,0.000000,9.806600,0.000000,0.000000,0.000000,0.720000,0.720000,1.610980,0.000000,0.000000,0.000000,0.000000,9.659543,0.001241,0.017391,-0.020714,0.000000,0.000000,0.000000
1788402297779327849,9.099421,-1,-1.020244,0.846337,-3.173950,-1.020244,0.846337,-3.173950,0.000000,0.000000,0.000000,0.000000,0.007263,-0.005457,0.008898,2.122700,0.832777,171.095314,0.000000,0.000000,171.095314,2.122700,0.832777,0.000000,9.806600,0.000000,0.000000,0.000000,0.720000,0.720000,1.610980,0.000000,0.000000,0.000000,0.000000,9.685955,-0.019281,0.061598,0.010220,0.000000,0.000000,0.000000
1788402297812273246,9.132366,-1,-1.020511,0.846736,-3.176315,-1.020511,0.846736,-3.176315,0.000000,0.000000,0.000000,0.000000,0.003782,-0.008317,0.009175,2.109047,0.884885,171.109171,0.000000,0.000000,171.109171,2.109047,0.884885,0.000000,9.806600,0.000000,0.000000,0.000000,0.720000,0.720000,1.610980,0.000000,0.000000,0.000000,0.000000,9.997743,-0.004287,0.015302,0.008189,0.000000,0.000000,0.000000
1788402297845308102,9.165401,-1,-1.020570,0.847286,-3.178970,-1.020570,0.847286,-3.178970,0.000000,0.000000,0.000000,0.000000,-0.006611,-0.011235,0.008552,2.095367,0.963786,171.145563,0.000000,0.000000,171.145563,2.095367,0.963786,0.000000,9.806600,0.000000,0.000000,0.000000,0.720000,0.720000,1.610980,0.000000,0.000000,0.000000,0.000000,10.137335,0.006656,-0.020043,-0.008447,0.000000,0.000000,0.000000
1788402297878223988,9.198317,-1,-1.020418,0.847606,-3.181229,-1.020418,0.847606,-3.181229,0.000000,0.000000,0.000000,0.000000,-0.012851,-0.009993,0.008779,2.098902,0.918053,171.121383,0.000000,0.000000,171.121383,2.098902,0.918053,0.000000,9.806600,0.000000,0.000000,0.000000,0.720000,0.720000,1.610980,0.000000,0.000000,0.000000,0.000000,9.915563,0.003087,-0.035648,-0.004172,0.000000,0.000000,0.000000
1788402297911215650,9.231308,-1,-1.020213,0.847915,-3.183502,-1.020213,0.847915,-3.183502,0.000000,0.000000,0.000000,0.000000,-0.012154,-0.012102,0.007393,2.099333,0.890729,171.114490,0.000000,0.000000,171.114490,2.099333,0.890729,0.000000,9.806600,0.000000,0.000000,0.000000,0.720000,0.720000,1.610980,0.000000,0.000000,0.000000,0.000000,9.959003,0.007613,-0.028220,0.002989,0.000000,0.000000,0.000000
1788402297944172844,9.264266,-1,-1.020114,0.848318,-3.186142,-1.020114,0.848318,-3.186142,0.000000,0.000000,0.000000,0.000000,-0.003073,-0.010562,0.006588,2.109883,0.831076,171.128800,0.000000,0.000000,171.128800,2.109883,0.831076,0.000000,9.806600,0.000000,0.000000,0.000000,0.720000,0.720000,1.610980,0.000000,0.000000,0.000000,0.000000,9.518188,-0.005890,0.009774,0.006966,0.000000,0.000000,0.000000
1788402297977163291,9.297256,-1,-1.020198,0.848637,-3.188446,-1.020198,0.848637,-3.188446,0.000000,0.000000,0.000000,0.000000,0.000472,-0.010457,0.005497,2.101631,0.844248,171.143480,0.000000,0.000000,171.143480,2.101631,0.844248,0.000000,9.806600,0.000000,0.000000,0.000000,0.720000,0.720000,1.610980,0.000000,0.000000,0.000000,0.000000,9.359830,-0.002410,0.027729,-0.006048,0.000000,0.000000,0.000000
1788402298010137494,9.330230,-1,-1.020360,0.848967,-3.191498,-1.020360,0.848967,-3.191498,0.000000,0.000000,0.000000,0.000000,0.000299,-0.010068,0.004352,2.100468,0.909011,171.131666,0.000000,0.000000,171.131666,2.100468,0.909011,0.000000,9.806600,0.000000,0.000000,0.000000,0.720000,0.720000,1.610980,0.000000,0.000000,0.000000,0.000000,10.051662,0.004021,0.028409,-0.005318,0.000000,0.000000,0.000000
1788402298043397754,9.363490,-1,-1.020352,0.849248,-3.193481,-1.020352,0.849248,-3.193481,0.000000,0.000000,0.000000,0.000000,-0.005213,-0.010842,0.004287,2.109753,0.929343,171.124408,0.000000,0.000000,171.124408,2.109753,0.929343,0.000000,9.806600,0.000000,0.000000,0.000000,0.720000,0.720000,1.610980,0.000000,0.000000,0.000000,0.000000,10.080272,-0.002879,-0.006729,-0.002290,0.000000,0.000000,0.000000
1788402298076044252,9.396137,-1,-1.020268,0.849411,-3.195724,-1.020268,0.849411,-3.195724,0.000000,0.000000,0.000000,0.000000,-0.008040,-0.011257,0.004688,2.103271,0.908158,171.123847,0.000000,0.000000,171.123847,2.103271,0.908158,0.000000,9.806600,0.000000,0.000000,0.000000,0.720000,0.720000,1.610980,0.000000,0.000000,0.000000,0.000000,9.854357,0.001269,-0.019504,0.011933,0.000000,0.000000,0.000000
1788402298109064935,9.429158,-1,-1.020153,0.849583,-3.197968,-1.020153,0.849583,-3.197968,0.000000,0.000000,0.000000,0.000000,-0.008051,-0.011784,0.003573,2.100442,0.885548,171.140091,0.000000,0.000000,171.140091,2.100442,0.885548,0.000000,9.806600,0.000000,0.000000,0.000000,0.720000,0.720000,1.610980,0.000000,0.000000,0.000000,0.000000,9.840434,0.000004,-0.014883,-0.000795,0.000000,0.000000,0.000000
1788402298142419901,9.462513,-1,-1.020047,0.849799,-3.200592,-1.020047,0.849799,-3.200592,0.000000,0.000000,0.000000,0.000000,-0.003660,-0.010176,0.002739,2.101422,0.855990,171.136337,0.000000,0.000000,171.136337,2.101422,0.855990,0.000000,9.806600,0.000000,0.000000,0.000000,0.720000,0.720000,1.610980,0.000000,0.000000,0.000000,0.000000,9.674155,0.004617,0.001107,-0.012635,0.000000,0.000000,0.000000
1788402298174963668,9.495056,-1,-1.020082,0.849905,-3.202805,-1.020082,0.849905,-3.202805,0.000000,0.000000,0.000000,0.000000,-0.001120,-0.009751,0.001717,2.110454,0.863496,171.116039,0.000000,0.000000,171.116039,2.110454,0.863496,0.000000,9.806600,0.000000,0.000000,0.000000,0.720000,0.720000,1.610980,0.000000,0.000000,0.000000,0.000000,9.709682,-0.003950,0.016472,0.010591,0.000000,0.000000,0.000000
1788402298207962833,9.528056,-1,-1.020149,0.849981,-3.205002,-1.020149,0.849981,-3.205002,0.000000,0.000000,0.000000,0.000000,-0.001306,-0.010394,0.000912,2.110395,0.879538,171.124037,0.000000,0.000000,171.124037,2.110395,0.879538,0.000000,9.806600,0.000000,0.000000,0.000000,0.720000,0.720000,1.610980,0.000000,0.000000,0.000000,0.000000,9.965553,-0.003892,0.009469,0.007846,0.000000,0.000000,0.000000
1788402298241285921,9.561379,-1,-1.020124,0.850145,-3.207565,-1.020124,0.850145,-3.207565,0.000000,0.000000,0.000000,0.000000,-0.004931,-0.010689,0.001447,2.100790,0.902735,171.136489,0.000000,0.000000,171.136489,2.100790,0.902735,0.000000,9.806600,0.000000,0.000000,0.000000,0.720000,0.720000,1.610980,0.000000,0.000000,0.000000,0.000000,9.722755,0.001439,-0.003185,-0.009482,0.000000,0.000000,0.000000
1788402298273881485,9.593974,-1,-1.020068,0.850188,-3.209747,-1.020068,0.850188,-3.209747,0.000000,0.000000,0.000000,0.000000,-0.006862,-0.010443,0.000813,2.102817,0.889288,171.118452,0.000000,0.000000,171.118452,2.102817,0.889288,0.000000,9.806600,0.000000,0.000000,0.000000,0.720000,0.720000,1.610980,0.000000,0.000000,0.000000,0.000000,9.578577,0.004241,-0.010416,0.000048,0.000000,0.000000,0.000000
1788402298306865495,9.626958,-1,-1.020003,0.850200,-3.211929,-1.020003,0.850200,-3.211929,0.000000,0.000000,0.000000,0.000000,-0.006266,-0.009735,0.000202,2.109624,0.868455,171.119142,0.000000,0.000000,171.119142,2.109624,0.868455,0.000000,9.806600,0.000000,0.000000,0.000000,0.720000,0.720000,1.610980,0.000000,0.000000,0.000000,0.000000,9.794067,0.002655,-0.009153,0.006726,0.000000,0.000000,0.000000
1788402298339906641,9.659999,-1,-1.019947,0.850261,-3.214493,-1.019947,0.850261,-3.214493,0.000000,0.000000,0.000000,0.000000,-0.004295,-0.010919,-0.000704,2.106967,0.863597,171.126344,0.000000,0.000000,171.126344,2.106967,0.863597,0.000000,9.806600,0.000000,0.000000,0.000000,0.720000,0.720000,1.610980,0.000000,0.000000,0.000000,0.000000,9.797729,-0.000986,0.002974,0.001496,0.000000,0.000000,0.000000
1788402298373120796,9.693213,-1,-1.020001,0.850284,-3.216644,-1.020001,0.850284,-3.216644,0.000000,0.000000,0.000000,0.000000,-0.002146,-0.010512,-0.002301,2.098801,0.867193,171.129309,0.000000,0.000000,171.129309,2.098801,0.867193,0.000000,9.806600,0.000000,0.000000,0.000000,0.720000,0.720000,1.610980,0.000000,0.000000,0.000000,0.000000,9.880186,0.005999,0.008560,-0.007363,0.000000,0.000000,0.000000
1788402298405874117,9.725967,-1,-1.020075,0.850282,-3.218796,-1.020075,0.850282,-3.218796,0.000000,0.000000,0.000000,0.000000,-0.002424,-0.009551,-0.001709,2.104658,0.876612,171.123105,0.000000,0.000000,171.123105,2.104658,0.876612,0.000000,9.806600,0.000000,0.000000,0.000000,0.720000,0.720000,1.610980,0.000000,0.000000,0.000000,0.000000,9.755691,0.005632,0.004562,-0.002192,0.000000,0.000000,0.000000
1788402298438739281,9.758832,-1,-1.020097,0.850305,-3.221313,-1.020097,0.850305,-3.221313,0.000000,0.000000,0.000000,0.000000,-0.004695,-0.010369,-0.001887,2.107365,0.891198,171.117971,0.000000,0.000000,171.117971,2.107365,0.891198,0.000000,9.806600,0.000000,0.000000,0.000000,0.720000,0.720000,1.610980,0.000000,0.000000,0.000000,0.000000,9.709389,-0.006676,-0.002346,0.002750,0.000000,0.000000,0.000000
1788402298471731796,9.791824,-1,-1.020106,0.850266,-3.223389,-1.020106,0.850266,-3.223389,0.000000,0.000000,0.000000,0.000000,-0.005952,-0.010477,-0.002592,2.102183,0.884644,171.125287,0.000000,0.000000,171.125287,2.102183,0.884644,0.000000,9.806600,0.000000,0.000000,0.000000,0.720000,0.720000,1.610980,0.000000,0.000000,0.000000,0.000000,9.755008,-0.003615,-0.007612,0.000194,0.000000,0.000000,0.000000
1788402298504743910,9.824837,-1,-1.020109,0.850206,-3.225464,-1.020109,0.850206,-3.225464,0.000000,0.000000,0.000000,0.000000,-0.005932,-0.009818,-0.003752,2.096243,0.876091,171.127572,0.000000,0.000000,171.127572,2.096243,0.876091,0.000000,9.806600,0.000000,0.000000,0.000000,0.720000,0.720000,1.610980,0.000000,0.000000,0.000000,0.000000,9.891678,0.003301,-0.006609,-0.004426,0.000000,0.000000,0.000000
1788402298540179804,9.860272,-1,-1.020120,0.850142,-3.227905,-1.020120,0.850142,-3.227905,0.000000,0.000000,0.000000,0.000000,-0.004075,-0.009131,-0.004096,2.100361,0.864384,171.119152,0.000000,0.000000,171.119152,2.100361,0.864384,0.000000,9.806600,0.000000,0.000000,0.000000,0.720000,0.720000,1.610980,0.000000,0.000000,0.000000,0.000000,9.788077,0.002554,0.001941,-0.002381,0.000000,0.000000,0.000000
1788402298570638966,9.890732,-1,-1.020182,0.850074,-3.229889,-1.020182,0.850074,-3.229889,0.000000,0.000000,0.000000,0.000000,-0.002807,-0.009343,-0.004381,2.103399,0.872577,171.112534,0.000000,0.000000,171.112534,2.103399,0.872577,0.000000,9.806600,0.000000,0.000000,0.000000,0.720000,0.720000,1.610980,0.000000,0.000000,0.000000,0.000000,9.887533,-0.002918,0.002679,0.000599,0.000000,0.000000,0.000000
1788402298603662622,9.923755,-1,-1.020249,0.850005,-3.231857,-1.020249,0.850005,-3.231857,0.000000,0.000000,0.000000,0.000000,-0.003196,-0.009276,-0.004367,2.100952,0.876440,171.111306,0.000000,0.000000,171.111306,2.100952,0.876440,0.000000,9.806600,0.000000,0.000000,0.000000,0.720000,0.720000,1.610980,0.000000,0.000000,0.000000,0.000000,9.612951,-0.002444,0.006573,0.004364,0.000000,0.000000,0.000000
1788402298639316160,9.959409,-1,-1.020264,0.849933,-3.234146,-1.020264,0.849933,-3.234146,0.000000,0.000000,0.000000,0.000000,-0.005051,-0.008856,-0.004758,2.100506,0.885353,171.120441,0.000000,0.000000,171.120441,2.100506,0.885353,0.000000,9.806600,0.000000,0.000000,0.000000,0.720000,0.720000,1.610980,0.000000,0.000000,0.000000,0.000000,9.697642,-0.001950,-0.002578,-0.001869,0.000000,0.000000,0.000000
1788402298669592881,9.989686,-1,-1.020273,0.849882,-3.236069,-1.020273,0.849882,-3.236069,0.000000,0.000000,0.000000,0.000000,-0.005417,-0.009434,-0.005511,2.102900,0.879136,171.118659,0.000000,0.000000,171.118659,2.102900,0.879136,0.000000,9.806600,0.000000,0.000000,0.000000,0.720000,0.720000,1.610980,0.000000,0.000000,0.000000,0.000000,9.968561,0.003321,-0.005180,-0.004165,0.000000,0.000000,0.000000
1788402298702606850,10.022700,-1,-1.020286,0.849850,-3.237976,-1.020286,0.849850,-3.237976,0.000000,0.000000,0.000000,0.000000,-0.004735,-0.008576,-0.006424,2.103573,0.868725,171.111259,0.000000,0.000000,171.111259,2.103573,0.868725,0.000000,9.806600,0.000000,0.000000,0.000000,0.720000,0.720000,1.610980,0.000000,0.000000,0.000000,0.000000,9.915746,0.000948,-0.004311,-0.001369,0.000000,0.000000,0.000000
1788402298735571611,10.055664,-1,-1.020308,0.849837,-3.240234,-1.020308,0.849837,-3.240234,0.000000,0.000000,0.000000,0.000000,-0.003381,-0.008514,-0.006864,2.102454,0.868888,171.113126,0.000000,0.000000,171.113126,2.102454,0.868888,0.000000,9.806600,0.000000,0.000000,0.000000,0.720000,0.720000,1.610980,0.000000,0.000000,0.000000,0.000000,9.746765,-0.000681,0.003897,0.005577,0.000000,0.000000,0.000000
1788402298768570904,10.088664,-1,-1.020347,0.849834,-3.242065,-1.020347,0.849834,-3.242065,0.000000,0.000000,0.000000,0.000000,-0.003550,-0.008358,-0.007563,2.101322,0.876563,171.121674,0.000000,0.000000,171.121674,2.101322,0.876563,0.000000,9.806600,0.000000,0.000000,0.000000,0.720000,0.720000,1.610980,0.000000,0.000000,0.000000,0.000000,9.799267,-0.000057,0.003661,0.002159,0.000000,0.000000,0.000000
1788402298801433798,10.121526,-1,-1.020374,0.849845,-3.243881,-1.020374,0.849845,-3.243881,0.000000,0.000000,0.000000,0.000000,-0.004039,-0.008778,-0.007551,2.100566,0.878983,171.119966,0.000000,0.000000,171.119966,2.100566,0.878983,0.000000,9.806600,0.000000,0.000000,0.000000,0.720000,0.720000,1.610980,0.000000,0.000000,0.000000,0.000000,9.804284,0.000058,0.000213,-0.004188,0.000000,0.000000,0.000000
1788402298834465608,10.154558,-1,-1.020350,0.849883,-3.246017,-1.020350,0.849883,-3.246017,0.000000,0.000000,0.000000,0.000000,-0.005000,-0.008409,-0.007990,2.102548,0.880654,171.113069,0.000000,0.000000,171.113069,2.102548,0.880654,0.000000,9.806600,0.000000,0.000000,0.000000,0.720000,0.720000,1.610980,0.000000,0.000000,0.000000,0.000000,9.833144,-0.001371,-0.001981,0.004665,0.000000,0.000000,0.000000
1788402298867413456,10.187506,-1,-1.020337,0.849840,-3.247772,-1.020337,0.849840,-3.247772,0.000000,0.000000,0.000000,0.000000,-0.004854,-0.008624,-0.008307,2.102251,0.875371,171.123145,0.000000,0.000000,171.123145,2.102251,0.875371,0.000000,9.806600,0.000000,0.000000,0.000000,0.720000,0.720000,1.610980,0.000000,0.000000,0.000000,0.000000,9.796532,0.000352,-0.003096,0.004794,0.000000,0.000000,0.000000
1788402298900519892,10.220613,-1,-1.020329,0.849787,-3.249527,-1.020329,0.849787,-3.249527,0.000000,0.000000,0.000000,0.000000,-0.004461,-0.008535,-0.008931,2.100192,0.872484,171.126221,0.000000,0.000000,171.126221,2.100192,0.872484,0.000000,9.806600,0.000000,0.000000,0.000000,0.720000,0.720000,1.610980,0.000000,0.000000,0.000000,0.000000,9.817665,0.000139,-0.000653,-0.003122,0.000000,0.000000,0.000000
1788402298933456197,10.253549,-1,-1.020315,0.849753,-3.251602,-1.020315,0.849753,-3.251602,0.000000,0.000000,0.000000,0.000000,-0.003798,-0.008148,-0.009445,2.100954,0.872153,171.119807,0.000000,0.000000,171.119807,2.100954,0.872153,0.000000,9.806600,0.000000,0.000000,0.000000,0.720000,0.720000,1.610980,0.000000,0.000000,0.000000,0.000000,9.807608,0.001600,0.002068,-0.002732,0.000000,0.000000,0.000000
1788402298966313976,10.286407,-1,-1.020328,0.849674,-3.253326,-1.020328,0.849674,-3.253326,0.000000,0.000000,0.000000,0.000000,-0.003723,-0.007965,-0.009829,2.103132,0.878705,171.117209,0.000000,0.000000,171.117209,2.103132,0.878705,0.000000,9.806600,0.000000,0.000000,0.000000,0.720000,0.720000,1.610980,0.000000,0.000000,0.000000,0.000000,9.813150,0.000738,0.003326,0.001960,0.000000,0.000000,0.000000
1788402298999305499,10.319398,-1,-1.020334,0.849587,-3.255035,-1.020334,0.849587,-3.255035,0.000000,0.000000,0.000000,0.000000,-0.004116,-0.008157,-0.009930,2.102403,0.880311,171.120500,0.000000,0.000000,171.120500,2.102403,0.880311,0.000000,9.806600,0.000000,0.000000,0.000000,0.720000,0.720000,1.610980,0.000000,0.000000,0.000000,0.000000,9.823568,-0.001355,-0.000642,0.002241,0.000000,0.000000,0.000000
1788402299032279085,10.352372,-1,-1.020293,0.849515,-3.257080,-1.020293,0.849515,-3.257080,0.000000,0.000000,0.000000,0.000000,-0.004674,-0.008039,-0.010329,2.099851,0.878104,171.124114,0.000000,0.000000,171.124114,2.099851,0.878104,0.000000,9.806600,0.000000,0.000000,0.000000,0.720000,0.720000,1.610980,0.000000,0.000000,0.000000,0.000000,9.791890,-0.000191,-0.002680,-0.002949,0.000000,0.000000,0.000000
1788402299065258211,10.385351,-1,-1.020279,0.849403,-3.258743,-1.020279,0.849403,-3.258743,0.000000,0.000000,0.000000,0.000000,-0.004688,-0.007689,-0.010560,2.101350,0.873493,171.117560,0.000000,0.000000,171.117560,2.101350,0.873493,0.000000,9.806600,0.000000,0.000000,0.000000,0.720000,0.720000,1.610980,0.000000,0.000000,0.000000,0.000000,9.778098,0.001438,-0.001839,-0.003010,0.000000,0.000000,0.000000
1788402299098241398,10.418334,-1,-1.020278,0.849276,-3.260391,-1.020278,0.849276,-3.260391,0.000000,0.000000,0.000000,0.000000,-0.004277,-0.007367,-0.010931,2.102590,0.872689,171.117366,0.000000,0.000000,171.117366,2.102590,0.872689,0.000000,9.806600,0.000000,0.000000,0.000000,0.720000,0.720000,1.610980,0.000000,0.000000,0.000000,0.000000,9.804785,-0.000362,0.000143,0.001204,0.000000,0.000000,0.000000
1788402299131143370,10.451236,-1,-1.020266,0.849153,-3.262360,-1.020266,0.849153,-3.262360,0.000000,0.000000,0.000000,0.000000,-0.003942,-0.007402,-0.011450,2.100951,0.874299,171.120354,0.000000,0.000000,171.120354,2.100951,0.874299,0.000000,9.806600,0.000000,0.000000,0.000000,0.720000,0.720000,1.610980,0.000000,0.000000,0.000000,0.000000,9.817986,-0.000691,0.001656,0.000547,0.000000,0.000000,0.000000
1788402299164182032,10.484275,-1,-1.020276,0.848999,-3.263947,-1.020276,0.848999,-3.263947,0.000000,0.000000,0.000000,0.000000,-0.004193,-0.007097,-0.011588,2.100058,0.878035,171.121496,0.000000,0.000000,171.121496,2.100058,0.878035,0.000000,9.806600,0.000000,0.000000,0.000000,0.720000,0.720000,1.610980,0.000000,0.000000,0.000000,0.000000,9.838093,-0.000198,0.001974,-0.001371,0.000000,0.000000,0.000000
1788402299199635698,10.519728,-1,-1.020277,0.848824,-3.265533,-1.020277,0.848824,-3.265533,0.000000,0.000000,0.000000,0.000000,-0.004606,-0.006926,-0.011581,2.099849,0.879066,171.118855,0.000000,0.000000,171.118855,2.099849,0.879066,0.000000,9.806600,0.000000,0.000000,0.000000,0.720000,0.720000,1.610980,0.000000,0.000000,0.000000,0.000000,9.801651,0.002135,-0.000523,-0.001046,0.000000,0.000000,0.000000
1788402299230156271,10.550249,-1,-1.020250,0.848678,-3.266953,-1.020250,0.848678,-3.266953,0.000000,0.000000,0.000000,0.000000,-0.004908,-0.006954,-0.011806,2.102093,0.878019,171.116792,0.000000,0.000000,171.116792,2.102093,0.878019,0.000000,9.806600,0.000000,0.000000,0.000000,0.720000,0.720000,1.610980,0.000000,0.000000,0.000000,0.000000,9.791263,0.000441,-0.001523,0.000196,0.000000,0.000000,0.000000
1788402299263060801,10.583153,-1,-1.020215,0.848424,-3.269058,-1.020215,0.848424,-3.269058,0.000000,0.000000,0.000000,0.000000,-0.004660,-0.006767,-0.012221,2.100920,0.874446,171.119809,0.000000,0.000000,171.119809,2.100920,0.874446,0.000000,9.806600,0.000000,0.000000,0.000000,0.720000,0.720000,1.610980,0.000000,0.000000,0.000000,0.000000,9.774637,-0.000831,-0.000918,0.000905,0.000000,0.000000,0.000000
1788402299296074075,10.616167,-1,-1.020184,0.848240,-3.270554,-1.020184,0.848240,-3.270554,0.000000,0.000000,0.000000,0.000000,-0.004490,-0.006500,-0.012516,2.100420,0.873837,171.120918,0.000000,0.000000,171.120918,2.100420,0.873837,0.000000,9.806600,0.000000,0.000000,0.000000,0.720000,0.720000,1.610980,0.000000,0.000000,0.000000,0.000000,9.786689,0.000320,0.000422,-0.001650,0.000000,0.000000,0.000000
1788402299329045240,10.649138,-1,-1.020127,0.848032,-3.272369,-1.020127,0.848032,-3.272369,0.000000,0.000000,0.000000,0.000000,-0.004445,-0.006214,-0.013050,2.101126,0.876915,171.118011,0.000000,0.000000,171.118011,2.101126,0.876915,0.000000,9.806600,0.000000,0.000000,0.000000,0.720000,0.720000,1.610980,0.000000,0.000000,0.000000,0.000000,9.797033,0.000536,0.002083,-0.001928,0.000000,0.000000,0.000000
1788402299361994821,10.682087,-1,-1.020095,0.847836,-3.273849,-1.020095,0.847836,-3.273849,0.000000,0.000000,0.000000,0.000000,-0.004648,-0.006146,-0.013192,2.101146,0.879511,171.116811,0.000000,0.000000,171.116811,2.101146,0.879511,0.000000,9.806600,0.000000,0.000000,0.000000,0.720000,0.720000,1.610980,0.000000,0.000000,0.000000,0.000000,9.817894,-0.000979,0.000121,0.000535,0.000000,0.000000,0.000000
1788402299394992652,10.715085,-1,-1.020056,0.847637,-3.275299,-1.020056,0.847637,-3.275299,0.000000,0.000000,0.000000,0.000000,-0.004900,-0.006056,-0.013359,2.100234,0.879055,171.118563,0.000000,0.000000,171.118563,2.100234,0.879055,0.000000,9.806600,0.000000,0.000000,0.000000,0.720000,0.720000,1.610980,0.000000,0.000000,0.000000,0.000000,9.817269,-0.000866,-0.001216,0.000483,0.000000,0.000000,0.000000
1788402299428514059,10.748607,-1,-1.019975,0.847408,-3.277008,-1.019975,0.847408,-3.277008,0.000000,0.000000,0.000000,0.000000,-0.004993,-0.005720,-0.013596,2.099929,0.877007,171.119257,0.000000,0.000000,171.119257,2.099929,0.877007,0.000000,9.806600,0.000000,0.000000,0.000000,0.720000,0.720000,1.610980,0.000000,0.000000,0.000000,0.000000,9.809137,0.000350,-0.001549,-0.000148,0.000000,0.000000,0.000000
1788402299460936899,10.781030,-1,-1.019948,0.847196,-3.278427,-1.019948,0.847196,-3.278427,0.000000,0.000000,0.000000,0.000000,-0.004873,-0.005600,-0.013835,2.101827,0.875107,171.116062,0.000000,0.000000,171.116062,2.101827,0.875107,0.000000,9.806600,0.000000,0.000000,0.000000,0.720000,0.720000,1.610980,0.000000,0.000000,0.000000,0.000000,9.806546,0.001044,-0.000855,-0.001787,0.000000,0.000000,0.000000
1788402299493908959,10.814002,-1,-1.019937,0.846981,-3.279846,-1.019937,0.846981,-3.279846,0.000000,0.000000,0.000000,0.000000,-0.004557,-0.005361,-0.014049,2.101874,0.875614,171.114889,0.000000,0.000000,171.114889,2.101874,0.875614,0.000000,9.806600,0.000000,0.000000,0.000000,0.720000,0.720000,1.610980,0.000000,0.000000,0.000000,0.000000,9.813743,-0.000144,0.000818,-0.000207,0.000000,0.000000,0.000000
1788402299526945734,10.847038,-1,-1.019913,0.846791,-3.281143,-1.019913,0.846791,-3.281143,0.000000,0.000000,0.000000,0.000000,-0.004671,-0.005149,-0.014342,2.101238,0.876919,171.116104,0.000000,0.000000,171.116104,2.101238,0.876919,0.000000,9.806600,0.000000,0.000000,0.000000,0.720000,0.720000,1.610980,0.000000,0.000000,0.000000,0.000000,9.788939,-0.000721,0.001135,0.000554,0.000000,0.000000,0.000000
1788402299559869545,10.879962,-1,-1.019895,0.846513,-3.282913,-1.019895,0.846513,-3.282913,0.000000,0.000000,0.000000,0.000000,-0.005047,-0.004808,-0.014438,2.100910,0.879454,171.116677,0.000000,0.000000,171.116677,2.100910,0.879454,0.000000,9.806600,0.000000,0.000000,0.000000,0.720000,0.720000,1.610980,0.000000,0.000000,0.000000,0.000000,9.800186,0.000494,0.000783,-0.000553,0.000000,0.000000,0.000000
1788402299592812508,10.912905,-1,-1.019886,0.846290,-3.284256,-1.019886,0.846290,-3.284256,0.000000,0.000000,0.000000,0.000000,-0.005260,-0.004695,-0.014584,2.101274,0.879255,171.115884,0.000000,0.000000,171.115884,2.101274,0.879255,0.000000,9.806600,0.000000,0.000000,0.000000,0.720000,0.720000,1.610980,0.000000,0.000000,0.000000,0.000000,9.792914,0.000806,-0.000730,-0.001286,0.000000,0.000000,0.000000
1788402299625735999,10.945829,-1,-1.019857,0.846094,-3.285492,-1.019857,0.846094,-3.285492,0.000000,0.000000,0.000000,0.000000,-0.005224,-0.004711,-0.014781,2.101191,0.877910,171.114134,0.000000,0.000000,171.114134,2.101191,0.877910,0.000000,9.806600,0.000000,0.000000,0.000000,0.720000,0.720000,1.610980,0.000000,0.000000,0.000000,0.000000,9.794034,-0.000112,-0.001317,0.000617,0.000000,0.000000,0.000000
1788402299658745980,10.978839,-1,-1.019836,0.845862,-3.287186,-1.019836,0.845862,-3.287186,0.000000,0.000000,0.000000,0.000000,-0.005004,-0.004376,-0.015015,2.099695,0.876617,171.115883,0.000000,0.000000,171.115883,2.099695,0.876617,0.000000,9.806600,0.000000,0.000000,0.000000,0.720000,0.720000,1.610980,0.000000,0.000000,0.000000,0.000000,9.801395,-0.000437,-0.000193,0.000276,0.000000,0.000000,0.000000
1788402299692180673,11.012273,-1,-1.019833,0.845705,-3.288467,-1.019833,0.845705,-3.288467,0.000000,0.000000,0.000000,0.000000,-0.004981,-0.004239,-0.015056,2.099994,0.876699,171.116055,0.000000,0.000000,171.116055,2.099994,0.876699,0.000000,9.806600,0.000000,0.000000,0.000000,0.720000,0.720000,1.610980,0.000000,0.000000,0.000000,0.000000,9.805013,0.000469,0.000341,-0.000227,0.000000,0.000000,0.000000
1788402299724671362,11.044764,-1,-1.019815,0.845569,-3.289642,-1.019815,0.845569,-3.289642,0.000000,0.000000,0.000000,0.000000,-0.005030,-0.004147,-0.015280,2.100094,0.878521,171.114397,0.000000,0.000000,171.114397,2.100094,0.878521,0.000000,9.806600,0.000000,0.000000,0.000000,0.720000,0.720000,1.610980,0.000000,0.000000,0.000000,0.000000,9.800497,0.000011,0.000409,-0.000885,0.000000,0.000000,0.000000
1788402299757881245,11.077974,-1,-1.019815,0.845569,-3.289642,-1.019815,0.845569,-3.289642,0.000000,0.000000,0.000000,0.000000,-0.005030,-0.004147,-0.015280,2.100094,0.878521,171.114397,0.000000,0.000000,171.114397,2.100094,0.878521,0.000000,9.806600,0.000000,0.000000,0.000000,0.720000,0.720000,1.610980,0.000000,0.000000,0.000000,0.000000,9.800820,-0.000383,-0.000294,0.000741,0.000000,0.000000,0.000000
1788402299790631213,11.110724,-1,-1.019809,0.845205,-3.292542,-1.019809,0.845205,-3.292542,0.000000,0.000000,0.000000,0.000000,-0.005254,-0.003842,-0.015468,2.098993,0.877963,171.115348,0.000000,0.000000,171.115348,2.098993,0.877963,0.000000,9.806600,0.000000,0.000000,0.000000,0.720000,0.720000,1.610980,0.000000,0.000000,0.000000,0.000000,9.808491,-0.000105,-0.001243,0.000818,0.000000,0.000000,0.000000
1788402299823535008,11.143628,-1,-1.019785,0.845077,-3.293640,-1.019785,0.845077,-3.293640,0.000000,0.000000,0.000000,0.000000,-0.005166,-0.003808,-0.015576,2.098301,0.877870,171.115385,0.000000,0.000000,171.115385,2.098301,0.877870,0.000000,9.806600,0.000000,0.000000,0.000000,0.720000,0.720000,1.610980,0.000000,0.000000,0.000000,0.000000,9.797030,0.000056,-0.000305,0.000017,0.000000,0.000000,0.000000
1788402299856651399,11.176744,-1,-1.019789,0.844870,-3.295227,-1.019789,0.844870,-3.295227,0.000000,0.000000,0.000000,0.000000,-0.005035,-0.003692,-0.015972,2.098355,0.877924,171.112815,0.000000,0.000000,171.112815,2.098355,0.877924,0.000000,9.806600,0.000000,0.000000,0.000000,0.720000,0.720000,1.610980,0.000000,0.000000,0.000000,0.000000,9.799191,0.000082,0.000649,-0.001361,0.000000,0.000000,0.000000
1788402299889600437,11.209693,-1,-1.019789,0.844870,-3.295227,-1.019789,0.844870,-3.295227,0.000000,0.000000,0.000000,0.000000,-0.005035,-0.003692,-0.015972,2.098355,0.877924,171.112815,0.000000,0.000000,171.112815,2.098355,0.877924,0.000000,9.806600,0.000000,0.000000,0.000000,0.720000,0.720000,1.610980,0.000000,0.000000,0.000000,0.000000,9.804435,-0.000037,0.000360,-0.000499,0.000000,0.000000,0.000000
1788402299922536270,11.242629,-1,-1.019768,0.844593,-3.297394,-1.019768,0.844593,-3.297394,0.000000,0.000000,0.000000,0.000000,-0.005130,-0.003507,-0.016121,2.097172,0.880104,171.112463,0.000000,0.000000,171.112463,2.097172,0.880104,0.000000,9.806600,0.000000,0.000000,0.000000,0.720000,0.720000,1.610980,0.000000,0.000000,0.000000,0.000000,9.802356,-0.000644,0.000651,0.000119,0.000000,0.000000,0.000000
1788402299955495060,11.275588,-1,-1.019768,0.844593,-3.297394,-1.019768,0.844593,-3.297394,0.000000,0.000000,0.000000,0.000000,-0.005130,-0.003507,-0.016121,2.097172,0.880104,171.112463,0.000000,0.000000,171.112463,2.097172,0.880104,0.000000,9.806600,0.000000,0.000000,0.000000,0.720000,0.720000,1.610980,0.000000,0.000000,0.000000,0.000000,9.795560,0.001274,0.000049,-0.000329,0.000000,0.000000,0.000000
1788402299988599333,11.308692,-1,-1.019780,0.844491,-3.298889,-1.019780,0.844491,-3.298889,0.000000,0.000000,0.000000,0.000000,-0.005104,-0.003515,-0.016058,2.098138,0.879968,171.112060,0.000000,0.000000,171.112060,2.098138,0.879968,0.000000,9.806600,0.000000,0.000000,0.000000,0.720000,0.720000,1.610980,0.000000,0.000000,0.000000,0.000000,9.794407,-0.000002,-0.000939,-0.001081,0.000000,0.000000,0.000000
1788402300021501189,11.341594,-1,-1.019785,0.844443,-3.299957,-1.019785,0.844443,-3.299957,0.000000,0.000000,0.000000,0.000000,-0.005093,-0.003341,-0.016103,2.098411,0.879560,171.110997,0.000000,0.000000,171.110997,2.098411,0.879560,0.000000,9.806600,0.000000,0.000000,0.000000,0.720000,0.720000,1.610980,0.000000,0.000000,0.000000,0.000000,9.809421,-0.000070,-0.000092,-0.000343,0.000000,0.000000,0.000000
1788402300054478298,11.374571,-1,-1.019775,0.844403,-3.300934,-1.019775,0.844403,-3.300934,0.000000,0.000000,0.000000,0.000000,-0.004969,-0.003087,-0.016177,2.098390,0.878771,171.109514,0.000000,0.000000,171.109514,2.098390,0.878771,0.000000,9.806600,0.000000,0.000000,0.000000,0.720000,0.720000,1.610980,0.000000,0.000000,0.000000,0.000000,9.785382,0.000863,0.000062,0.000729,0.000000,0.000000,0.000000
1788402300087835555,11.407928,-1,-1.019791,0.844314,-3.302353,-1.019791,0.844314,-3.302353,0.000000,0.000000,0.000000,0.000000,-0.004871,-0.003109,-0.016338,2.098311,0.879259,171.111185,0.000000,0.000000,171.111185,2.098311,0.879259,0.000000,9.806600,0.000000,0.000000,0.000000,0.720000,0.720000,1.610980,0.000000,0.000000,0.000000,0.000000,9.789582,0.000321,0.000622,-0.000450,0.000000,0.000000,0.000000
1788402300120427273,11.440520,-1,-1.019793,0.844250,-3.303391,-1.019793,0.844250,-3.303391,0.000000,0.000000,0.000000,0.000000,-0.005043,-0.002944,-0.016420,2.098762,0.880478,171.111165,0.000000,0.000000,171.111165,2.098762,0.880478,0.000000,9.806600,0.000000,0.000000,0.000000,0.720000,0.720000,1.610980,0.000000,0.000000,0.000000,0.000000,9.803171,0.000111,-0.000339,-0.000307,0.000000,0.000000,0.000000
1788402300153383342,11.473476,-1,-1.019775,0.844199,-3.304337,-1.019775,0.844199,-3.304337,0.000000,0.000000,0.000000,0.000000,-0.005068,-0.002921,-0.016412,2.098903,0.880766,171.110877,0.000000,0.000000,171.110877,2.098903,0.880766,0.000000,9.806600,0.000000,0.000000,0.000000,0.720000,0.720000,1.610980,0.000000,0.000000,0.000000,0.000000,9.797434,-0.000084,-0.000157,-0.000049,0.000000,0.000000,0.000000
1788402300186385456,11.506478,-1,-1.019761,0.844107,-3.305618,-1.019761,0.844107,-3.305618,0.000000,0.000000,0.000000,0.000000,-0.004988,-0.002935,-0.016454,2.098760,0.880323,171.110765,0.000000,0.000000,171.110765,2.098760,0.880323,0.000000,9.806600,0.000000,0.000000,0.000000,0.720000,0.720000,1.610980,0.000000,0.000000,0.000000,0.000000,9.803571,-0.000616,0.000141,-0.000149,0.000000,0.000000,0.000000
1788402300219322980,11.539416,-1,-1.019760,0.844022,-3.306564,-1.019760,0.844022,-3.306564,0.000000,0.000000,0.000000,0.000000,-0.004870,-0.002956,-0.016508,2.098178,0.880425,171.111210,0.000000,0.000000,171.111210,2.098178,0.880425,0.000000,9.806600,0.000000,0.000000,0.000000,0.720000,0.720000,1.610980,0.000000,0.000000,0.000000,0.000000,9.791200,0.000361,-0.000296,-0.000897,0.000000,0.000000,0.000000
1788402300252293535,11.572386,-1,-1.019744,0.843955,-3.307434,-1.019744,0.843955,-3.307434,0.000000,0.000000,0.000000,0.000000,-0.004778,-0.002843,-0.016632,2.098074,0.880490,171.110514,0.000000,0.000000,171.110514,2.098074,0.880490,0.000000,9.806600,0.000000,0.000000,0.000000,0.720000,0.720000,1.610980,0.000000,0.000000,0.000000,0.000000,9.798364,-0.000244,0.000732,-0.000585,0.000000,0.000000,0.000000
1788402300285293026,11.605386,-1,-1.019776,0.843859,-3.308746,-1.019776,0.843859,-3.308746,0.000000,0.000000,0.000000,0.000000,-0.004524,-0.002736,-0.016762,2.098378,0.881882,171.108603,0.000000,0.000000,171.108603,2.098378,0.881882,0.000000,9.806600,0.000000,0.000000,0.000000,0.720000,0.720000,1.610980,0.000000,0.000000,0.000000,0.000000,9.797951,-0.000001,0.001022,-0.000585,0.000000,0.000000,0.000000
1788402300318229911,11.638323,-1,-1.019801,0.843798,-3.309692,-1.019801,0.843798,-3.309692,0.000000,0.000000,0.000000,0.000000,-0.004494,-0.002685,-0.016739,2.098304,0.882673,171.107356,0.000000,0.000000,171.107356,2.098304,0.882673,0.000000,9.806600,0.000000,0.000000,0.000000,0.720000,0.720000,1.610980,0.000000,0.000000,0.000000,0.000000,9.795531,0.000075,-0.000746,-0.000490,0.000000,0.000000,0.000000
1788402300351197396,11.671290,-1,-1.019804,0.843750,-3.310562,-1.019804,0.843750,-3.310562,0.000000,0.000000,0.000000,0.000000,-0.004675,-0.002671,-0.016919,2.097874,0.882671,171.107061,0.000000,0.000000,171.107061,2.097874,0.882671,0.000000,9.806600,0.000000,0.000000,0.000000,0.720000,0.720000,1.610980,0.000000,0.000000,0.000000,0.000000,9.795550,0.000259,-0.001016,0.000265,0.000000,0.000000,0.000000
1788402300384174985,11.704268,-1,-1.019823,0.843675,-3.311768,-1.019823,0.843675,-3.311768,0.000000,0.000000,0.000000,0.000000,-0.004603,-0.002519,-0.017002,2.097793,0.881762,171.107213,0.000000,0.000000,171.107213,2.097793,0.881762,0.000000,9.806600,0.000000,0.000000,0.000000,0.720000,0.720000,1.610980,0.000000,0.000000,0.000000,0.000000,9.797256,0.000136,-0.000545,-0.000727,0.000000,0.000000,0.000000
1788402300417152734,11.737245,-1,-1.019846,0.843615,-3.312698,-1.019846,0.843615,-3.312698,0.000000,0.000000,0.000000,0.000000,-0.004566,-0.002360,-0.017034,2.097537,0.881188,171.106946,0.000000,0.000000,171.106946,2.097537,0.881188,0.000000,9.806600,0.000000,0.000000,0.000000,0.720000,0.720000,1.610980,0.000000,0.000000,0.000000,0.000000,9.805741,-0.000710,-0.000735,-0.000144,0.000000,0.000000,0.000000
1788402300450105830,11.770199,-1,-1.019854,0.843564,-3.313553,-1.019854,0.843564,-3.313553,0.000000,0.000000,0.000000,0.000000,-0.004543,-0.002262,-0.016943,2.097093,0.881158,171.106467,0.000000,0.000000,171.106467,2.097093,0.881158,0.000000,9.806600,0.000000,0.000000,0.000000,0.720000,0.720000,1.610980,0.000000,0.000000,0.000000,0.000000,9.796229,0.000087,0.000086,-0.000036,0.000000,0.000000,0.000000
1788402300483095697,11.803188,-1,-1.019881,0.843481,-3.314468,-1.019881,0.843481,-3.314468,0.000000,0.000000,0.000000,0.000000,-0.004514,-0.002191,-0.016960,2.096951,0.881507,171.106400,0.000000,0.000000,171.106400,2.096951,0.881507,0.000000,9.806600,0.000000,0.000000,0.000000,0.720000,0.720000,1.610980,0.000000,0.000000,0.000000,0.000000,9.796091,0.000001,0.000235,-0.000090,0.000000,0.000000,0.000000
1788402300516072390,11.836165,-1,-1.019910,0.843362,-3.315628,-1.019910,0.843362,-3.315628,0.000000,0.000000,0.000000,0.000000,-0.004430,-0.002051,-0.016883,2.096959,0.882375,171.106260,0.000000,0.000000,171.106260,2.096959,0.882375,0.000000,9.806600,0.000000,0.000000,0.000000,0.720000,0.720000,1.610980,0.000000,0.000000,0.000000,0.000000,9.797844,-0.000389,0.000261,-0.000220,0.000000,0.000000,0.000000
1788402300549060947,11.869154,-1,-1.019913,0.843289,-3.316406,-1.019913,0.843289,-3.316406,0.000000,0.000000,0.000000,0.000000,-0.004486,-0.002040,-0.016929,2.096903,0.882026,171.105185,0.000000,0.000000,171.105185,2.096903,0.882026,0.000000,9.806600,0.000000,0.000000,0.000000,0.720000,0.720000,1.610980,0.000000,0.000000,0.000000,0.000000,9.793146,0.000061,-0.000603,0.000699,0.000000,0.000000,0.000000
1788402300582047232,11.902140,-1,-1.019960,0.843206,-3.317535,-1.019960,0.843206,-3.317535,0.000000,0.000000,0.000000,0.000000,-0.004422,-0.001934,-0.016894,2.096234,0.882399,171.104943,0.000000,0.000000,171.104943,2.096234,0.882399,0.000000,9.806600,0.000000,0.000000,0.000000,0.720000,0.720000,1.610980,0.000000,0.000000,0.000000,0.000000,9.803980,0.000042,0.000163,0.000582,0.000000,0.000000,0.000000
1788402300615060793,11.935153,-1,-1.019992,0.843158,-3.318344,-1.019992,0.843158,-3.318344,0.000000,0.000000,0.000000,0.000000,-0.004418,-0.001976,-0.016864,2.095697,0.882415,171.105021,0.000000,0.000000,171.105021,2.095697,0.882415,0.000000,9.806600,0.000000,0.000000,0.000000,0.720000,0.720000,1.610980,0.000000,0.000000,0.000000,0.000000,9.797910,0.000566,0.000222,-0.000604,0.000000,0.000000,0.000000
1788402300648001707,11.968094,-1,-1.020004,0.843123,-3.319077,-1.020004,0.843123,-3.319077,0.000000,0.000000,0.000000,0.000000,-0.004418,-0.001969,-0.016937,2.096411,0.882313,171.104407,0.000000,0.000000,171.104407,2.096411,0.882313,0.000000,9.806600,0.000000,0.000000,0.000000,0.720000,0.720000,1.610980,0.000000,0.000000,0.000000,0.000000,9.795415,-0.000060,-0.000244,-0.000776,0.000000,0.000000,0.000000
1788402300680946042,12.001039,-1,-1.020030,0.843052,-3.320038,-1.020030,0.843052,-3.320038,0.000000,0.000000,0.000000,0.000000,-0.004341,-0.001890,-0.016922,2.096306,0.882317,171.103845,0.000000,0.000000,171.103845,2.096306,0.882317,0.000000,9.806600,0.000000,0.000000,0.000000,0.720000,0.720000,1.610980,0.000000,0.000000,0.000000,0.000000,9.794262,-0.000002,0.000386,-0.000303,0.000000,0.000000,0.000000
1788402300713941600,12.034034,-1,-1.020053,0.842980,-3.320740,-1.020053,0.842980,-3.320740,0.000000,0.000000,0.000000,0.000000,-0.004399,-0.001683,-0.017038,2.096324,0.882532,171.103441,0.000000,0.000000,171.103441,2.096324,0.882532,0.000000,9.806600,0.000000,0.000000,0.000000,0.720000,0.720000,1.610980,0.000000,0.000000,0.000000,0.000000,9.790044,-0.000255,0.000016,-0.000425,0.000000,0.000000,0.000000
1788402300746966224,12.067059,-1,-1.020058,0.842917,-3.321396,-1.020058,0.842917,-3.321396,0.000000,0.000000,0.000000,0.000000,-0.004497,-0.001585,-0.017166,2.096225,0.883172,171.103074,0.000000,0.000000,171.103074,2.096225,0.883172,0.000000,9.806600,0.000000,0.000000,0.000000,0.720000,0.720000,1.610980,0.000000,0.000000,0.000000,0.000000,9.801861,-0.000822,-0.000353,-0.000138,0.000000,0.000000,0.000000
1788402300779854635,12.099947,-1,-1.020067,0.842815,-3.322067,-1.020067,0.842815,-3.322067,0.000000,0.000000,0.000000,0.000000,-0.004481,-0.001517,-0.017220,2.095762,0.882923,171.102236,0.000000,0.000000,171.102236,2.095762,0.882923,0.000000,9.806600,0.000000,0.000000,0.000000,0.720000,0.720000,1.610980,0.000000,0.000000,0.000000,0.000000,9.803885,0.000558,-0.000475,-0.000811,0.000000,0.000000,0.000000
1788402300812841465,12.132934,-1,-1.020070,0.842669,-3.322922,-1.020070,0.842669,-3.322922,0.000000,0.000000,0.000000,0.000000,-0.004348,-0.001355,-0.017131,2.096153,0.882923,171.101570,0.000000,0.000000,171.101570,2.096153,0.882923,0.000000,9.806600,0.000000,0.000000,0.000000,0.720000,0.720000,1.610980,0.000000,0.000000,0.000000,0.000000,9.803383,0.000203,-0.000314,-0.000306,0.000000,0.000000,0.000000
1788402300845834338,12.165927,-1,-1.020061,0.842572,-3.323502,-1.020061,0.842572,-3.323502,0.000000,0.000000,0.000000,0.000000,-0.004136,-0.001161,-0.017067,2.096245,0.883661,171.100456,0.000000,0.000000,171.100456,2.096245,0.883661,0.000000,9.806600,0.000000,0.000000,0.000000,0.720000,0.720000,1.610980,0.000000,0.000000,0.000000,0.000000,9.805388,0.000110,-0.000275,-0.000671,0.000000,0.000000,0.000000
1788402300878796099,12.198889,-1,-1.020092,0.842430,-3.324341,-1.020092,0.842430,-3.324341,0.000000,0.000000,0.000000,0.000000,-0.004133,-0.001038,-0.017013,2.096391,0.883765,171.100060,0.000000,0.000000,171.100060,2.096391,0.883765,0.000000,9.806600,0.000000,0.000000,0.000000,0.720000,0.720000,1.610980,0.000000,0.000000,0.000000,0.000000,9.798325,0.000380,-0.000340,-0.001291,0.000000,0.000000,0.000000
1788402300911766174,12.231859,-1,-1.020109,0.842331,-3.324936,-1.020109,0.842331,-3.324936,0.000000,0.000000,0.000000,0.000000,-0.004259,-0.001012,-0.016992,2.096372,0.884511,171.098889,0.000000,0.000000,171.098889,2.096372,0.884511,0.000000,9.806600,0.000000,0.000000,0.000000,0.720000,0.720000,1.610980,0.000000,0.000000,0.000000,0.000000,9.792954,-0.000774,0.000073,-0.000419,0.000000,0.000000,0.000000
1788402300944760901,12.264854,-1,-1.020109,0.842244,-3.325500,-1.020109,0.842244,-3.325500,0.000000,0.000000,0.000000,0.000000,-0.004192,-0.000909,-0.016892,2.096140,0.884159,171.098336,0.000000,0.000000,171.098336,2.096140,0.884159,0.000000,9.806600,0.000000,0.000000,0.000000,0.720000,0.720000,1.610980,0.000000,0.000000,0.000000,0.000000,9.799168,0.000195,-0.001167,-0.000302,0.000000,0.000000,0.000000
1788402300977714125,12.297807,-1,-1.020124,0.842146,-3.326111,-1.020124,0.842146,-3.326111,0.000000,0.000000,0.000000,0.000000,-0.004159,-0.000940,-0.016872,2.095595,0.883507,171.097822,0.000000,0.000000,171.097822,2.095595,0.883507,0.000000,9.806600,0.000000,0.000000,0.000000,0.720000,0.720000,1.610980,0.000000,0.000000,0.000000,0.000000,9.806263,-0.000038,-0.000265,-0.000474,0.000000,0.000000,0.000000
1788402301010705898,12.330799,-1,-1.020138,0.842025,-3.326920,-1.020138,0.842025,-3.326920,0.000000,0.000000,0.000000,0.000000,-0.004023,-0.000975,-0.016888,2.095654,0.883865,171.097229,0.000000,0.000000,171.097229,2.095654,0.883865,0.000000,9.806600,0.000000,0.000000,0.000000,0.720000,0.720000,1.610980,0.000000,0.000000,0.000000,0.000000,9.791727,-0.000583,0.000954,0.000422,0.000000,0.000000,0.000000
1788402301044535746,12.364628,-1,-1.020134,0.841947,-3.327484,-1.020134,0.841947,-3.327484,0.000000,0.000000,0.000000,0.000000,-0.004026,-0.000839,-0.016888,2.095028,0.884545,171.097487,0.000000,0.000000,171.097487,2.095028,0.884545,0.000000,9.806600,0.000000,0.000000,0.000000,0.720000,0.720000,1.610980,0.000000,0.000000,0.000000,0.000000,9.795403,0.000373,-0.000115,-0.000652,0.000000,0.000000,0.000000
1788402301076662398,12.396755,-1,-1.020140,0.841862,-3.328079,-1.020140,0.841862,-3.328079,0.000000,0.000000,0.000000,0.000000,-0.004016,-0.000704,-0.016912,2.095647,0.884680,171.096733,0.000000,0.000000,171.096733,2.095647,0.884680,0.000000,9.806600,0.000000,0.000000,0.000000,0.720000,0.720000,1.610980,0.000000,0.000000,0.000000,0.000000,9.794082,-0.000225,-0.000681,0.000051,0.000000,0.000000,0.000000
1788402301109617018,12.429710,-1,-1.020139,0.841752,-3.328842,-1.020139,0.841752,-3.328842,0.000000,0.000000,0.000000,0.000000,-0.004004,-0.000548,-0.016842,2.094951,0.884513,171.096346,0.000000,0.000000,171.096346,2.094951,0.884513,0.000000,9.806600,0.000000,0.000000,0.000000,0.720000,0.720000,1.610980,0.000000,0.000000,0.000000,0.000000,9.796000,0.000254,-0.000099,-0.000347,0.000000,0.000000,0.000000
1788402301142646909,12.462740,-1,-1.020123,0.841679,-3.329361,-1.020123,0.841679,-3.329361,0.000000,0.000000,0.000000,0.000000,-0.003987,-0.000514,-0.016862,2.095142,0.884350,171.095769,0.000000,0.000000,171.095769,2.095142,0.884350,0.000000,9.806600,0.000000,0.000000,0.000000,0.720000,0.720000,1.610980,0.000000,0.000000,0.000000,0.000000,9.800183,-0.000289,0.000146,-0.000910,0.000000,0.000000,0.000000
1788402301175553854,12.495647,-1,-1.020128,0.841589,-3.329941,-1.020128,0.841589,-3.329941,0.000000,0.000000,0.000000,0.000000,-0.003854,-0.000431,-0.016853,2.095515,0.884453,171.095256,0.000000,0.000000,171.095256,2.095515,0.884453,0.000000,9.806600,0.000000,0.000000,0.000000,0.720000,0.720000,1.610980,0.000000,0.000000,0.000000,0.000000,9.807626,0.000014,-0.000060,-0.000437,0.000000,0.000000,0.000000
1788402301211588848,12.531682,-1,-1.020135,0.841466,-3.330673,-1.020135,0.841466,-3.330673,0.000000,0.000000,0.000000,0.000000,-0.003847,-0.000272,-0.016738,2.095643,0.884406,171.094970,0.000000,0.000000,171.094970,2.095643,0.884406,0.000000,9.806600,0.000000,0.000000,0.000000,0.720000,0.720000,1.610980,0.000000,0.000000,0.000000,0.000000,9.798697,0.000021,0.000150,-0.000794,0.000000,0.000000,0.000000
1788402301241543992,12.561637,-1,-1.020122,0.841383,-3.331146,-1.020122,0.841383,-3.331146,0.000000,0.000000,0.000000,0.000000,-0.004030,-0.000163,-0.016546,2.095609,0.884538,171.093672,0.000000,0.000000,171.093672,2.095609,0.884538,0.000000,9.806600,0.000000,0.000000,0.000000,0.720000,0.720000,1.610980,0.000000,0.000000,0.000000,0.000000,9.789331,-0.000460,0.000026,-0.000271,0.000000,0.000000,0.000000
1788402301274491066,12.594584,-1,-1.020113,0.841306,-3.331619,-1.020113,0.841306,-3.331619,0.000000,0.000000,0.000000,0.000000,-0.004090,-0.000198,-0.016389,2.095111,0.884765,171.093226,0.000000,0.000000,171.093226,2.095111,0.884765,0.000000,9.806600,0.000000,0.000000,0.000000,0.720000,0.720000,1.610980,0.000000,0.000000,0.000000,0.000000,9.789664,-0.000162,-0.001330,-0.000374,0.000000,0.000000,0.000000
1788402301307465096,12.627558,-1,-1.020102,0.841239,-3.332062,-1.020102,0.841239,-3.332062,0.000000,0.000000,0.000000,0.000000,-0.003956,-0.000243,-0.016275,2.095302,0.884328,171.093223,0.000000,0.000000,171.093223,2.095302,0.884328,0.000000,9.806600,0.000000,0.000000,0.000000,0.720000,0.720000,1.610980,0.000000,0.000000,0.000000,0.000000,9.802794,-0.000295,0.000182,-0.000483,0.000000,0.000000,0.000000
1788402301340823436,12.660916,-1,-1.020072,0.841163,-3.332596,-1.020072,0.841163,-3.332596,0.000000,0.000000,0.000000,0.000000,-0.003919,-0.000137,-0.016165,2.094600,0.884756,171.091850,0.000000,0.000000,171.091850,2.094600,0.884756,0.000000,9.806600,0.000000,0.000000,0.000000,0.720000,0.720000,1.610980,0.000000,0.000000,0.000000,0.000000,9.805158,-0.000755,-0.000481,-0.000755,0.000000,0.000000,0.000000
1788402301373405512,12.693498,-1,-1.020052,0.841121,-3.332993,-1.020052,0.841121,-3.332993,0.000000,0.000000,0.000000,0.000000,-0.003805,-0.000108,-0.016061,2.093679,0.884631,171.091720,0.000000,0.000000,171.091720,2.093679,0.884631,0.000000,9.806600,0.000000,0.000000,0.000000,0.720000,0.720000,1.610980,0.000000,0.000000,0.000000,0.000000,9.793855,-0.000230,0.000647,-0.000604,0.000000,0.000000,0.000000
1788402301406409950,12.726503,-1,-1.020014,0.841081,-3.333481,-1.020014,0.841081,-3.333481,0.000000,0.000000,0.000000,0.000000,-0.003921,-0.000174,-0.015865,2.093822,0.885479,171.091072,0.000000,0.000000,171.091072,2.093822,0.885479,0.000000,9.806600,0.000000,0.000000,0.000000,0.720000,0.720000,1.610980,0.000000,0.000000,0.000000,0.000000,9.800093,0.000088,-0.000184,-0.000057,0.000000,0.000000,0.000000
1788402301440534899,12.760628,-1,-1.019971,0.841057,-3.333832,-1.019971,0.841057,-3.333832,0.000000,0.000000,0.000000,0.000000,-0.003963,-0.000125,-0.015767,2.093645,0.885678,171.090526,0.000000,0.000000,171.090526,2.093645,0.885678,0.000000,9.806600,0.000000,0.000000,0.000000,0.720000,0.720000,1.610980,0.000000,0.000000,0.000000,0.000000,9.800820,-0.000317,-0.000769,-0.000508,0.000000,0.000000,0.000000
1788402301472314618,12.792407,-1,-1.019954,0.841053,-3.334183,-1.019954,0.841053,-3.334183,0.000000,0.000000,0.000000,0.000000,-0.003970,-0.000202,-0.015724,2.092889,0.885391,171.089050,0.000000,0.000000,171.089050,2.092889,0.885391,0.000000,9.806600,0.000000,0.000000,0.000000,0.720000,0.720000,1.610980,0.000000,0.000000,0.000000,0.000000,9.801227,-0.000324,-0.000045,0.000178,0.000000,0.000000,0.000000
1788402301505330248,12.825423,-1,-1.019943,0.841065,-3.334534,-1.019943,0.841065,-3.334534,0.000000,0.000000,0.000000,0.000000,-0.003881,-0.000323,-0.015599,2.092869,0.885450,171.088938,0.000000,0.000000,171.088938,2.092869,0.885450,0.000000,9.806600,0.000000,0.000000,0.000000,0.720000,0.720000,1.610980,0.000000,0.000000,0.000000,0.000000,9.801281,-0.000358,-0.000237,0.000152,0.000000,0.000000,0.000000
1788402301538341496,12.858434,-1,-1.019913,0.841091,-3.334976,-1.019913,0.841091,-3.334976,0.000000,0.000000,0.000000,0.000000,-0.003810,-0.000374,-0.015506,2.092998,0.884706,171.089211,0.000000,0.000000,171.089211,2.092998,0.884706,0.000000,9.806600,0.000000,0.000000,0.000000,0.720000,0.720000,1.610980,0.000000,0.000000,0.000000,0.000000,9.798624,-0.000122,0.000164,-0.000213,0.000000,0.000000,0.000000
1788402301571278242,12.891371,-1,-1.019914,0.841139,-3.335327,-1.019914,0.841139,-3.335327,0.000000,0.000000,0.000000,0.000000,-0.003924,-0.000659,-0.015434,2.092682,0.884680,171.088759,0.000000,0.000000,171.088759,2.092682,0.884680,0.000000,9.806600,0.000000,0.000000,0.000000,0.720000,0.720000,1.610980,0.000000,0.000000,0.000000,0.000000,9.793170,0.000439,-0.000355,-0.000759,0.000000,0.000000,0.000000
1788402301604244246,12.924337,-1,-1.019916,0.841203,-3.335709,-1.019916,0.841203,-3.335709,0.000000,0.000000,0.000000,0.000000,-0.003861,-0.000791,-0.015298,2.093140,0.884840,171.088270,0.000000,0.000000,171.088270,2.093140,0.884840,0.000000,9.806600,0.000000,0.000000,0.000000,0.720000,0.720000,1.610980,0.000000,0.000000,0.000000,0.000000,9.801806,-0.000218,0.000558,-0.000281,0.000000,0.000000,0.000000
1788402301637271163,12.957364,-1,-1.019902,0.841290,-3.336197,-1.019902,0.841290,-3.336197,0.000000,0.000000,0.000000,0.000000,-0.003795,-0.000760,-0.015158,2.093608,0.885524,171.087944,0.000000,0.000000,171.087944,2.093608,0.885524,0.000000,9.806600,0.000000,0.000000,0.000000,0.720000,0.720000,1.610980,0.000000,0.000000,0.000000,0.000000,9.798964,-0.000654,-0.000779,-0.000306,0.000000,0.000000,0.000000
1788402301670138906,12.990232,-1,-1.019902,0.841339,-3.336517,-1.019902,0.841339,-3.336517,0.000000,0.000000,0.000000,0.000000,-0.003710,-0.000746,-0.015052,2.093376,0.885116,171.087927,0.000000,0.000000,171.087927,2.093376,0.885116,0.000000,9.806600,0.000000,0.000000,0.000000,0.720000,0.720000,1.610980,0.000000,0.000000,0.000000,0.000000,9.789945,-0.000233,-0.000687,0.000231,0.000000,0.000000,0.000000
1788402301703210396,13.023303,-1,-1.019906,0.841383,-3.336853,-1.019906,0.841383,-3.336853,0.000000,0.000000,0.000000,0.000000,-0.003558,-0.000788,-0.015080,2.093568,0.885193,171.088293,0.000000,0.000000,171.088293,2.093568,0.885193,0.000000,9.806600,0.000000,0.000000,0.000000,0.720000,0.720000,1.610980,0.000000,0.000000,0.000000,0.000000,9.790379,-0.000077,0.000030,-0.000145,0.000000,0.000000,0.000000
1788402301740189173,13.060282,-1,-1.019895,0.841445,-3.337296,-1.019895,0.841445,-3.337296,0.000000,0.000000,0.000000,0.000000,-0.003463,-0.000736,-0.015008,2.093973,0.885041,171.087710,0.000000,0.000000,171.087710,2.093973,0.885041,0.000000,9.806600,0.000000,0.000000,0.000000,0.720000,0.720000,1.610980,0.000000,0.000000,0.000000,0.000000,9.797238,-0.000315,0.000671,-0.000816,0.000000,0.000000,0.000000
1788402301769046829,13.089140,-1,-1.019898,0.841444,-3.337616,-1.019898,0.841444,-3.337616,0.000000,0.000000,0.000000,0.000000,-0.003479,-0.000683,-0.014930,2.093810,0.886105,171.087425,0.000000,0.000000,171.087425,2.093810,0.886105,0.000000,9.806600,0.000000,0.000000,0.000000,0.720000,0.720000,1.610980,0.000000,0.000000,0.000000,0.000000,9.799114,-0.000107,-0.000219,-0.000373,0.000000,0.000000,0.000000
1788402301802115793,13.122208,-1,-1.019897,0.841418,-3.338043,-1.019897,0.841418,-3.338043,0.000000,0.000000,0.000000,0.000000,-0.003452,-0.000631,-0.014732,2.093856,0.887083,171.088250,0.000000,0.000000,171.088250,2.093856,0.887083,0.000000,9.806600,0.000000,0.000000,0.000000,0.720000,0.720000,1.610980,0.000000,0.000000,0.000000,0.000000,9.802623,0.000440,0.000222,0.000173,0.000000,0.000000,0.000000
1788402301838861886,13.158955,-1,-1.019879,0.841405,-3.338364,-1.019879,0.841405,-3.338364,0.000000,0.000000,0.000000,0.000000,-0.003652,-0.000704,-0.014623,2.093776,0.886832,171.088746,0.000000,0.000000,171.088746,2.093776,0.886832,0.000000,9.806600,0.000000,0.000000,0.000000,0.720000,0.720000,1.610980,0.000000,0.000000,0.000000,0.000000,9.797303,-0.000487,-0.000373,-0.000474,0.000000,0.000000,0.000000
1788402301867963705,13.188056,-1,-1.019878,0.841375,-3.338684,-1.019878,0.841375,-3.338684,0.000000,0.000000,0.000000,0.000000,-0.003559,-0.000617,-0.014569,2.093308,0.885659,171.088225,0.000000,0.000000,171.088225,2.093308,0.885659,0.000000,9.806600,0.000000,0.000000,0.000000,0.720000,0.720000,1.610980,0.000000,0.000000,0.000000,0.000000,9.803207,0.000714,-0.000448,-0.000847,0.000000,0.000000,0.000000
1788402301901034428,13.221127,-1,-1.019879,0.841340,-3.338989,-1.019879,0.841340,-3.338989,0.000000,0.000000,0.000000,0.000000,-0.003618,-0.000618,-0.014304,2.093843,0.884702,171.087609,0.000000,0.000000,171.087609,2.093843,0.884702,0.000000,9.806600,0.000000,0.000000,0.000000,0.720000,0.720000,1.610980,0.000000,0.000000,0.000000,0.000000,9.796400,-0.000185,-0.000323,0.000229,0.000000,0.000000,0.000000
1788402301934907859,13.255001,-1,-1.019858,0.841303,-3.339355,-1.019858,0.841303,-3.339355,0.000000,0.000000,0.000000,0.000000,-0.003636,-0.000665,-0.014151,2.093667,0.884250,171.088098,0.000000,0.000000,171.088098,2.093667,0.884250,0.000000,9.806600,0.000000,0.000000,0.000000,0.720000,0.720000,1.610980,0.000000,0.000000,0.000000,0.000000,9.798271,0.000047,0.000463,-0.000194,0.000000,0.000000,0.000000
1788402301966903028,13.286996,-1,-1.019868,0.841253,-3.339645,-1.019868,0.841253,-3.339645,0.000000,0.000000,0.000000,0.000000,-0.003644,-0.000618,-0.013948,2.094269,0.885044,171.088291,0.000000,0.000000,171.088291,2.094269,0.885044,0.000000,9.806600,0.000000,0.000000,0.000000,0.720000,0.720000,1.610980,0.000000,0.000000,0.000000,0.000000,9.796668,-0.000271,-0.000135,-0.000419,0.000000,0.000000,0.000000
1788402301999945548,13.320038,-1,-1.019882,0.841196,-3.339935,-1.019882,0.841196,-3.339935,0.000000,0.000000,0.000000,0.000000,-0.003804,-0.000558,-0.013857,2.094405,0.885100,171.088338,0.000000,0.000000,171.088338,2.094405,0.885100,0.000000,9.806600,0.000000,0.000000,0.000000,0.720000,0.720000,1.610980,0.000000,0.000000,0.000000,0.000000,9.808068,0.000037,-0.000019,-0.000091,0.000000,0.000000,0.000000
1788402302036464810,13.356557,-1,-1.019875,0.841130,-3.340317,-1.019875,0.841130,-3.340317,0.000000,0.000000,0.000000,0.000000,-0.003774,-0.000588,-0.013797,2.094590,0.884706,171.088798,0.000000,0.000000,171.088798,2.094590,0.884706,0.000000,9.806600,0.000000,0.000000,0.000000,0.720000,0.720000,1.610980,0.000000,0.000000,0.000000,0.000000,9.808739,-0.000183,-0.000519,0.000330,0.000000,0.000000,0.000000
1788402302065907283,13.386000,-1,-1.019887,0.841069,-3.340591,-1.019887,0.841069,-3.340591,0.000000,0.000000,0.000000,0.000000,-0.003659,-0.000657,-0.013570,2.093935,0.885105,171.088978,0.000000,0.000000,171.088978,2.093935,0.885105,0.000000,9.806600,0.000000,0.000000,0.000000,0.720000,0.720000,1.610980,0.000000,0.000000,0.000000,0.000000,9.806973,-0.000670,0.000738,-0.001085,0.000000,0.000000,0.000000
1788402302098854469,13.418947,-1,-1.019903,0.841007,-3.340836,-1.019903,0.841007,-3.340836,0.000000,0.000000,0.000000,0.000000,-0.003601,-0.000626,-0.013549,2.093125,0.886255,171.088897,0.000000,0.000000,171.088897,2.093125,0.886255,0.000000,9.806600,0.000000,0.000000,0.000000,0.720000,0.720000,1.610980,0.000000,0.000000,0.000000,0.000000,9.799930,-0.000069,-0.000385,-0.000128,0.000000,0.000000,0.000000
1788402302131873504,13.451966,-1,-1.019905,0.840933,-3.341171,-1.019905,0.840933,-3.341171,0.000000,0.000000,0.000000,0.000000,-0.003600,-0.000527,-0.013392,2.092683,0.886480,171.088582,0.000000,0.000000,171.088582,2.092683,0.886480,0.000000,9.806600,0.000000,0.000000,0.000000,0.720000,0.720000,1.610980,0.000000,0.000000,0.000000,0.000000,9.793797,0.000002,-0.000682,-0.000048,0.000000,0.000000,0.000000
1788402302164772631,13.484865,-1,-1.019926,0.840855,-3.341415,-1.019926,0.840855,-3.341415,0.000000,0.000000,0.000000,0.000000,-0.003620,-0.000355,-0.013342,2.092141,0.886359,171.088959,0.000000,0.000000,171.088959,2.092141,0.886359,0.000000,9.806600,0.000000,0.000000,0.000000,0.720000,0.720000,1.610980,0.000000,0.000000,0.000000,0.000000,9.802256,-0.000225,0.000066,-0.000139,0.000000,0.000000,0.000000
1788402302197786390,13.517879,-1,-1.019949,0.840772,-3.341660,-1.019949,0.840772,-3.341660,0.000000,0.000000,0.000000,0.000000,-0.003642,-0.000340,-0.013279,2.092129,0.885487,171.090494,0.000000,0.000000,171.090494,2.092129,0.885487,0.000000,9.806600,0.000000,0.000000,0.000000,0.720000,0.720000,1.610980,0.000000,0.000000,0.000000,0.000000,9.798514,-0.000472,-0.000992,0.000754,0.000000,0.000000,0.000000
1788402302230732265,13.550825,-1,-1.019961,0.840667,-3.341980,-1.019961,0.840667,-3.341980,0.000000,0.000000,0.000000,0.000000,-0.003529,-0.000152,-0.013235,2.091919,0.885204,171.090675,0.000000,0.000000,171.090675,2.091919,0.885204,0.000000,9.806600,0.000000,0.000000,0.000000,0.720000,0.720000,1.610980,0.000000,0.000000,0.000000,0.000000,9.793708,0.000434,0.000349,0.000235,0.000000,0.000000,0.000000
1788402302263764699,13.583857,-1,-1.019991,0.840622,-3.342239,-1.019991,0.840622,-3.342239,0.000000,0.000000,0.000000,0.000000,-0.003466,-0.000039,-0.013117,2.092805,0.887012,171.091593,0.000000,0.000000,171.091593,2.092805,0.887012,0.000000,9.806600,0.000000,0.000000,0.000000,0.720000,0.720000,1.610980,0.000000,0.000000,0.000000,0.000000,9.804523,-0.000105,0.001078,0.000128,0.000000,0.000000,0.000000
1788402302296721446,13.616814,-1,-1.020027,0.840593,-3.342484,-1.020027,0.840593,-3.342484,0.000000,0.000000,0.000000,0.000000,-0.003375,0.000018,-0.013170,2.092969,0.887842,171.091742,0.000000,0.000000,171.091742,2.092969,0.887842,0.000000,9.806600,0.000000,0.000000,0.000000,0.720000,0.720000,1.610980,0.000000,0.000000,0.000000,0.000000,9.788114,-0.000043,-0.000007,-0.000613,0.000000,0.000000,0.000000
1788402302329651109,13.649744,-1,-1.020051,0.840562,-3.342804,-1.020051,0.840562,-3.342804,0.000000,0.000000,0.000000,0.000000,-0.003431,-0.000108,-0.013179,2.092067,0.888199,171.092156,0.000000,0.000000,171.092156,2.092067,0.888199,0.000000,9.806600,0.000000,0.000000,0.000000,0.720000,0.720000,1.610980,0.000000,0.000000,0.000000,0.000000,9.807297,-0.000579,-0.000213,-0.000550,0.000000,0.000000,0.000000
1788402302362658601,13.682751,-1,-1.020088,0.840538,-3.343018,-1.020088,0.840538,-3.343018,0.000000,0.000000,0.000000,0.000000,-0.003438,0.000035,-0.013073,2.091577,0.889036,171.092192,0.000000,0.000000,171.092192,2.091577,0.889036,0.000000,9.806600,0.000000,0.000000,0.000000,0.720000,0.720000,1.610980,0.000000,0.000000,0.000000,0.000000,9.795562,-0.000131,0.000822,-0.000571,0.000000,0.000000,0.000000
1788402302395651577,13.715744,-1,-1.020127,0.840513,-3.343231,-1.020127,0.840513,-3.343231,0.000000,0.000000,0.000000,0.000000,-0.003398,0.000088,-0.013023,2.091346,0.889675,171.092042,0.000000,0.000000,171.092042,2.091346,0.889675,0.000000,9.806600,0.000000,0.000000,0.000000,0.720000,0.720000,1.610980,0.000000,0.000000,0.000000,0.000000,9.801671,-0.000688,0.000007,-0.000144,0.000000,0.000000,0.000000
1788402302428478949,13.748572,-1,-1.020161,0.840484,-3.343521,-1.020161,0.840484,-3.343521,0.000000,0.000000,0.000000,0.000000,-0.003246,0.000157,-0.012814,2.090906,0.889612,171.092099,0.000000,0.000000,171.092099,2.090906,0.889612,0.000000,9.806600,0.000000,0.000000,0.000000,0.720000,0.720000,1.610980,0.000000,0.000000,0.000000,0.000000,9.789453,-0.000302,-0.000292,-0.001012,0.000000,0.000000,0.000000
1788402302461546652,13.781639,-1,-1.020204,0.840453,-3.343719,-1.020204,0.840453,-3.343719,0.000000,0.000000,0.000000,0.000000,-0.003080,0.000112,-0.012779,2.090281,0.891175,171.092176,0.000000,0.000000,171.092176,2.090281,0.891175,0.000000,9.806600,0.000000,0.000000,0.000000,0.720000,0.720000,1.610980,0.000000,0.000000,0.000000,0.000000,9.805967,-0.000450,0.001172,-0.000087,0.000000,0.000000,0.000000
1788402302494570037,13.814663,-1,-1.020247,0.840421,-3.343918,-1.020247,0.840421,-3.343918,0.000000,0.000000,0.000000,0.000000,-0.003114,0.000185,-0.012624,2.090309,0.891728,171.091819,0.000000,0.000000,171.091819,2.090309,0.891728,0.000000,9.806600,0.000000,0.000000,0.000000,0.720000,0.720000,1.610980,0.000000,0.000000,0.000000,0.000000,9.799582,-0.000837,0.000567,-0.000366,0.000000,0.000000,0.000000
1788402302527776579,13.847869,-1,-1.020281,0.840383,-3.344193,-1.020281,0.840383,-3.344193,0.000000,0.000000,0.000000,0.000000,-0.003171,0.000250,-0.012689,2.089847,0.892559,171.091273,0.000000,0.000000,171.091273,2.089847,0.892559,0.000000,9.806600,0.000000,0.000000,0.000000,0.720000,0.720000,1.610980,0.000000,0.000000,0.000000,0.000000,9.790231,-0.000147,0.000215,-0.000802,0.000000,0.000000,0.000000
1788402302560492356,13.880585,-1,-1.020314,0.840341,-3.344391,-1.020314,0.840341,-3.344391,0.000000,0.000000,0.000000,0.000000,-0.003051,0.000395,-0.012542,2.089657,0.892511,171.091030,0.000000,0.000000,171.091030,2.089657,0.892511,0.000000,9.806600,0.000000,0.000000,0.000000,0.720000,0.720000,1.610980,0.000000,0.000000,0.000000,0.000000,9.796254,-0.000465,0.000032,-0.000839,0.000000,0.000000,0.000000
1788402302593491630,13.913584,-1,-1.020348,0.840299,-3.344589,-1.020348,0.840299,-3.344589,0.000000,0.000000,0.000000,0.000000,-0.003054,0.000328,-0.012281,2.089467,0.893012,171.091019,0.000000,0.000000,171.091019,2.089467,0.893012,0.000000,9.806600,0.000000,0.000000,0.000000,0.720000,0.720000,1.610980,0.000000,0.000000,0.000000,0.000000,9.792301,0.000314,-0.000013,-0.000010,0.000000,0.000000,0.000000
1788402302626447642,13.946540,-1,-1.020374,0.840250,-3.344833,-1.020374,0.840250,-3.344833,0.000000,0.000000,0.000000,0.000000,-0.002935,0.000378,-0.012188,2.089697,0.893989,171.090948,0.000000,0.000000,171.090948,2.089697,0.893989,0.000000,9.806600,0.000000,0.000000,0.000000,0.720000,0.720000,1.610980,0.000000,0.000000,0.000000,0.000000,9.806756,-0.000258,0.000659,0.000091,0.000000,0.000000,0.000000
1788402302661948132,13.982041,-1,-1.020374,0.840250,-3.344833,-1.020374,0.840250,-3.344833,0.000000,0.000000,0.000000,0.000000,-0.002935,0.000378,-0.012188,2.089697,0.893989,171.090948,0.000000,0.000000,171.090948,2.089697,0.893989,0.000000,9.806600,0.000000,0.000000,0.000000,0.720000,0.720000,1.610980,0.000000,0.000000,0.000000,0.000000,9.795510,-0.000139,-0.000327,0.000046,0.000000,0.000000,0.000000
1788402302692439444,14.012532,-1,-1.020458,0.840176,-3.345215,-1.020458,0.840176,-3.345215,0.000000,0.000000,0.000000,0.000000,-0.002639,0.000418,-0.012133,2.088806,0.895319,171.088745,0.000000,0.000000,171.088745,2.088806,0.895319,0.000000,9.806600,0.000000,0.000000,0.000000,0.720000,0.720000,1.610980,0.000000,0.000000,0.000000,0.000000,9.811989,-0.000051,0.000517,-0.000682,0.000000,0.000000,0.000000
1788402302725398973,14.045492,-1,-1.020499,0.840132,-3.345459,-1.020499,0.840132,-3.345459,0.000000,0.000000,0.000000,0.000000,-0.002622,0.000493,-0.012089,2.088826,0.895354,171.088177,0.000000,0.000000,171.088177,2.088826,0.895354,0.000000,9.806600,0.000000,0.000000,0.000000,0.720000,0.720000,1.610980,0.000000,0.000000,0.000000,0.000000,9.795339,-0.000256,-0.000312,-0.000255,0.000000,0.000000,0.000000
1788402302758364992,14.078458,-1,-1.020534,0.840093,-3.345627,-1.020534,0.840093,-3.345627,0.000000,0.000000,0.000000,0.000000,-0.002547,0.000559,-0.011967,2.088810,0.895404,171.087127,0.000000,0.000000,171.087127,2.088810,0.895404,0.000000,9.806600,0.000000,0.000000,0.000000,0.720000,0.720000,1.610980,0.000000,0.000000,0.000000,0.000000,9.797990,-0.000045,-0.000630,-0.000328,0.000000,0.000000,0.000000
1788402302791364619,14.111457,-1,-1.020567,0.840054,-3.345795,-1.020567,0.840054,-3.345795,0.000000,0.000000,0.000000,0.000000,-0.002462,0.000620,-0.011855,2.088855,0.895494,171.087157,0.000000,0.000000,171.087157,2.088855,0.895494,0.000000,9.806600,0.000000,0.000000,0.000000,0.720000,0.720000,1.610980,0.000000,0.000000,0.000000,0.000000,9.813449,-0.000241,0.000334,0.000052,0.000000,0.000000,0.000000
1788402302824278966,14.144372,-1,-1.020599,0.840008,-3.345978,-1.020599,0.840008,-3.345978,0.000000,0.000000,0.000000,0.000000,-0.002321,0.000621,-0.011509,2.089030,0.896572,171.087332,0.000000,0.000000,171.087332,2.089030,0.896572,0.000000,9.806600,0.000000,0.000000,0.000000,0.720000,0.720000,1.610980,0.000000,0.000000,0.000000,0.000000,9.799519,0.000240,0.000463,0.000025,0.000000,0.000000,0.000000
1788402302857281182,14.177374,-1,-1.020640,0.839972,-3.346100,-1.020640,0.839972,-3.346100,0.000000,0.000000,0.000000,0.000000,-0.002181,0.000521,-0.011344,2.088724,0.897846,171.087027,0.000000,0.000000,171.087027,2.088724,0.897846,0.000000,9.806600,0.000000,0.000000,0.000000,0.720000,0.720000,1.610980,0.000000,0.000000,0.000000,0.000000,9.799434,-0.000494,0.001072,-0.000045,0.000000,0.000000,0.000000
1788402302890322281,14.210415,-1,-1.020686,0.839938,-3.346237,-1.020686,0.839938,-3.346237,0.000000,0.000000,0.000000,0.000000,-0.002119,0.000641,-0.011137,2.087796,0.898002,171.087743,0.000000,0.000000,171.087743,2.087796,0.898002,0.000000,9.806600,0.000000,0.000000,0.000000,0.720000,0.720000,1.610980,0.000000,0.000000,0.000000,0.000000,9.804237,-0.000923,0.000518,-0.000177,0.000000,0.000000,0.000000
1788402302923237651,14.243330,-1,-1.020733,0.839896,-3.346405,-1.020733,0.839896,-3.346405,0.000000,0.000000,0.000000,0.000000,-0.001928,0.000701,-0.010922,2.088429,0.898181,171.087061,0.000000,0.000000,171.087061,2.088429,0.898181,0.000000,9.806600,0.000000,0.000000,0.000000,0.720000,0.720000,1.610980,0.000000,0.000000,0.000000,0.000000,9.798893,0.000137,-0.000489,-0.000640,0.000000,0.000000,0.000000
1788402302956205110,14.276298,-1,-1.020771,0.839853,-3.346466,-1.020771,0.839853,-3.346466,0.000000,0.000000,0.000000,0.000000,-0.001808,0.000703,-0.010811,2.088429,0.898466,171.086614,0.000000,0.000000,171.086614,2.088429,0.898466,0.000000,9.806600,0.000000,0.000000,0.000000,0.720000,0.720000,1.610980,0.000000,0.000000,0.000000,0.000000,9.805677,-0.000037,-0.000088,-0.000352,0.000000,0.000000,0.000000
1788402302989158243,14.309251,-1,-1.020808,0.839809,-3.346497,-1.020808,0.839809,-3.346497,0.000000,0.000000,0.000000,0.000000,-0.001776,0.000744,-0.010446,2.088678,0.898714,171.087031,0.000000,0.000000,171.087031,2.088678,0.898714,0.000000,9.806600,0.000000,0.000000,0.000000,0.720000,0.720000,1.610980,0.000000,0.000000,0.000000,0.000000,9.800044,0.000208,0.000017,0.000202,0.000000,0.000000,0.000000
1788402303022271445,14.342364,-1,-1.020836,0.839767,-3.346512,-1.020836,0.839767,-3.346512,0.000000,0.000000,0.000000,0.000000,-0.001660,0.000879,-0.010204,2.089275,0.899498,171.087309,0.000000,0.000000,171.087309,2.089275,0.899498,0.000000,9.806600,0.000000,0.000000,0.000000,0.720000,0.720000,1.610980,0.000000,0.000000,0.000000,0.000000,9.798082,0.000003,0.000287,-0.000068,0.000000,0.000000,0.000000
1788402303055136177,14.375229,-1,-1.020860,0.839742,-3.346527,-1.020860,0.839742,-3.346527,0.000000,0.000000,0.000000,0.000000,-0.001677,0.000788,-0.010158,2.090529,0.899663,171.086740,0.000000,0.000000,171.086740,2.090529,0.899663,0.000000,9.806600,0.000000,0.000000,0.000000,0.720000,0.720000,1.610980,0.000000,0.000000,0.000000,0.000000,9.801680,0.001001,-0.000197,-0.000699,0.000000,0.000000,0.000000
1788402303088050664,14.408143,-1,-1.020868,0.839732,-3.346527,-1.020868,0.839732,-3.346527,0.000000,0.000000,0.000000,0.000000,-0.001622,0.000866,-0.009988,2.090532,0.899562,171.086681,0.000000,0.000000,171.086681,2.090532,0.899562,0.000000,9.806600,0.000000,0.000000,0.000000,0.720000,0.720000,1.610980,0.000000,0.000000,0.000000,0.000000,9.809008,-0.000124,0.000168,-0.000210,0.000000,0.000000,0.000000
1788402303121114321,14.441207,-1,-1.020868,0.839732,-3.346527,-1.020868,0.839732,-3.346527,0.000000,0.000000,0.000000,0.000000,-0.001622,0.000866,-0.009988,2.090532,0.899562,171.086681,0.000000,0.000000,171.086681,2.090532,0.899562,0.000000,9.806600,0.000000,0.000000,0.000000,0.720000,0.720000,1.610980,0.000000,0.000000,0.000000,0.000000,9.797093,0.000176,-0.000506,-0.000665,0.000000,0.000000,0.000000
1788402303154219227,14.474312,-1,-1.020870,0.839720,-3.346558,-1.020870,0.839720,-3.346558,0.000000,0.000000,0.000000,0.000000,-0.001500,0.000891,-0.009889,2.090828,0.899406,171.086521,0.000000,0.000000,171.086521,2.090828,0.899406,0.000000,9.806600,0.000000,0.000000,0.000000,0.720000,0.720000,1.610980,0.000000,0.000000,0.000000,0.000000,9.810019,0.000150,0.000613,-0.000319,0.000000,0.000000,0.000000
1788402303187003475,14.507096,-1,-1.020869,0.839678,-3.346588,-1.020869,0.839678,-3.346588,0.000000,0.000000,0.000000,0.000000,-0.001387,0.000993,-0.009744,2.090691,0.900186,171.086746,0.000000,0.000000,171.086746,2.090691,0.900186,0.000000,9.806600,0.000000,0.000000,0.000000,0.720000,0.720000,1.610980,0.000000,0.000000,0.000000,0.000000,9.791940,-0.000061,0.000191,0.000118,0.000000,0.000000,0.000000
1788402303220027705,14.540120,-1,-1.020866,0.839625,-3.346619,-1.020866,0.839625,-3.346619,0.000000,0.000000,0.000000,0.000000,-0.001276,0.000967,-0.009753,2.090477,0.901648,171.088228,0.000000,0.000000,171.088228,2.090477,0.901648,0.000000,9.806600,0.000000,0.000000,0.000000,0.720000,0.720000,1.610980,0.000000,0.000000,0.000000,0.000000,9.801869,-0.000342,0.000431,0.000146,0.000000,0.000000,0.000000
1788402303252985328,14.573078,-1,-1.020856,0.839559,-3.346664,-1.020856,0.839559,-3.346664,0.000000,0.000000,0.000000,0.000000,-0.001255,0.001124,-0.009651,2.090199,0.902075,171.088683,0.000000,0.000000,171.088683,2.090199,0.902075,0.000000,9.806600,0.000000,0.000000,0.000000,0.720000,0.720000,1.610980,0.000000,0.000000,0.000000,0.000000,9.798565,-0.000371,-0.000547,-0.000192,0.000000,0.000000,0.000000
1788402303285873818,14.605966,-1,-1.020847,0.839474,-3.346680,-1.020847,0.839474,-3.346680,0.000000,0.000000,0.000000,0.000000,-0.001164,0.001171,-0.009544,2.090150,0.901679,171.088272,0.000000,0.000000,171.088272,2.090150,0.901679,0.000000,9.806600,0.000000,0.000000,0.000000,0.720000,0.720000,1.610980,0.000000,0.000000,0.000000,0.000000,9.802003,-0.000819,-0.000010,0.000088,0.000000,0.000000,0.000000
1788402303318944414,14.639037,-1,-1.020836,0.839376,-3.346695,-1.020836,0.839376,-3.346695,0.000000,0.000000,0.000000,0.000000,-0.001252,0.001126,-0.009332,2.089780,0.901175,171.088943,0.000000,0.000000,171.088943,2.089780,0.901175,0.000000,9.806600,0.000000,0.000000,0.000000,0.720000,0.720000,1.610980,0.000000,0.000000,0.000000,0.000000,9.795590,-0.000105,-0.000094,-0.000057,0.000000,0.000000,0.000000
1788402303351928385,14.672021,-1,-1.020818,0.839283,-3.346710,-1.020818,0.839283,-3.346710,0.000000,0.000000,0.000000,0.000000,-0.001206,0.001410,-0.009323,2.089436,0.900961,171.088298,0.000000,0.000000,171.088298,2.089436,0.900961,0.000000,9.806600,0.000000,0.000000,0.000000,0.720000,0.720000,1.610980,0.000000,0.000000,0.000000,0.000000,9.809950,-0.000224,-0.000543,0.000237,0.000000,0.000000,0.000000
1788402303384891509,14.704984,-1,-1.020784,0.839201,-3.346756,-1.020784,0.839201,-3.346756,0.000000,0.000000,0.000000,0.000000,-0.001017,0.001470,-0.009166,2.089436,0.900617,171.088795,0.000000,0.000000,171.088795,2.089436,0.900617,0.000000,9.806600,0.000000,0.000000,0.000000,0.720000,0.720000,1.610980,0.000000,0.000000,0.000000,0.000000,9.799341,0.000597,0.000147,-0.000604,0.000000,0.000000,0.000000
1788402303417832504,14.737925,-1,-1.020753,0.839174,-3.346786,-1.020753,0.839174,-3.346786,0.000000,0.000000,0.000000,0.000000,-0.000888,0.001544,-0.009047,2.090146,0.900641,171.088915,0.000000,0.000000,171.088915,2.090146,0.900641,0.000000,9.806600,0.000000,0.000000,0.000000,0.720000,0.720000,1.610980,0.000000,0.000000,0.000000,0.000000,9.802649,-0.001024,-0.000452,-0.000267,0.000000,0.000000,0.000000
1788402303450815452,14.770908,-1,-1.020721,0.839147,-3.346817,-1.020721,0.839147,-3.346817,0.000000,0.000000,0.000000,0.000000,-0.000940,0.001521,-0.009006,2.089592,0.900965,171.089235,0.000000,0.000000,171.089235,2.089592,0.900965,0.000000,9.806600,0.000000,0.000000,0.000000,0.720000,0.720000,1.610980,0.000000,0.000000,0.000000,0.000000,9.800241,0.000112,0.000211,-0.000126,0.000000,0.000000,0.000000
1788402303483823726,14.803916,-1,-1.020666,0.839117,-3.346878,-1.020666,0.839117,-3.346878,0.000000,0.000000,0.000000,0.000000,-0.000930,0.001616,-0.008982,2.089953,0.901321,171.088583,0.000000,0.000000,171.088583,2.089953,0.901321,0.000000,9.806600,0.000000,0.000000,0.000000,0.720000,0.720000,1.610980,0.000000,0.000000,0.000000,0.000000,9.804820,-0.000226,-0.000557,0.000139,0.000000,0.000000,0.000000
1788402303516823110,14.836916,-1,-1.020618,0.839099,-3.346893,-1.020618,0.839099,-3.346893,0.000000,0.000000,0.000000,0.000000,-0.000951,0.001657,-0.008893,2.090035,0.900471,171.089612,0.000000,0.000000,171.089612,2.090035,0.900471,0.000000,9.806600,0.000000,0.000000,0.000000,0.720000,0.720000,1.610980,0.000000,0.000000,0.000000,0.000000,9.808311,-0.000056,-0.000528,-0.000098,0.000000,0.000000,0.000000
1788402303549760013,14.869853,-1,-1.020570,0.839083,-3.346909,-1.020570,0.839083,-3.346909,0.000000,0.000000,0.000000,0.000000,-0.000960,0.001534,-0.008658,2.089847,0.900055,171.089226,0.000000,0.000000,171.089226,2.089847,0.900055,0.000000,9.806600,0.000000,0.000000,0.000000,0.720000,0.720000,1.610980,0.000000,0.000000,0.000000,0.000000,9.796041,-0.000046,-0.000931,0.000053,0.000000,0.000000,0.000000
1788402303582774554,14.902867,-1,-1.020510,0.839062,-3.346939,-1.020510,0.839062,-3.346939,0.000000,0.000000,0.000000,0.000000,-0.000713,0.001536,-0.008552,2.089948,0.899587,171.089861,0.000000,0.000000,171.089861,2.089948,0.899587,0.000000,9.806600,0.000000,0.000000,0.000000,0.720000,0.720000,1.610980,0.000000,0.000000,0.000000,0.000000,9.796049,-0.000128,-0.000045,-0.000045,0.000000,0.000000,0.000000
1788402303615785865,14.935879,-1,-1.020471,0.839047,-3.346985,-1.020471,0.839047,-3.346985,0.000000,0.000000,0.000000,0.000000,-0.000520,0.001547,-0.008386,2.089818,0.899729,171.090198,0.000000,0.000000,171.090198,2.089818,0.899729,0.000000,9.806600,0.000000,0.000000,0.000000,0.720000,0.720000,1.610980,0.000000,0.000000,0.000000,0.000000,9.799743,0.000665,0.000692,-0.000042,0.000000,0.000000,0.000000
1788402303648681678,14.968774,-1,-1.020434,0.839031,-3.347046,-1.020434,0.839031,-3.347046,0.000000,0.000000,0.000000,0.000000,-0.000579,0.001599,-0.008404,2.090751,0.900216,171.090519,0.000000,0.000000,171.090519,2.090751,0.900216,0.000000,9.806600,0.000000,0.000000,0.000000,0.720000,0.720000,1.610980,0.000000,0.000000,0.000000,0.000000,9.793403,0.000224,0.000542,-0.000056,0.000000,0.000000,0.000000
1788402303681689792,15.001782,-1,-1.020398,0.839014,-3.347183,-1.020398,0.839014,-3.347183,0.000000,0.000000,0.000000,0.000000,-0.000454,0.001570,-0.008355,2.090332,0.901234,171.090822,0.000000,0.000000,171.090822,2.090332,0.901234,0.000000,9.806600,0.000000,0.000000,0.000000,0.720000,0.720000,1.610980,0.000000,0.000000,0.000000,0.000000,9.801504,-0.000246,0.001342,0.000058,0.000000,0.000000,0.000000
1788402303714637726,15.034730,-1,-1.020381,0.839004,-3.347351,-1.020381,0.839004,-3.347351,0.000000,0.000000,0.000000,0.000000,-0.000406,0.001559,-0.008244,2.090213,0.902033,171.091082,0.000000,0.000000,171.091082,2.090213,0.902033,0.000000,9.806600,0.000000,0.000000,0.000000,0.720000,0.720000,1.610980,0.000000,0.000000,0.000000,0.000000,9.797266,0.000319,-0.000321,-0.000288,0.000000,0.000000,0.000000
1788402303747593271,15.067686,-1,-1.020365,0.838995,-3.347488,-1.020365,0.838995,-3.347488,0.000000,0.000000,0.000000,0.000000,-0.000246,0.001521,-0.008311,2.090616,0.903717,171.091750,0.000000,0.000000,171.091750,2.090616,0.903717,0.000000,9.806600,0.000000,0.000000,0.000000,0.720000,0.720000,1.610980,0.000000,0.000000,0.000000,0.000000,9.799070,0.000259,0.000670,-0.000670,0.000000,0.000000,0.000000
1788402303780601161,15.100694,-1,-1.020367,0.838982,-3.347717,-1.020367,0.838982,-3.347717,0.000000,0.000000,0.000000,0.000000,-0.000063,0.001628,-0.008304,2.090408,0.904124,171.091048,0.000000,0.000000,171.091048,2.090408,0.904124,0.000000,9.806600,0.000000,0.000000,0.000000,0.720000,0.720000,1.610980,0.000000,0.000000,0.000000,0.000000,9.812880,0.000106,-0.000563,-0.000174,0.000000,0.000000,0.000000
1788402303813591784,15.133684,-1,-1.020381,0.838971,-3.347885,-1.020381,0.838971,-3.347885,0.000000,0.000000,0.000000,0.000000,0.000048,0.001593,-0.008112,2.090507,0.903992,171.091329,0.000000,0.000000,171.091329,2.090507,0.903992,0.000000,9.806600,0.000000,0.000000,0.000000,0.720000,0.720000,1.610980,0.000000,0.000000,0.000000,0.000000,9.800664,0.000389,-0.000020,-0.000136,0.000000,0.000000,0.000000
1788402303846526032,15.166619,-1,-1.020393,0.838960,-3.348038,-1.020393,0.838960,-3.348038,0.000000,0.000000,0.000000,0.000000,0.000016,0.001557,-0.007943,2.090537,0.904177,171.091434,0.000000,0.000000,171.091434,2.090537,0.904177,0.000000,9.806600,0.000000,0.000000,0.000000,0.720000,0.720000,1.610980,0.000000,0.000000,0.000000,0.000000,9.804325,0.000333,-0.000441,-0.000261,0.000000,0.000000,0.000000
1788402303879542716,15.199635,-1,-1.020392,0.838934,-3.348175,-1.020392,0.838934,-3.348175,0.000000,0.000000,0.000000,0.000000,0.000079,0.001614,-0.007841,2.090660,0.903711,171.090652,0.000000,0.000000,171.090652,2.090660,0.903711,0.000000,9.806600,0.000000,0.000000,0.000000,0.720000,0.720000,1.610980,0.000000,0.000000,0.000000,0.000000,9.794061,-0.000271,-0.000347,-0.000122,0.000000,0.000000,0.000000
1788402303912510412,15.232603,-1,-1.020384,0.838892,-3.348328,-1.020384,0.838892,-3.348328,0.000000,0.000000,0.000000,0.000000,0.000154,0.001617,-0.007781,2.091041,0.903602,171.090871,0.000000,0.000000,171.090871,2.091041,0.903602,0.000000,9.806600,0.000000,0.000000,0.000000,0.720000,0.720000,1.610980,0.000000,0.000000,0.000000,0.000000,9.807871,-0.000197,0.001002,-0.000922,0.000000,0.000000,0.000000
1788402303945486901,15.265580,-1,-1.020381,0.838858,-3.348434,-1.020381,0.838858,-3.348434,0.000000,0.000000,0.000000,0.000000,0.000302,0.001696,-0.007669,2.090494,0.903386,171.090886,0.000000,0.000000,171.090886,2.090494,0.903386,0.000000,9.806600,0.000000,0.000000,0.000000,0.720000,0.720000,1.610980,0.000000,0.000000,0.000000,0.000000,9.798593,-0.000184,-0.000314,-0.000102,0.000000,0.000000,0.000000
1788402303978464126,15.298557,-1,-1.020357,0.838825,-3.348587,-1.020357,0.838825,-3.348587,0.000000,0.000000,0.000000,0.000000,0.000347,0.001650,-0.007698,2.090846,0.904023,171.090345,0.000000,0.000000,171.090345,2.090846,0.904023,0.000000,9.806600,0.000000,0.000000,0.000000,0.720000,0.720000,1.610980,0.000000,0.000000,0.000000,0.000000,9.803221,-0.000465,0.000204,-0.000488,0.000000,0.000000,0.000000
1788402304011428218,15.331521,-1,-1.020335,0.838803,-3.348709,-1.020335,0.838803,-3.348709,0.000000,0.000000,0.000000,0.000000,0.000321,0.001700,-0.007573,2.090565,0.904475,171.089816,0.000000,0.000000,171.089816,2.090565,0.904475,0.000000,9.806600,0.000000,0.000000,0.000000,0.720000,0.720000,1.610980,0.000000,0.000000,0.000000,0.000000,9.804089,0.000127,-0.000006,-0.000509,0.000000,0.000000,0.000000
1788402304044458664,15.364551,-1,-1.020315,0.838779,-3.348816,-1.020315,0.838779,-3.348816,0.000000,0.000000,0.000000,0.000000,0.000503,0.001782,-0.007552,2.090569,0.904663,171.089530,0.000000,0.000000,171.089530,2.090569,0.904663,0.000000,9.806600,0.000000,0.000000,0.000000,0.720000,0.720000,1.610980,0.000000,0.000000,0.000000,0.000000,9.803011,-0.000722,0.000229,-0.000150,0.000000,0.000000,0.000000
1788402304077391326,15.397484,-1,-1.020294,0.838782,-3.348892,-1.020294,0.838782,-3.348892,0.000000,0.000000,0.000000,0.000000,0.000660,0.001733,-0.007307,2.090533,0.904336,171.089214,0.000000,0.000000,171.089214,2.090533,0.904336,0.000000,9.806600,0.000000,0.000000,0.000000,0.720000,0.720000,1.610980,0.000000,0.000000,0.000000,0.000000,9.795594,-0.000004,0.000714,-0.000285,0.000000,0.000000,0.000000
1788402304110348449,15.430441,-1,-1.020281,0.838791,-3.348923,-1.020281,0.838791,-3.348923,0.000000,0.000000,0.000000,0.000000,0.000634,0.001742,-0.007297,2.090488,0.904836,171.088677,0.000000,0.000000,171.088677,2.090488,0.904836,0.000000,9.806600,0.000000,0.000000,0.000000,0.720000,0.720000,1.610980,0.000000,0.000000,0.000000,0.000000,9.787789,-0.000281,-0.000025,0.000137,0.000000,0.000000,0.000000
1788402304143320666,15.463413,-1,-1.020271,0.838797,-3.348969,-1.020271,0.838797,-3.348969,0.000000,0.000000,0.000000,0.000000,0.000768,0.001738,-0.007404,2.090304,0.904736,171.088439,0.000000,0.000000,171.088439,2.090304,0.904736,0.000000,9.806600,0.000000,0.000000,0.000000,0.720000,0.720000,1.610980,0.000000,0.000000,0.000000,0.000000,9.805020,-0.000396,-0.000116,-0.000078,0.000000,0.000000,0.000000
1788402304176303308,15.496396,-1,-1.020268,0.838819,-3.349030,-1.020268,0.838819,-3.349030,0.000000,0.000000,0.000000,0.000000,0.000718,0.001707,-0.007363,2.090700,0.904350,171.088313,0.000000,0.000000,171.088313,2.090700,0.904350,0.000000,9.806600,0.000000,0.000000,0.000000,0.720000,0.720000,1.610980,0.000000,0.000000,0.000000,0.000000,9.807780,0.000352,0.000895,0.000282,0.000000,0.000000,0.000000
1788402304209262925,15.529356,-1,-1.020277,0.838897,-3.349167,-1.020277,0.838897,-3.349167,0.000000,0.000000,0.000000,0.000000,0.000836,0.001625,-0.007246,2.091012,0.904908,171.088423,0.000000,0.000000,171.088423,2.091012,0.904908,0.000000,9.806600,0.000000,0.000000,0.000000,0.720000,0.720000,1.610980,0.000000,0.000000,0.000000,0.000000,9.799519,-0.000641,0.000170,0.000094,0.000000,0.000000,0.000000
1788402304242281828,15.562375,-1,-1.020283,0.838950,-3.349258,-1.020283,0.838950,-3.349258,0.000000,0.000000,0.000000,0.000000,0.000805,0.001570,-0.007200,2.090858,0.903880,171.087623,0.000000,0.000000,171.087623,2.090858,0.903880,0.000000,9.806600,0.000000,0.000000,0.000000,0.720000,0.720000,1.610980,0.000000,0.000000,0.000000,0.000000,9.805947,0.000173,0.000328,-0.000818,0.000000,0.000000,0.000000
1788402304275259961,15.595353,-1,-1.020296,0.839057,-3.349426,-1.020296,0.839057,-3.349426,0.000000,0.000000,0.000000,0.000000,0.000872,0.001483,-0.007313,2.091311,0.903992,171.087095,0.000000,0.000000,171.087095,2.091311,0.903992,0.000000,9.806600,0.000000,0.000000,0.000000,0.720000,0.720000,1.610980,0.000000,0.000000,0.000000,0.000000,9.798100,-0.000083,-0.000023,0.000433,0.000000,0.000000,0.000000
1788402304308200457,15.628293,-1,-1.020307,0.839140,-3.349533,-1.020307,0.839140,-3.349533,0.000000,0.000000,0.000000,0.000000,0.000914,0.001430,-0.007201,2.091677,0.904769,171.087518,0.000000,0.000000,171.087518,2.091677,0.904769,0.000000,9.806600,0.000000,0.000000,0.000000,0.720000,0.720000,1.610980,0.000000,0.000000,0.000000,0.000000,9.806981,0.000564,0.000160,-0.000012,0.000000,0.000000,0.000000
1788402304341178110,15.661271,-1,-1.020320,0.839220,-3.349640,-1.020320,0.839220,-3.349640,0.000000,0.000000,0.000000,0.000000,0.000992,0.001390,-0.006947,2.091906,0.905112,171.087491,0.000000,0.000000,171.087491,2.091906,0.905112,0.000000,9.806600,0.000000,0.000000,0.000000,0.720000,0.720000,1.610980,0.000000,0.000000,0.000000,0.000000,9.792813,-0.000052,-0.000107,-0.000523,0.000000,0.000000,0.000000
1788402304374177954,15.694271,-1,-1.020317,0.839290,-3.349701,-1.020317,0.839290,-3.349701,0.000000,0.000000,0.000000,0.000000,0.000922,0.001369,-0.006891,2.092061,0.905256,171.087275,0.000000,0.000000,171.087275,2.092061,0.905256,0.000000,9.806600,0.000000,0.000000,0.000000,0.720000,0.720000,1.610980,0.000000,0.000000,0.000000,0.000000,9.812940,-0.000286,0.000690,-0.000451,0.000000,0.000000,0.000000
1788402304407109369,15.727202,-1,-1.020305,0.839375,-3.349792,-1.020305,0.839375,-3.349792,0.000000,0.000000,0.000000,0.000000,0.001037,0.001341,-0.006656,2.091914,0.906178,171.087313,0.000000,0.000000,171.087313,2.091914,0.906178,0.000000,9.806600,0.000000,0.000000,0.000000,0.720000,0.720000,1.610980,0.000000,0.000000,0.000000,0.000000,9.797314,0.000674,-0.000107,0.000213,0.000000,0.000000,0.000000
1788402304440122868,15.760216,-1,-1.020302,0.839433,-3.349838,-1.020302,0.839433,-3.349838,0.000000,0.000000,0.000000,0.000000,0.001152,0.001301,-0.006528,2.093371,0.905707,171.087678,0.000000,0.000000,171.087678,2.093371,0.905707,0.000000,9.806600,0.000000,0.000000,0.000000,0.720000,0.720000,1.610980,0.000000,0.000000,0.000000,0.000000,9.786899,-0.000389,-0.000662,0.000188,0.000000,0.000000,0.000000
1788402304473111233,15.793204,-1,-1.020286,0.839482,-3.349899,-1.020286,0.839482,-3.349899,0.000000,0.000000,0.000000,0.000000,0.001320,0.001210,-0.006427,2.093733,0.905591,171.087973,0.000000,0.000000,171.087973,2.093733,0.905591,0.000000,9.806600,0.000000,0.000000,0.000000,0.720000,0.720000,1.610980,0.000000,0.000000,0.000000,0.000000,9.800629,0.000034,0.000055,-0.000630,0.000000,0.000000,0.000000
1788402304506092115,15.826185,-1,-1.020264,0.839537,-3.349976,-1.020264,0.839537,-3.349976,0.000000,0.000000,0.000000,0.000000,0.001428,0.001278,-0.006386,2.093954,0.905708,171.087567,0.000000,0.000000,171.087567,2.093954,0.905708,0.000000,9.806600,0.000000,0.000000,0.000000,0.720000,0.720000,1.610980,0.000000,0.000000,0.000000,0.000000,9.801449,0.000054,-0.000249,-0.000189,0.000000,0.000000,0.000000
1788402304539051190,15.859144,-1,-1.020251,0.839575,-3.350006,-1.020251,0.839575,-3.350006,0.000000,0.000000,0.000000,0.000000,0.001423,0.001274,-0.006260,2.094560,0.906078,171.087024,0.000000,0.000000,171.087024,2.094560,0.906078,0.000000,9.806600,0.000000,0.000000,0.000000,0.720000,0.720000,1.610980,0.000000,0.000000,0.000000,0.000000,9.799528,0.000116,0.000050,-0.000078,0.000000,0.000000,0.000000
1788402304572005436,15.892098,-1,-1.020229,0.839595,-3.350052,-1.020229,0.839595,-3.350052,0.000000,0.000000,0.000000,0.000000,0.001384,0.001308,-0.006200,2.094099,0.906828,171.086916,0.000000,0.000000,171.086916,2.094099,0.906828,0.000000,9.806600,0.000000,0.000000,0.000000,0.720000,0.720000,1.610980,0.000000,0.000000,0.000000,0.000000,9.808509,-0.000302,-0.000387,0.000113,0.000000,0.000000,0.000000
1788402304605011868,15.925105,-1,-1.020197,0.839613,-3.350098,-1.020197,0.839613,-3.350098,0.000000,0.000000,0.000000,0.000000,0.001250,0.001183,-0.005916,2.093987,0.906991,171.086997,0.000000,0.000000,171.086997,2.093987,0.906991,0.000000,9.806600,0.000000,0.000000,0.000000,0.720000,0.720000,1.610980,0.000000,0.000000,0.000000,0.000000,9.800621,-0.000350,0.000427,-0.000796,0.000000,0.000000,0.000000
1788402304637975483,15.958068,-1,-1.020174,0.839628,-3.350143,-1.020174,0.839628,-3.350143,0.000000,0.000000,0.000000,0.000000,0.001282,0.001180,-0.005863,2.093845,0.907298,171.086785,0.000000,0.000000,171.086785,2.093845,0.907298,0.000000,9.806600,0.000000,0.000000,0.000000,0.720000,0.720000,1.610980,0.000000,0.000000,0.000000,0.000000,9.787729,-0.000247,-0.000275,-0.000228,0.000000,0.000000,0.000000
1788402304670941784,15.991034,-1,-1.020147,0.839636,-3.350189,-1.020147,0.839636,-3.350189,0.000000,0.000000,0.000000,0.000000,0.001321,0.001209,-0.005854,2.093975,0.907298,171.086332,0.000000,0.000000,171.086332,2.093975,0.907298,0.000000,9.806600,0.000000,0.000000,0.000000,0.720000,0.720000,1.610980,0.000000,0.000000,0.000000,0.000000,9.798947,0.000484,0.000041,0.000449,0.000000,0.000000,0.000000
1788402304703941948,16.024035,-1,-1.020097,0.839640,-3.350204,-1.020097,0.839640,-3.350204,0.000000,0.000000,0.000000,0.000000,0.001400,0.001131,-0.005890,2.094582,0.907312,171.085972,0.000000,0.000000,171.085972,2.094582,0.907312,0.000000,9.806600,0.000000,0.000000,0.000000,0.720000,0.720000,1.610980,0.000000,0.000000,0.000000,0.000000,9.808790,0.000624,0.000092,-0.000607,0.000000,0.000000,0.000000
1788402304736909241,16.057002,-1,-1.020064,0.839644,-3.350220,-1.020064,0.839644,-3.350220,0.000000,0.000000,0.000000,0.000000,0.001357,0.000964,-0.005669,2.094662,0.907785,171.085866,0.000000,0.000000,171.085866,2.094662,0.907785,0.000000,9.806600,0.000000,0.000000,0.000000,0.720000,0.720000,1.610980,0.000000,0.000000,0.000000,0.000000,9.801132,-0.000016,-0.000707,-0.000294,0.000000,0.000000,0.000000
1788402304769870266,16.089963,-1,-1.020037,0.839670,-3.350250,-1.020037,0.839670,-3.350250,0.000000,0.000000,0.000000,0.000000,0.001504,0.000970,-0.005599,2.095165,0.907179,171.085378,0.000000,0.000000,171.085378,2.095165,0.907179,0.000000,9.806600,0.000000,0.000000,0.000000,0.720000,0.720000,1.610980,0.000000,0.000000,0.000000,0.000000,9.792214,-0.000114,0.000752,-0.000284,0.000000,0.000000,0.000000
1788402304802874363,16.122967,-1,-1.020014,0.839716,-3.350281,-1.020014,0.839716,-3.350281,0.000000,0.000000,0.000000,0.000000,0.001533,0.000951,-0.005438,2.094897,0.908296,171.084938,0.000000,0.000000,171.084938,2.094897,0.908296,0.000000,9.806600,0.000000,0.000000,0.000000,0.720000,0.720000,1.610980,0.000000,0.000000,0.000000,0.000000,9.797748,0.000457,0.000631,-0.000302,0.000000,0.000000,0.000000
1788402304835827778,16.155920,-1,-1.019997,0.839748,-3.350250,-1.019997,0.839748,-3.350250,0.000000,0.000000,0.000000,0.000000,0.001472,0.000882,-0.005404,2.095659,0.909003,171.084739,0.000000,0.000000,171.084739,2.095659,0.909003,0.000000,9.806600,0.000000,0.000000,0.000000,0.720000,0.720000,1.610980,0.000000,0.000000,0.000000,0.000000,9.795247,-0.000618,-0.000106,-0.000893,0.000000,0.000000,0.000000
1788402304868802425,16.188895,-1,-1.019971,0.839781,-3.350235,-1.019971,0.839781,-3.350235,0.000000,0.000000,0.000000,0.000000,0.001477,0.000849,-0.005333,2.095758,0.908511,171.083410,0.000000,0.000000,171.083410,2.095758,0.908511,0.000000,9.806600,0.000000,0.000000,0.000000,0.720000,0.720000,1.610980,0.000000,0.000000,0.000000,0.000000,9.798437,0.000078,-0.000851,-0.000037,0.000000,0.000000,0.000000
1788402304901812087,16.221905,-1,-1.019938,0.839824,-3.350235,-1.019938,0.839824,-3.350235,0.000000,0.000000,0.000000,0.000000,0.001617,0.000857,-0.005240,2.095896,0.908044,171.083714,0.000000,0.000000,171.083714,2.095896,0.908044,0.000000,9.806600,0.000000,0.000000,0.000000,0.720000,0.720000,1.610980,0.000000,0.000000,0.000000,0.000000,9.795035,0.000120,-0.000150,0.000345,0.000000,0.000000,0.000000
1788402304934777332,16.254870,-1,-1.019920,0.839854,-3.350220,-1.019920,0.839854,-3.350220,0.000000,0.000000,0.000000,0.000000,0.001587,0.000854,-0.005181,2.095791,0.908209,171.083723,0.000000,0.000000,171.083723,2.095791,0.908209,0.000000,9.806600,0.000000,0.000000,0.000000,0.720000,0.720000,1.610980,0.000000,0.000000,0.000000,0.000000,9.794104,-0.000136,-0.000589,-0.000383,0.000000,0.000000,0.000000
1788402304967728540,16.287821,-1,-1.019899,0.839907,-3.350204,-1.019899,0.839907,-3.350204,0.000000,0.000000,0.000000,0.000000,0.001594,0.000698,-0.005074,2.096142,0.908126,171.083301,0.000000,0.000000,171.083301,2.096142,0.908126,0.000000,9.806600,0.000000,0.000000,0.000000,0.720000,0.720000,1.610980,0.000000,0.000000,0.000000,0.000000,9.789765,-0.000592,0.000592,-0.000461,0.000000,0.000000,0.000000
1788402305000688574,16.320781,-1,-1.019876,0.839991,-3.350204,-1.019876,0.839991,-3.350204,0.000000,0.000000,0.000000,0.000000,0.001605,0.000680,-0.005068,2.096131,0.908538,171.082613,0.000000,0.000000,171.082613,2.096131,0.908538,0.000000,9.806600,0.000000,0.000000,0.000000,0.720000,0.720000,1.610980,0.000000,0.000000,0.000000,0.000000,9.802343,-0.000366,0.000239,-0.000581,0.000000,0.000000,0.000000
1788402305033691707,16.353784,-1,-1.019864,0.840051,-3.350189,-1.019864,0.840051,-3.350189,0.000000,0.000000,0.000000,0.000000,0.001663,0.000585,-0.004914,2.095965,0.908906,171.082433,0.000000,0.000000,171.082433,2.095965,0.908906,0.000000,9.806600,0.000000,0.000000,0.000000,0.720000,0.720000,1.610980,0.000000,0.000000,0.000000,0.000000,9.798163,0.000197,-0.000767,-0.000157,0.000000,0.000000,0.000000
1788402305066633751,16.386726,-1,-1.019854,0.840121,-3.350189,-1.019854,0.840121,-3.350189,0.000000,0.000000,0.000000,0.000000,0.001705,0.000578,-0.004889,2.095531,0.907937,171.082347,0.000000,0.000000,171.082347,2.095531,0.907937,0.000000,9.806600,0.000000,0.000000,0.000000,0.720000,0.720000,1.610980,0.000000,0.000000,0.000000,0.000000,9.804713,0.000234,0.000804,-0.000334,0.000000,0.000000,0.000000
1788402305099634633,16.419727,-1,-1.019848,0.840221,-3.350159,-1.019848,0.840221,-3.350159,0.000000,0.000000,0.000000,0.000000,0.001908,0.000377,-0.004788,2.095742,0.907889,171.082207,0.000000,0.000000,171.082207,2.095742,0.907889,0.000000,9.806600,0.000000,0.000000,0.000000,0.720000,0.720000,1.610980,0.000000,0.000000,0.000000,0.000000,9.799786,0.000418,0.000395,-0.000399,0.000000,0.000000,0.000000
1788402305132598965,16.452692,-1,-1.019848,0.840297,-3.350128,-1.019848,0.840297,-3.350128,0.000000,0.000000,0.000000,0.000000,0.001888,0.000206,-0.004655,2.096133,0.909014,171.081962,0.000000,0.000000,171.081962,2.096133,0.909014,0.000000,9.806600,0.000000,0.000000,0.000000,0.720000,0.720000,1.610980,0.000000,0.000000,0.000000,0.000000,9.801066,-0.000204,0.001143,0.000154,0.000000,0.000000,0.000000
1788402305165573242,16.485666,-1,-1.019838,0.840348,-3.350113,-1.019838,0.840348,-3.350113,0.000000,0.000000,0.000000,0.000000,0.001931,0.000164,-0.004470,2.096937,0.910274,171.080883,0.000000,0.000000,171.080883,2.096937,0.910274,0.000000,9.806600,0.000000,0.000000,0.000000,0.720000,0.720000,1.610980,0.000000,0.000000,0.000000,0.000000,9.808362,0.000435,-0.000470,-0.000589,0.000000,0.000000,0.000000
1788402305198582215,16.518675,-1,-1.019830,0.840389,-3.350098,-1.019830,0.840389,-3.350098,0.000000,0.000000,0.000000,0.000000,0.002048,0.000075,-0.004391,2.097219,0.909944,171.080561,0.000000,0.000000,171.080561,2.097219,0.909944,0.000000,9.806600,0.000000,0.000000,0.000000,0.720000,0.720000,1.610980,0.000000,0.000000,0.000000,0.000000,9.800620,-0.000290,-0.000522,-0.000309,0.000000,0.000000,0.000000
1788402305231542614,16.551635,-1,-1.019829,0.840445,-3.350113,-1.019829,0.840445,-3.350113,0.000000,0.000000,0.000000,0.000000,0.002115,0.000087,-0.004243,2.097719,0.909007,171.080228,0.000000,0.000000,171.080228,2.097719,0.909007,0.000000,9.806600,0.000000,0.000000,0.000000,0.720000,0.720000,1.610980,0.000000,0.000000,0.000000,0.000000,9.805747,-0.000781,-0.000556,0.000201,0.000000,0.000000,0.000000
1788402305264513885,16.584607,-1,-1.019814,0.840463,-3.350159,-1.019814,0.840463,-3.350159,0.000000,0.000000,0.000000,0.000000,0.002106,0.000021,-0.004293,2.097345,0.908903,171.080665,0.000000,0.000000,171.080665,2.097345,0.908903,0.000000,9.806600,0.000000,0.000000,0.000000,0.720000,0.720000,1.610980,0.000000,0.000000,0.000000,0.000000,9.801536,0.000038,-0.000353,-0.000584,0.000000,0.000000,0.000000
1788402305297520427,16.617613,-1,-1.019791,0.840478,-3.350266,-1.019791,0.840478,-3.350266,0.000000,0.000000,0.000000,0.000000,0.002164,0.000038,-0.004272,2.097738,0.908749,171.079984,0.000000,0.000000,171.079984,2.097738,0.908749,0.000000,9.806600,0.000000,0.000000,0.000000,0.720000,0.720000,1.610980,0.000000,0.000000,0.000000,0.000000,9.800250,-0.000240,-0.000129,-0.000645,0.000000,0.000000,0.000000
1788402305330510980,16.650604,-1,-1.019783,0.840489,-3.350311,-1.019783,0.840489,-3.350311,0.000000,0.000000,0.000000,0.000000,0.002202,0.000077,-0.004244,2.098582,0.908789,171.079566,0.000000,0.000000,171.079566,2.098582,0.908789,0.000000,9.806600,0.000000,0.000000,0.000000,0.720000,0.720000,1.610980,0.000000,0.000000,0.000000,0.000000,9.807462,-0.000279,-0.000279,0.000301,0.000000,0.000000,0.000000
1788402305363449155,16.683542,-1,-1.019758,0.840512,-3.350342,-1.019758,0.840512,-3.350342,0.000000,0.000000,0.000000,0.000000,0.002198,0.000001,-0.004121,2.098074,0.908200,171.080266,0.000000,0.000000,171.080266,2.098074,0.908200,0.000000,9.806600,0.000000,0.000000,0.000000,0.720000,0.720000,1.610980,0.000000,0.000000,0.000000,0.000000,9.795815,-0.000569,0.000456,0.000145,0.000000,0.000000,0.000000
1788402305396444441,16.716537,-1,-1.019730,0.840543,-3.350388,-1.019730,0.840543,-3.350388,0.000000,0.000000,0.000000,0.000000,0.002277,-0.000017,-0.004057,2.098103,0.908272,171.080349,0.000000,0.000000,171.080349,2.098103,0.908272,0.000000,9.806600,0.000000,0.000000,0.000000,0.720000,0.720000,1.610980,0.000000,0.000000,0.000000,0.000000,9.794641,-0.000056,0.000381,-0.000392,0.000000,0.000000,0.000000
1788402305429433076,16.749526,-1,-1.019706,0.840585,-3.350433,-1.019706,0.840585,-3.350433,0.000000,0.000000,0.000000,0.000000,0.002246,-0.000058,-0.003896,2.098856,0.908623,171.080228,0.000000,0.000000,171.080228,2.098856,0.908623,0.000000,9.806600,0.000000,0.000000,0.000000,0.720000,0.720000,1.610980,0.000000,0.000000,0.000000,0.000000,9.812740,-0.000070,0.000141,-0.001108,0.000000,0.000000,0.000000
1788402305462401469,16.782494,-1,-1.019684,0.840614,-3.350479,-1.019684,0.840614,-3.350479,0.000000,0.000000,0.000000,0.000000,0.002292,-0.000152,-0.003746,2.099288,0.908106,171.079061,0.000000,0.000000,171.079061,2.099288,0.908106,0.000000,9.806600,0.000000,0.000000,0.000000,0.720000,0.720000,1.610980,0.000000,0.000000,0.000000,0.000000,9.800102,-0.000236,-0.000525,-0.000302,0.000000,0.000000,0.000000
1788402305495377824,16.815470,-1,-1.019664,0.840647,-3.350540,-1.019664,0.840647,-3.350540,0.000000,0.000000,0.000000,0.000000,0.002321,-0.000287,-0.003505,2.099183,0.907834,171.079455,0.000000,0.000000,171.079455,2.099183,0.907834,0.000000,9.806600,0.000000,0.000000,0.000000,0.720000,0.720000,1.610980,0.000000,0.000000,0.000000,0.000000,9.805021,-0.000912,-0.000142,-0.000029,0.000000,0.000000,0.000000
1788402305528303592,16.848396,-1,-1.019647,0.840689,-3.350616,-1.019647,0.840689,-3.350616,0.000000,0.000000,0.000000,0.000000,0.002335,-0.000097,-0.003467,2.098327,0.907625,171.079772,0.000000,0.000000,171.079772,2.098327,0.907625,0.000000,9.806600,0.000000,0.000000,0.000000,0.720000,0.720000,1.610980,0.000000,0.000000,0.000000,0.000000,9.803649,0.000198,0.000784,-0.001756,0.000000,0.000000,0.000000
1788402305561326219,16.881419,-1,-1.019633,0.840767,-3.350693,-1.019633,0.840767,-3.350693,0.000000,0.000000,0.000000,0.000000,0.002474,-0.000203,-0.003259,2.098091,0.907924,171.077959,0.000000,0.000000,171.077959,2.098091,0.907924,0.000000,9.806600,0.000000,0.000000,0.000000,0.720000,0.720000,1.610980,0.000000,0.000000,0.000000,0.000000,9.807146,0.000642,-0.000470,-0.001180,0.000000,0.000000,0.000000
1788402305594333752,16.914426,-1,-1.019621,0.840905,-3.350784,-1.019621,0.840905,-3.350784,0.000000,0.000000,0.000000,0.000000,0.002519,-0.000370,-0.003168,2.098523,0.907545,171.077454,0.000000,0.000000,171.077454,2.098523,0.907545,0.000000,9.806600,0.000000,0.000000,0.000000,0.720000,0.720000,1.610980,0.000000,0.000000,0.000000,0.000000,9.799441,-0.000494,-0.000121,-0.000168,0.000000,0.000000,0.000000
1788402305627252133,16.947345,-1,-1.019619,0.841006,-3.350830,-1.019619,0.841006,-3.350830,0.000000,0.000000,0.000000,0.000000,0.002582,-0.000434,-0.003157,2.098008,0.907859,171.078070,0.000000,0.000000,171.078070,2.098008,0.907859,0.000000,9.806600,0.000000,0.000000,0.000000,0.720000,0.720000,1.610980,0.000000,0.000000,0.000000,0.000000,9.796488,0.000205,-0.000206,0.000177,0.000000,0.000000,0.000000
1788402305660242079,16.980335,-1,-1.019618,0.841091,-3.350906,-1.019618,0.841091,-3.350906,0.000000,0.000000,0.000000,0.000000,0.002650,-0.000466,-0.003067,2.098545,0.907944,171.078790,0.000000,0.000000,171.078790,2.098545,0.907944,0.000000,9.806600,0.000000,0.000000,0.000000,0.720000,0.720000,1.610980,0.000000,0.000000,0.000000,0.000000,9.796938,0.000452,0.000822,-0.000087,0.000000,0.000000,0.000000
1788402305693222527,17.013315,-1,-1.019620,0.841168,-3.351013,-1.019620,0.841168,-3.351013,0.000000,0.000000,0.000000,0.000000,0.002590,-0.000569,-0.003019,2.098684,0.907654,171.078367,0.000000,0.000000,171.078367,2.098684,0.907654,0.000000,9.806600,0.000000,0.000000,0.000000,0.720000,0.720000,1.610980,0.000000,0.000000,0.000000,0.000000,9.791526,0.000467,0.000727,-0.000747,0.000000,0.000000,0.000000
1788402305726171030,17.046264,-1,-1.019629,0.841269,-3.351151,-1.019629,0.841269,-3.351151,0.000000,0.000000,0.000000,0.000000,0.002710,-0.000427,-0.003065,2.099344,0.908192,171.077076,0.000000,0.000000,171.077076,2.099344,0.908192,0.000000,9.806600,0.000000,0.000000,0.000000,0.720000,0.720000,1.610980,0.000000,0.000000,0.000000,0.000000,9.814982,0.000445,-0.000350,-0.000634,0.000000,0.000000,0.000000
1788402305759184448,17.079277,-1,-1.019626,0.841334,-3.351303,-1.019626,0.841334,-3.351303,0.000000,0.000000,0.000000,0.000000,0.002814,-0.000412,-0.002874,2.099540,0.906830,171.077353,0.000000,0.000000,171.077353,2.099540,0.906830,0.000000,9.806600,0.000000,0.000000,0.000000,0.720000,0.720000,1.610980,0.000000,0.000000,0.000000,0.000000,9.810459,-0.000337,-0.000472,0.000399,0.000000,0.000000,0.000000
1788402305792246215,17.112339,-1,-1.019623,0.841396,-3.351440,-1.019623,0.841396,-3.351440,0.000000,0.000000,0.000000,0.000000,0.002976,-0.000368,-0.002899,2.099584,0.907308,171.077825,0.000000,0.000000,171.077825,2.099584,0.907308,0.000000,9.806600,0.000000,0.000000,0.000000,0.720000,0.720000,1.610980,0.000000,0.000000,0.000000,0.000000,9.800337,0.000557,-0.000424,0.000202,0.000000,0.000000,0.000000
1788402305825113112,17.145206,-1,-1.019633,0.841480,-3.351624,-1.019633,0.841480,-3.351624,0.000000,0.000000,0.000000,0.000000,0.003024,-0.000502,-0.002772,2.099929,0.907081,171.077845,0.000000,0.000000,171.077845,2.099929,0.907081,0.000000,9.806600,0.000000,0.000000,0.000000,0.720000,0.720000,1.610980,0.000000,0.000000,0.000000,0.000000,9.788902,-0.000268,-0.001741,-0.000163,0.000000,0.000000,0.000000
1788402305858110348,17.178203,-1,-1.019637,0.841523,-3.351730,-1.019637,0.841523,-3.351730,0.000000,0.000000,0.000000,0.000000,0.002980,-0.000544,-0.002938,2.100497,0.905333,171.077706,0.000000,0.000000,171.077706,2.100497,0.905333,0.000000,9.806600,0.000000,0.000000,0.000000,0.720000,0.720000,1.610980,0.000000,0.000000,0.000000,0.000000,9.791552,0.000291,-0.000380,-0.000307,0.000000,0.000000,0.000000
1788402305891052968,17.211146,-1,-1.019641,0.841559,-3.351868,-1.019641,0.841559,-3.351868,0.000000,0.000000,0.000000,0.000000,0.003080,-0.000558,-0.002815,2.099759,0.905454,171.078689,0.000000,0.000000,171.078689,2.099759,0.905454,0.000000,9.806600,0.000000,0.000000,0.000000,0.720000,0.720000,1.610980,0.000000,0.000000,0.000000,0.000000,9.800248,0.000175,0.000432,0.000035,0.000000,0.000000,0.000000
1788402305924050556,17.244143,-1,-1.019657,0.841610,-3.352051,-1.019657,0.841610,-3.352051,0.000000,0.000000,0.000000,0.000000,0.003117,-0.000684,-0.002723,2.100067,0.904981,171.079130,0.000000,0.000000,171.079130,2.100067,0.904981,0.000000,9.806600,0.000000,0.000000,0.000000,0.720000,0.720000,1.610980,0.000000,0.000000,0.000000,0.000000,9.812661,0.000592,-0.000497,0.000013,0.000000,0.000000,0.000000
1788402305956995063,17.277088,-1,-1.019666,0.841638,-3.352173,-1.019666,0.841638,-3.352173,0.000000,0.000000,0.000000,0.000000,0.003173,-0.000628,-0.002751,2.099725,0.904344,171.078118,0.000000,0.000000,171.078118,2.099725,0.904344,0.000000,9.806600,0.000000,0.000000,0.000000,0.720000,0.720000,1.610980,0.000000,0.000000,0.000000,0.000000,9.802751,-0.000326,-0.000412,-0.000411,0.000000,0.000000,0.000000
1788402305990017945,17.310111,-1,-1.019679,0.841658,-3.352295,-1.019679,0.841658,-3.352295,0.000000,0.000000,0.000000,0.000000,0.003288,-0.000515,-0.002746,2.099721,0.905167,171.078056,0.000000,0.000000,171.078056,2.099721,0.905167,0.000000,9.806600,0.000000,0.000000,0.000000,0.720000,0.720000,1.610980,0.000000,0.000000,0.000000,0.000000,9.784764,0.000014,-0.000187,-0.000278,0.000000,0.000000,0.000000
1788402306023353687,17.343446,-1,-1.019705,0.841687,-3.352417,-1.019705,0.841687,-3.352417,0.000000,0.000000,0.000000,0.000000,0.003242,-0.000612,-0.002868,2.098940,0.905022,171.078789,0.000000,0.000000,171.078789,2.098940,0.905022,0.000000,9.806600,0.000000,0.000000,0.000000,0.720000,0.720000,1.610980,0.000000,0.000000,0.000000,0.000000,9.799936,-0.001069,-0.000217,0.000306,0.000000,0.000000,0.000000
1788402306055924806,17.376017,-1,-1.019714,0.841677,-3.352493,-1.019714,0.841677,-3.352493,0.000000,0.000000,0.000000,0.000000,0.003167,-0.000551,-0.002823,2.099325,0.905817,171.078515,0.000000,0.000000,171.078515,2.099325,0.905817,0.000000,9.806600,0.000000,0.000000,0.000000,0.720000,0.720000,1.610980,0.000000,0.000000,0.000000,0.000000,9.808680,0.000450,0.001121,-0.001273,0.000000,0.000000,0.000000
1788402306088999989,17.409093,-1,-1.019719,0.841653,-3.352554,-1.019719,0.841653,-3.352554,0.000000,0.000000,0.000000,0.000000,0.003190,-0.000559,-0.002678,2.099917,0.906069,171.078268,0.000000,0.000000,171.078268,2.099917,0.906069,0.000000,9.806600,0.000000,0.000000,0.000000,0.720000,0.720000,1.610980,0.000000,0.000000,0.000000,0.000000,9.805799,0.000307,-0.000090,-0.000477,0.000000,0.000000,0.000000
1788402306121987969,17.442081,-1,-1.019736,0.841628,-3.352631,-1.019736,0.841628,-3.352631,0.000000,0.000000,0.000000,0.000000,0.003075,-0.000482,-0.002532,2.099443,0.905197,171.077966,0.000000,0.000000,171.077966,2.099443,0.905197,0.000000,9.806600,0.000000,0.000000,0.000000,0.720000,0.720000,1.610980,0.000000,0.000000,0.000000,0.000000,9.803722,-0.000561,0.000059,0.000219,0.000000,0.000000,0.000000
1788402306154925041,17.475018,-1,-1.019738,0.841581,-3.352707,-1.019738,0.841581,-3.352707,0.000000,0.000000,0.000000,0.000000,0.003031,-0.000515,-0.002578,2.099545,0.906146,171.078432,0.000000,0.000000,171.078432,2.099545,0.906146,0.000000,9.806600,0.000000,0.000000,0.000000,0.720000,0.720000,1.610980,0.000000,0.000000,0.000000,0.000000,9.789504,-0.000113,0.000053,0.000498,0.000000,0.000000,0.000000
1788402306187847211,17.507940,-1,-1.019739,0.841526,-3.352768,-1.019739,0.841526,-3.352768,0.000000,0.000000,0.000000,0.000000,0.003039,-0.000571,-0.002543,2.099817,0.905420,171.078749,0.000000,0.000000,171.078749,2.099817,0.905420,0.000000,9.806600,0.000000,0.000000,0.000000,0.720000,0.720000,1.610980,0.000000,0.000000,0.000000,0.000000,9.797385,0.000081,-0.000605,-0.000499,0.000000,0.000000,0.000000
1788402306220977812,17.541070,-1,-1.019753,0.841461,-3.352829,-1.019753,0.841461,-3.352829,0.000000,0.000000,0.000000,0.000000,0.003066,-0.000364,-0.002497,2.099897,0.904273,171.078319,0.000000,0.000000,171.078319,2.099897,0.904273,0.000000,9.806600,0.000000,0.000000,0.000000,0.720000,0.720000,1.610980,0.000000,0.000000,0.000000,0.000000,9.797279,-0.000079,-0.000014,-0.000323,0.000000,0.000000,0.000000
1788402306253817608,17.573910,-1,-1.019755,0.841407,-3.352905,-1.019755,0.841407,-3.352905,0.000000,0.000000,0.000000,0.000000,0.002951,-0.000456,-0.002556,2.100244,0.904089,171.078708,0.000000,0.000000,171.078708,2.100244,0.904089,0.000000,9.806600,0.000000,0.000000,0.000000,0.720000,0.720000,1.610980,0.000000,0.000000,0.000000,0.000000,9.803408,0.000128,0.000327,-0.000403,0.000000,0.000000,0.000000
1788402306286801271,17.606894,-1,-1.019752,0.841354,-3.352966,-1.019752,0.841354,-3.352966,0.000000,0.000000,0.000000,0.000000,0.002788,-0.000367,-0.002474,2.099322,0.903743,171.078387,0.000000,0.000000,171.078387,2.099322,0.903743,0.000000,9.806600,0.000000,0.000000,0.000000,0.720000,0.720000,1.610980,0.000000,0.000000,0.000000,0.000000,9.802055,-0.001216,-0.000359,-0.000189,0.000000,0.000000,0.000000
1788402306319822060,17.639915,-1,-1.019752,0.841354,-3.352966,-1.019752,0.841354,-3.352966,0.000000,0.000000,0.000000,0.000000,0.002788,-0.000367,-0.002474,2.099322,0.903743,171.078387,0.000000,0.000000,171.078387,2.099322,0.903743,0.000000,9.806600,0.000000,0.000000,0.000000,0.720000,0.720000,1.610980,0.000000,0.000000,0.000000,0.000000,9.790585,-0.000024,-0.000332,-0.000622,0.000000,0.000000,0.000000
1788402306352741097,17.672834,-1,-1.019754,0.841281,-3.353165,-1.019754,0.841281,-3.353165,0.000000,0.000000,0.000000,0.000000,0.002778,-0.000091,-0.002471,2.100320,0.904271,171.077856,0.000000,0.000000,171.077856,2.100320,0.904271,0.000000,9.806600,0.000000,0.000000,0.000000,0.720000,0.720000,1.610980,0.000000,0.000000,0.000000,0.000000,9.783590,-0.000022,0.000224,-0.000012,0.000000,0.000000,0.000000
1788402306385746409,17.705839,-1,-1.019752,0.841297,-3.353302,-1.019752,0.841297,-3.353302,0.000000,0.000000,0.000000,0.000000,0.002718,-0.000182,-0.002453,2.100505,0.904861,171.078081,0.000000,0.000000,171.078081,2.100505,0.904861,0.000000,9.806600,0.000000,0.000000,0.000000,0.720000,0.720000,1.610980,0.000000,0.000000,0.000000,0.000000,9.800962,0.000360,0.000221,-0.000019,0.000000,0.000000,0.000000
1788402306418686390,17.738779,-1,-1.019756,0.841323,-3.353470,-1.019756,0.841323,-3.353470,0.000000,0.000000,0.000000,0.000000,0.002617,-0.000216,-0.002425,2.100328,0.904308,171.078494,0.000000,0.000000,171.078494,2.100328,0.904308,0.000000,9.806600,0.000000,0.000000,0.000000,0.720000,0.720000,1.610980,0.000000,0.000000,0.000000,0.000000,9.798903,0.000103,-0.000851,-0.000200,0.000000,0.000000,0.000000
1788402306451673283,17.771766,-1,-1.019755,0.841363,-3.353607,-1.019755,0.841363,-3.353607,0.000000,0.000000,0.000000,0.000000,0.002664,-0.000212,-0.002366,2.101076,0.903057,171.077876,0.000000,0.000000,171.077876,2.101076,0.903057,0.000000,9.806600,0.000000,0.000000,0.000000,0.720000,0.720000,1.610980,0.000000,0.000000,0.000000,0.000000,9.803239,0.000132,-0.000208,-0.000508,0.000000,0.000000,0.000000
1788402306484878232,17.804971,-1,-1.019758,0.841411,-3.353745,-1.019758,0.841411,-3.353745,0.000000,0.000000,0.000000,0.000000,0.002804,-0.000129,-0.002384,2.101271,0.903548,171.078159,0.000000,0.000000,171.078159,2.101271,0.903548,0.000000,9.806600,0.000000,0.000000,0.000000,0.720000,0.720000,1.610980,0.000000,0.000000,0.000000,0.000000,9.792006,-0.000143,0.000795,0.000131,0.000000,0.000000,0.000000
1788402306517641953,17.837735,-1,-1.019758,0.841411,-3.353745,-1.019758,0.841411,-3.353745,0.000000,0.000000,0.000000,0.000000,0.002804,-0.000129,-0.002384,2.101271,0.903548,171.078159,0.000000,0.000000,171.078159,2.101271,0.903548,0.000000,9.806600,0.000000,0.000000,0.000000,0.720000,0.720000,1.610980,0.000000,0.000000,0.000000,0.000000,9.795745,-0.000426,0.000102,-0.000876,0.000000,0.000000,0.000000
1788402306550619349,17.870712,-1,-1.019775,0.841473,-3.353912,-1.019775,0.841473,-3.353912,0.000000,0.000000,0.000000,0.000000,0.002722,-0.000138,-0.002392,2.100874,0.903874,171.078271,0.000000,0.000000,171.078271,2.100874,0.903874,0.000000,9.806600,0.000000,0.000000,0.000000,0.720000,0.720000,1.610980,0.000000,0.000000,0.000000,0.000000,9.803305,-0.000029,0.000708,-0.000407,0.000000,0.000000,0.000000
1788402306583618361,17.903711,-1,-1.019779,0.841512,-3.354034,-1.019779,0.841512,-3.354034,0.000000,0.000000,0.000000,0.000000,0.002603,-0.000092,-0.002323,2.101218,0.905707,171.077566,0.000000,0.000000,171.077566,2.101218,0.905707,0.000000,9.806600,0.000000,0.000000,0.000000,0.720000,0.720000,1.610980,0.000000,0.000000,0.000000,0.000000,9.796235,0.000455,0.001162,-0.000214,0.000000,0.000000,0.000000
1788402306616687597,17.936780,-1,-1.019781,0.841549,-3.354187,-1.019781,0.841549,-3.354187,0.000000,0.000000,0.000000,0.000000,0.002592,-0.000203,-0.002262,2.101983,0.906415,171.077473,0.000000,0.000000,171.077473,2.101983,0.906415,0.000000,9.806600,0.000000,0.000000,0.000000,0.720000,0.720000,1.610980,0.000000,0.000000,0.000000,0.000000,9.816393,-0.000285,0.000293,-0.000832,0.000000,0.000000,0.000000
1788402306649528480,17.969621,-1,-1.019791,0.841605,-3.354401,-1.019791,0.841605,-3.354401,0.000000,0.000000,0.000000,0.000000,0.002593,-0.000333,-0.002150,2.101912,0.906161,171.077023,0.000000,0.000000,171.077023,2.101912,0.906161,0.000000,9.806600,0.000000,0.000000,0.000000,0.720000,0.720000,1.610980,0.000000,0.000000,0.000000,0.000000,9.811804,-0.000090,-0.000599,-0.000781,0.000000,0.000000,0.000000
1788402306682535838,18.002629,-1,-1.019788,0.841613,-3.354553,-1.019788,0.841613,-3.354553,0.000000,0.000000,0.000000,0.000000,0.002527,-0.000480,-0.002031,2.101752,0.905540,171.076962,0.000000,0.000000,171.076962,2.101752,0.905540,0.000000,9.806600,0.000000,0.000000,0.000000,0.720000,0.720000,1.610980,0.000000,0.000000,0.000000,0.000000,9.791207,-0.000234,-0.000715,-0.000162,0.000000,0.000000,0.000000
1788402306715501338,18.035594,-1,-1.019782,0.841606,-3.354706,-1.019782,0.841606,-3.354706,0.000000,0.000000,0.000000,0.000000,0.002551,-0.000512,-0.002009,2.101500,0.904211,171.076935,0.000000,0.000000,171.076935,2.101500,0.904211,0.000000,9.806600,0.000000,0.000000,0.000000,0.720000,0.720000,1.610980,0.000000,0.000000,0.000000,0.000000,9.799174,0.000088,0.000211,-0.000061,0.000000,0.000000,0.000000
1788402306748481452,18.068574,-1,-1.019782,0.841603,-3.354858,-1.019782,0.841603,-3.354858,0.000000,0.000000,0.000000,0.000000,0.002568,-0.000428,-0.002015,2.101307,0.903733,171.077171,0.000000,0.000000,171.077171,2.101307,0.903733,0.000000,9.806600,0.000000,0.000000,0.000000,0.720000,0.720000,1.610980,0.000000,0.000000,0.000000,0.000000,9.793884,0.000162,0.000360,0.000114,0.000000,0.000000,0.000000
1788402306781463644,18.101556,-1,-1.019765,0.841554,-3.355057,-1.019765,0.841554,-3.355057,0.000000,0.000000,0.000000,0.000000,0.002705,-0.000322,-0.001982,2.102290,0.904335,171.077341,0.000000,0.000000,171.077341,2.102290,0.904335,0.000000,9.806600,0.000000,0.000000,0.000000,0.720000,0.720000,1.610980,0.000000,0.000000,0.000000,0.000000,9.806851,-0.000279,0.001020,0.000238,0.000000,0.000000,0.000000
1788402306814400141,18.134493,-1,-1.019755,0.841513,-3.355164,-1.019755,0.841513,-3.355164,0.000000,0.000000,0.000000,0.000000,0.002630,-0.000343,-0.001835,2.102215,0.905029,171.077540,0.000000,0.000000,171.077540,2.102215,0.905029,0.000000,9.806600,0.000000,0.000000,0.000000,0.720000,0.720000,1.610980,0.000000,0.000000,0.000000,0.000000,9.799435,-0.000033,-0.001152,-0.000162,0.000000,0.000000,0.000000
1788402306847378176,18.167471,-1,-1.019751,0.841469,-3.355301,-1.019751,0.841469,-3.355301,0.000000,0.000000,0.000000,0.000000,0.002543,-0.000255,-0.001713,2.102261,0.904386,171.077628,0.000000,0.000000,171.077628,2.102261,0.904386,0.000000,9.806600,0.000000,0.000000,0.000000,0.720000,0.720000,1.610980,0.000000,0.000000,0.000000,0.000000,9.791394,0.000262,-0.000259,-0.000331,0.000000,0.000000,0.000000
1788402306880401395,18.200494,-1,-1.019720,0.841401,-3.355408,-1.019720,0.841401,-3.355408,0.000000,0.000000,0.000000,0.000000,0.002459,-0.000095,-0.001823,2.102519,0.904058,171.077782,0.000000,0.000000,171.077782,2.102519,0.904058,0.000000,9.806600,0.000000,0.000000,0.000000,0.720000,0.720000,1.610980,0.000000,0.000000,0.000000,0.000000,9.797938,-0.000206,0.001238,0.000234,0.000000,0.000000,0.000000
1788402306913423400,18.233516,-1,-1.019684,0.841324,-3.355469,-1.019684,0.841324,-3.355469,0.000000,0.000000,0.000000,0.000000,0.002625,-0.000142,-0.001849,2.102598,0.905554,171.079016,0.000000,0.000000,171.079016,2.102598,0.905554,0.000000,9.806600,0.000000,0.000000,0.000000,0.720000,0.720000,1.610980,0.000000,0.000000,0.000000,0.000000,9.784066,0.000156,0.000198,-0.000172,0.000000,0.000000,0.000000
1788402306946348576,18.266441,-1,-1.019656,0.841256,-3.355530,-1.019656,0.841256,-3.355530,0.000000,0.000000,0.000000,0.000000,0.002481,-0.000010,-0.001824,2.103094,0.906161,171.079040,0.000000,0.000000,171.079040,2.103094,0.906161,0.000000,9.806600,0.000000,0.000000,0.000000,0.720000,0.720000,1.610980,0.000000,0.000000,0.000000,0.000000,9.787627,-0.000596,0.000044,-0.000398,0.000000,0.000000,0.000000
1788402306979315195,18.299408,-1,-1.019602,0.841153,-3.355591,-1.019602,0.841153,-3.355591,0.000000,0.000000,0.000000,0.000000,0.002225,-0.000101,-0.001645,2.102560,0.906651,171.079048,0.000000,0.000000,171.079048,2.102560,0.906651,0.000000,9.806600,0.000000,0.000000,0.000000,0.720000,0.720000,1.610980,0.000000,0.000000,0.000000,0.000000,9.810072,0.000131,-0.000466,-0.000748,0.000000,0.000000,0.000000
1788402307012298700,18.332391,-1,-1.019553,0.841074,-3.355621,-1.019553,0.841074,-3.355621,0.000000,0.000000,0.000000,0.000000,0.002335,-0.000033,-0.001489,2.102867,0.906106,171.078930,0.000000,0.000000,171.078930,2.102867,0.906106,0.000000,9.806600,0.000000,0.000000,0.000000,0.720000,0.720000,1.610980,0.000000,0.000000,0.000000,0.000000,9.806881,-0.000758,-0.000617,-0.000302,0.000000,0.000000,0.000000
1788402307045243148,18.365336,-1,-1.019516,0.841000,-3.355637,-1.019516,0.841000,-3.355637,0.000000,0.000000,0.000000,0.000000,0.002328,-0.000000,-0.001286,2.102611,0.904475,171.078685,0.000000,0.000000,171.078685,2.102611,0.904475,0.000000,9.806600,0.000000,0.000000,0.000000,0.720000,0.720000,1.610980,0.000000,0.000000,0.000000,0.000000,9.804640,-0.000241,0.000869,-0.000612,0.000000,0.000000,0.000000
1788402307078251744,18.398344,-1,-1.019475,0.840882,-3.355621,-1.019475,0.840882,-3.355621,0.000000,0.000000,0.000000,0.000000,0.002390,0.000045,-0.001226,2.103108,0.905175,171.078111,0.000000,0.000000,171.078111,2.103108,0.905175,0.000000,9.806600,0.000000,0.000000,0.000000,0.720000,0.720000,1.610980,0.000000,0.000000,0.000000,0.000000,9.802315,-0.000153,0.000413,-0.000467,0.000000,0.000000,0.000000
1788402307111264370,18.431357,-1,-1.019454,0.840796,-3.355606,-1.019454,0.840796,-3.355606,0.000000,0.000000,0.000000,0.000000,0.002455,-0.000039,-0.001132,2.102806,0.905260,171.078058,0.000000,0.000000,171.078058,2.102806,0.905260,0.000000,9.806600,0.000000,0.000000,0.000000,0.720000,0.720000,1.610980,0.000000,0.000000,0.000000,0.000000,9.795705,0.000549,-0.000032,0.000016,0.000000,0.000000,0.000000
1788402307144228164,18.464321,-1,-1.019441,0.840720,-3.355606,-1.019441,0.840720,-3.355606,0.000000,0.000000,0.000000,0.000000,0.002438,-0.000022,-0.001242,2.103019,0.906632,171.077566,0.000000,0.000000,171.077566,2.103019,0.906632,0.000000,9.806600,0.000000,0.000000,0.000000,0.720000,0.720000,1.610980,0.000000,0.000000,0.000000,0.000000,9.791574,0.000726,-0.001256,0.000227,0.000000,0.000000,0.000000
1788402307177157199,18.497250,-1,-1.019434,0.840603,-3.355606,-1.019434,0.840603,-3.355606,0.000000,0.000000,0.000000,0.000000,0.002513,0.000038,-0.001216,2.103169,0.905194,171.077419,0.000000,0.000000,171.077419,2.103169,0.905194,0.000000,9.806600,0.000000,0.000000,0.000000,0.720000,0.720000,1.610980,0.000000,0.000000,0.000000,0.000000,9.801019,-0.000340,0.000071,-0.000329,0.000000,0.000000,0.000000
1788402307210178906,18.530272,-1,-1.019437,0.840505,-3.355591,-1.019437,0.840505,-3.355591,0.000000,0.000000,0.000000,0.000000,0.002566,0.000161,-0.001190,2.103329,0.905309,171.077360,0.000000,0.000000,171.077360,2.103329,0.905309,0.000000,9.806600,0.000000,0.000000,0.000000,0.720000,0.720000,1.610980,0.000000,0.000000,0.000000,0.000000,9.799127,0.000618,-0.000955,-0.000175,0.000000,0.000000,0.000000
1788402307243188334,18.563281,-1,-1.019450,0.840413,-3.355576,-1.019450,0.840413,-3.355576,0.000000,0.000000,0.000000,0.000000,0.002695,0.000229,-0.001149,2.102872,0.904466,171.076769,0.000000,0.000000,171.076769,2.102872,0.904466,0.000000,9.806600,0.000000,0.000000,0.000000,0.720000,0.720000,1.610980,0.000000,0.000000,0.000000,0.000000,9.799714,0.000419,-0.000171,-0.000820,0.000000,0.000000,0.000000
1788402307276148579,18.596241,-1,-1.019472,0.840284,-3.355637,-1.019472,0.840284,-3.355637,0.000000,0.000000,0.000000,0.000000,0.002675,0.000423,-0.001228,2.102765,0.904712,171.077442,0.000000,0.000000,171.077442,2.102765,0.904712,0.000000,9.806600,0.000000,0.000000,0.000000,0.720000,0.720000,1.610980,0.000000,0.000000,0.000000,0.000000,9.796575,-0.000348,0.000322,-0.000096,0.000000,0.000000,0.000000
1788402307309062552,18.629155,-1,-1.019493,0.840190,-3.355698,-1.019493,0.840190,-3.355698,0.000000,0.000000,0.000000,0.000000,0.002499,0.000446,-0.001207,2.102687,0.905475,171.077401,0.000000,0.000000,171.077401,2.102687,0.905475,0.000000,9.806600,0.000000,0.000000,0.000000,0.720000,0.720000,1.610980,0.000000,0.000000,0.000000,0.000000,9.796355,0.000349,0.000057,-0.000362,0.000000,0.000000,0.000000
1788402307342081764,18.662174,-1,-1.019516,0.840100,-3.355759,-1.019516,0.840100,-3.355759,0.000000,0.000000,0.000000,0.000000,0.002364,0.000623,-0.001153,2.103477,0.905452,171.077193,0.000000,0.000000,171.077193,2.103477,0.905452,0.000000,9.806600,0.000000,0.000000,0.000000,0.720000,0.720000,1.610980,0.000000,0.000000,0.000000,0.000000,9.802138,-0.000049,-0.001685,-0.000637,0.000000,0.000000,0.000000
1788402307375082878,18.695176,-1,-1.019549,0.840015,-3.355804,-1.019549,0.840015,-3.355804,0.000000,0.000000,0.000000,0.000000,0.002202,0.000599,-0.001026,2.103525,0.903860,171.076059,0.000000,0.000000,171.076059,2.103525,0.903860,0.000000,9.806600,0.000000,0.000000,0.000000,0.720000,0.720000,1.610980,0.000000,0.000000,0.000000,0.000000,9.798168,-0.000335,-0.000452,-0.000009,0.000000,0.000000,0.000000
1788402307408001103,18.728094,-1,-1.019580,0.839961,-3.355850,-1.019580,0.839961,-3.355850,0.000000,0.000000,0.000000,0.000000,0.002305,0.000658,-0.001031,2.103493,0.902991,171.076424,0.000000,0.000000,171.076424,2.103493,0.902991,0.000000,9.806600,0.000000,0.000000,0.000000,0.720000,0.720000,1.610980,0.000000,0.000000,0.000000,0.000000,9.802933,0.000436,0.000074,-0.000920,0.000000,0.000000,0.000000
1788402307441015136,18.761108,-1,-1.019617,0.839913,-3.355881,-1.019617,0.839913,-3.355881,0.000000,0.000000,0.000000,0.000000,0.002431,0.000635,-0.000949,2.103003,0.901850,171.077252,0.000000,0.000000,171.077252,2.103003,0.901850,0.000000,9.806600,0.000000,0.000000,0.000000,0.720000,0.720000,1.610980,0.000000,0.000000,0.000000,0.000000,9.800010,0.000328,-0.000265,-0.000093,0.000000,0.000000,0.000000
1788402307473975445,18.794068,-1,-1.019654,0.839822,-3.355850,-1.019654,0.839822,-3.355850,0.000000,0.000000,0.000000,0.000000,0.002436,0.000760,-0.000835,2.104236,0.901401,171.076861,0.000000,0.000000,171.076861,2.104236,0.901401,0.000000,9.806600,0.000000,0.000000,0.000000,0.720000,0.720000,1.610980,0.000000,0.000000,0.000000,0.000000,9.801330,-0.000057,0.000172,-0.000338,0.000000,0.000000,0.000000
1788402307506954014,18.827047,-1,-1.019684,0.839752,-3.355804,-1.019684,0.839752,-3.355804,0.000000,0.000000,0.000000,0.000000,0.002549,0.000718,-0.000799,2.104006,0.902569,171.077556,0.000000,0.000000,171.077556,2.104006,0.902569,0.000000,9.806600,0.000000,0.000000,0.000000,0.720000,0.720000,1.610980,0.000000,0.000000,0.000000,0.000000,9.801807,-0.000875,0.000468,0.000411,0.000000,0.000000,0.000000
1788402307539949371,18.860042,-1,-1.019719,0.839687,-3.355743,-1.019719,0.839687,-3.355743,0.000000,0.000000,0.000000,0.000000,0.002525,0.000783,-0.000555,2.103571,0.902663,171.077713,0.000000,0.000000,171.077713,2.103571,0.902663,0.000000,9.806600,0.000000,0.000000,0.000000,0.720000,0.720000,1.610980,0.000000,0.000000,0.000000,0.000000,9.802262,0.000267,0.000493,-0.000509,0.000000,0.000000,0.000000
1788402307572921416,18.893014,-1,-1.019736,0.839588,-3.355652,-1.019736,0.839588,-3.355652,0.000000,0.000000,0.000000,0.000000,0.002318,0.000738,-0.000414,2.104224,0.902881,171.077908,0.000000,0.000000,171.077908,2.104224,0.902881,0.000000,9.806600,0.000000,0.000000,0.000000,0.720000,0.720000,1.610980,0.000000,0.000000,0.000000,0.000000,9.799409,0.000201,-0.000753,-0.000300,0.000000,0.000000,0.000000
1788402307605931419,18.926024,-1,-1.019744,0.839519,-3.355576,-1.019744,0.839519,-3.355576,0.000000,0.000000,0.000000,0.000000,0.002259,0.000727,-0.000398,2.104176,0.902479,171.077919,0.000000,0.000000,171.077919,2.104176,0.902479,0.000000,9.806600,0.000000,0.000000,0.000000,0.720000,0.720000,1.610980,0.000000,0.000000,0.000000,0.000000,9.789205,-0.000794,-0.000127,-0.000328,0.000000,0.000000,0.000000
1788402307638881623,18.958974,-1,-1.019757,0.839455,-3.355499,-1.019757,0.839455,-3.355499,0.000000,0.000000,0.000000,0.000000,0.002310,0.000754,-0.000332,2.103527,0.902334,171.077785,0.000000,0.000000,171.077785,2.103527,0.902334,0.000000,9.806600,0.000000,0.000000,0.000000,0.720000,0.720000,1.610980,0.000000,0.000000,0.000000,0.000000,9.799150,0.000172,0.000424,0.000735,0.000000,0.000000,0.000000
1788402307671840941,18.991934,-1,-1.019765,0.839387,-3.355408,-1.019765,0.839387,-3.355408,0.000000,0.000000,0.000000,0.000000,0.002372,0.000766,-0.000233,2.103362,0.902476,171.078844,0.000000,0.000000,171.078844,2.103362,0.902476,0.000000,9.806600,0.000000,0.000000,0.000000,0.720000,0.720000,1.610980,0.000000,0.000000,0.000000,0.000000,9.801107,-0.000110,0.000590,-0.000457,0.000000,0.000000,0.000000
1788402307704820501,19.024913,-1,-1.019757,0.839285,-3.355255,-1.019757,0.839285,-3.355255,0.000000,0.000000,0.000000,0.000000,0.002436,0.000912,-0.000212,2.103497,0.902893,171.078731,0.000000,0.000000,171.078731,2.103497,0.902893,0.000000,9.806600,0.000000,0.000000,0.000000,0.720000,0.720000,1.610980,0.000000,0.000000,0.000000,0.000000,9.807425,0.000084,0.000132,-0.000088,0.000000,0.000000,0.000000
1788402307737827338,19.057920,-1,-1.019760,0.839213,-3.355148,-1.019760,0.839213,-3.355148,0.000000,0.000000,0.000000,0.000000,0.002463,0.000981,-0.000028,2.103030,0.903539,171.078423,0.000000,0.000000,171.078423,2.103030,0.903539,0.000000,9.806600,0.000000,0.000000,0.000000,0.720000,0.720000,1.610980,0.000000,0.000000,0.000000,0.000000,9.783195,-0.000217,-0.000750,-0.000152,0.000000,0.000000,0.000000
1788402307770736610,19.090829,-1,-1.019747,0.839142,-3.354935,-1.019747,0.839142,-3.354935,0.000000,0.000000,0.000000,0.000000,0.002279,0.000904,-0.000053,2.102560,0.903558,171.078569,0.000000,0.000000,171.078569,2.102560,0.903558,0.000000,9.806600,0.000000,0.000000,0.000000,0.720000,0.720000,1.610980,0.000000,0.000000,0.000000,0.000000,9.795431,0.000241,-0.000097,-0.000693,0.000000,0.000000,0.000000
1788402307803735677,19.123828,-1,-1.019724,0.839058,-3.354660,-1.019724,0.839058,-3.354660,0.000000,0.000000,0.000000,0.000000,0.002143,0.000986,0.000175,2.102798,0.903460,171.078371,0.000000,0.000000,171.078371,2.102798,0.903460,0.000000,9.806600,0.000000,0.000000,0.000000,0.720000,0.720000,1.610980,0.000000,0.000000,0.000000,0.000000,9.795587,-0.000528,-0.000961,-0.000020,0.000000,0.000000,0.000000
1788402307836757831,19.156851,-1,-1.019713,0.838999,-3.354462,-1.019713,0.838999,-3.354462,0.000000,0.000000,0.000000,0.000000,0.002160,0.000944,0.000239,2.102428,0.902162,171.078344,0.000000,0.000000,171.078344,2.102428,0.902162,0.000000,9.806600,0.000000,0.000000,0.000000,0.720000,0.720000,1.610980,0.000000,0.000000,0.000000,0.000000,9.802480,0.000083,-0.000296,-0.000294,0.000000,0.000000,0.000000
1788402307869728118,19.189821,-1,-1.019683,0.838951,-3.354156,-1.019683,0.838951,-3.354156,0.000000,0.000000,0.000000,0.000000,0.002316,0.001002,0.000451,2.102215,0.902096,171.078245,0.000000,0.000000,171.078245,2.102215,0.902096,0.000000,9.806600,0.000000,0.000000,0.000000,0.720000,0.720000,1.610980,0.000000,0.000000,0.000000,0.000000,9.800318,-0.000283,0.000241,0.000395,0.000000,0.000000,0.000000
1788402307902690377,19.222783,-1,-1.019667,0.838924,-3.353943,-1.019667,0.838924,-3.353943,0.000000,0.000000,0.000000,0.000000,0.002404,0.000981,0.000547,2.102454,0.903354,171.078690,0.000000,0.000000,171.078690,2.102454,0.903354,0.000000,9.806600,0.000000,0.000000,0.000000,0.720000,0.720000,1.610980,0.000000,0.000000,0.000000,0.000000,9.801601,0.000048,0.001126,-0.000199,0.000000,0.000000,0.000000
1788402307935676173,19.255769,-1,-1.019662,0.838899,-3.353745,-1.019662,0.838899,-3.353745,0.000000,0.000000,0.000000,0.000000,0.002439,0.001019,0.000732,2.102264,0.903979,171.078431,0.000000,0.000000,171.078431,2.102264,0.903979,0.000000,9.806600,0.000000,0.000000,0.000000,0.720000,0.720000,1.610980,0.000000,0.000000,0.000000,0.000000,9.789999,-0.000948,0.000086,-0.000561,0.000000,0.000000,0.000000
1788402307968640895,19.288734,-1,-1.019635,0.838876,-3.353516,-1.019635,0.838876,-3.353516,0.000000,0.000000,0.000000,0.000000,0.002424,0.000939,0.000675,2.101762,0.904876,171.077100,0.000000,0.000000,171.077100,2.101762,0.904876,0.000000,9.806600,0.000000,0.000000,0.000000,0.720000,0.720000,1.610980,0.000000,0.000000,0.000000,0.000000,9.799540,0.000013,0.000620,-0.000225,0.000000,0.000000,0.000000
1788402308001628929,19.321722,-1,-1.019593,0.838853,-3.353226,-1.019593,0.838853,-3.353226,0.000000,0.000000,0.000000,0.000000,0.002313,0.001000,0.000937,2.101994,0.904455,171.077428,0.000000,0.000000,171.077428,2.101994,0.904455,0.000000,9.806600,0.000000,0.000000,0.000000,0.720000,0.720000,1.610980,0.000000,0.000000,0.000000,0.000000,9.808512,0.000142,-0.000709,-0.000125,0.000000,0.000000,0.000000
1788402308034633845,19.354727,-1,-1.019570,0.838836,-3.353012,-1.019570,0.838836,-3.353012,0.000000,0.000000,0.000000,0.000000,0.002120,0.000917,0.001035,2.101554,0.903516,171.077409,0.000000,0.000000,171.077409,2.101554,0.903516,0.000000,9.806600,0.000000,0.000000,0.000000,0.720000,0.720000,1.610980,0.000000,0.000000,0.000000,0.000000,9.798416,0.000173,-0.000398,0.000122,0.000000,0.000000,0.000000
1788402308067559550,19.387652,-1,-1.019535,0.838800,-3.352829,-1.019535,0.838800,-3.352829,0.000000,0.000000,0.000000,0.000000,0.002192,0.000820,0.001120,2.101445,0.903088,171.077768,0.000000,0.000000,171.077768,2.101445,0.903088,0.000000,9.806600,0.000000,0.000000,0.000000,0.720000,0.720000,1.610980,0.000000,0.000000,0.000000,0.000000,9.813363,-0.000174,-0.000016,-0.000508,0.000000,0.000000,0.000000
1788402308100549052,19.420642,-1,-1.019493,0.838742,-3.352570,-1.019493,0.838742,-3.352570,0.000000,0.000000,0.000000,0.000000,0.002144,0.000914,0.001260,2.101818,0.903248,171.077851,0.000000,0.000000,171.077851,2.101818,0.903248,0.000000,9.806600,0.000000,0.000000,0.000000,0.720000,0.720000,1.610980,0.000000,0.000000,0.000000,0.000000,9.804722,-0.000443,-0.000308,-0.001119,0.000000,0.000000,0.000000
1788402308133536699,19.453629,-1,-1.019472,0.838703,-3.352371,-1.019472,0.838703,-3.352371,0.000000,0.000000,0.000000,0.000000,0.002087,0.000884,0.001261,2.101931,0.904149,171.077015,0.000000,0.000000,171.077015,2.101931,0.904149,0.000000,9.806600,0.000000,0.000000,0.000000,0.720000,0.720000,1.610980,0.000000,0.000000,0.000000,0.000000,9.804366,0.000493,0.001049,0.000167,0.000000,0.000000,0.000000
1788402308166502376,19.486595,-1,-1.019431,0.838682,-3.352219,-1.019431,0.838682,-3.352219,0.000000,0.000000,0.000000,0.000000,0.001983,0.000880,0.001475,2.102415,0.904666,171.077387,0.000000,0.000000,171.077387,2.102415,0.904666,0.000000,9.806600,0.000000,0.000000,0.000000,0.720000,0.720000,1.610980,0.000000,0.000000,0.000000,0.000000,9.809003,0.000112,-0.000010,-0.000141,0.000000,0.000000,0.000000
1788402308199488520,19.519581,-1,-1.019373,0.838670,-3.352051,-1.019373,0.838670,-3.352051,0.000000,0.000000,0.000000,0.000000,0.001939,0.000762,0.001712,2.102249,0.904783,171.077318,0.000000,0.000000,171.077318,2.102249,0.904783,0.000000,9.806600,0.000000,0.000000,0.000000,0.720000,0.720000,1.610980,0.000000,0.000000,0.000000,0.000000,9.798083,0.000168,-0.000997,-0.000096,0.000000,0.000000,0.000000
1788402308232447610,19.552540,-1,-1.019341,0.838664,-3.351944,-1.019341,0.838664,-3.351944,0.000000,0.000000,0.000000,0.000000,0.002046,0.000905,0.001675,2.102951,0.902656,171.077954,0.000000,0.000000,171.077954,2.102951,0.902656,0.000000,9.806600,0.000000,0.000000,0.000000,0.720000,0.720000,1.610980,0.000000,0.000000,0.000000,0.000000,9.802089,0.000125,-0.000580,0.000007,0.000000,0.000000,0.000000
1788402308265430493,19.585523,-1,-1.019306,0.838628,-3.351868,-1.019306,0.838628,-3.351868,0.000000,0.000000,0.000000,0.000000,0.002069,0.000890,0.001635,2.103345,0.902367,171.077754,0.000000,0.000000,171.077754,2.103345,0.902367,0.000000,9.806600,0.000000,0.000000,0.000000,0.720000,0.720000,1.610980,0.000000,0.000000,0.000000,0.000000,9.807832,0.000213,-0.000022,0.000298,0.000000,0.000000,0.000000
1788402308298420250,19.618513,-1,-1.019267,0.838566,-3.351776,-1.019267,0.838566,-3.351776,0.000000,0.000000,0.000000,0.000000,0.002127,0.001021,0.001682,2.103697,0.902420,171.078446,0.000000,0.000000,171.078446,2.103697,0.902420,0.000000,9.806600,0.000000,0.000000,0.000000,0.720000,0.720000,1.610980,0.000000,0.000000,0.000000,0.000000,9.803780,-0.000393,0.000209,-0.000552,0.000000,0.000000,0.000000
1788402308331405467,19.651498,-1,-1.019248,0.838521,-3.351669,-1.019248,0.838521,-3.351669,0.000000,0.000000,0.000000,0.000000,0.002126,0.001071,0.001748,2.102995,0.902828,171.077889,0.000000,0.000000,171.077889,2.102995,0.902828,0.000000,9.806600,0.000000,0.000000,0.000000,0.720000,0.720000,1.610980,0.000000,0.000000,0.000000,0.000000,9.797565,-0.000234,0.000386,-0.000417,0.000000,0.000000,0.000000
1788402308364376549,19.684469,-1,-1.019220,0.838465,-3.351624,-1.019220,0.838465,-3.351624,0.000000,0.000000,0.000000,0.000000,0.002007,0.001237,0.001729,2.102907,0.902879,171.077618,0.000000,0.000000,171.077618,2.102907,0.902879,0.000000,9.806600,0.000000,0.000000,0.000000,0.720000,0.720000,1.610980,0.000000,0.000000,0.000000,0.000000,9.814282,0.000870,-0.000840,-0.000301,0.000000,0.000000,0.000000
1788402308397330714,19.717423,-1,-1.019182,0.838382,-3.351624,-1.019182,0.838382,-3.351624,0.000000,0.000000,0.000000,0.000000,0.001897,0.001194,0.001858,2.103362,0.902596,171.078001,0.000000,0.000000,171.078001,2.103362,0.902596,0.000000,9.806600,0.000000,0.000000,0.000000,0.720000,0.720000,1.610980,0.000000,0.000000,0.000000,0.000000,9.801990,0.000222,-0.000530,-0.000015,0.000000,0.000000,0.000000
1788402308430440871,19.750534,-1,-1.019161,0.838326,-3.351608,-1.019161,0.838326,-3.351608,0.000000,0.000000,0.000000,0.000000,0.001952,0.001187,0.001892,2.104898,0.901560,171.078787,0.000000,0.000000,171.078787,2.104898,0.901560,0.000000,9.806600,0.000000,0.000000,0.000000,0.720000,0.720000,1.610980,0.000000,0.000000,0.000000,0.000000,9.804248,-0.000941,-0.000045,-0.000564,0.000000,0.000000,0.000000
1788402308463304089,19.783397,-1,-1.019137,0.838331,-3.351562,-1.019137,0.838331,-3.351562,0.000000,0.000000,0.000000,0.000000,0.002237,0.001203,0.001958,2.104013,0.902298,171.079021,0.000000,0.000000,171.079021,2.104013,0.902298,0.000000,9.806600,0.000000,0.000000,0.000000,0.720000,0.720000,1.610980,0.000000,0.000000,0.000000,0.000000,9.805188,-0.000018,0.000663,-0.000390,0.000000,0.000000,0.000000
1788402308496285948,19.816379,-1,-1.019109,0.838367,-3.351517,-1.019109,0.838367,-3.351517,0.000000,0.000000,0.000000,0.000000,0.002183,0.001376,0.002100,2.103951,0.902795,171.078583,0.000000,0.000000,171.078583,2.103951,0.902795,0.000000,9.806600,0.000000,0.000000,0.000000,0.720000,0.720000,1.610980,0.000000,0.000000,0.000000,0.000000,9.803230,-0.000945,-0.000254,-0.000675,0.000000,0.000000,0.000000
1788402308529272252,19.849365,-1,-1.019098,0.838386,-3.351501,-1.019098,0.838386,-3.351501,0.000000,0.000000,0.000000,0.000000,0.002076,0.001329,0.002017,2.103131,0.903616,171.078227,0.000000,0.000000,171.078227,2.103131,0.903616,0.000000,9.806600,0.000000,0.000000,0.000000,0.720000,0.720000,1.610980,0.000000,0.000000,0.000000,0.000000,9.805906,0.000659,-0.000584,-0.000581,0.000000,0.000000,0.000000
1788402308562220470,19.882313,-1,-1.019072,0.838480,-3.351456,-1.019072,0.838480,-3.351456,0.000000,0.000000,0.000000,0.000000,0.001916,0.001243,0.002099,2.103600,0.903344,171.078348,0.000000,0.000000,171.078348,2.103600,0.903344,0.000000,9.806600,0.000000,0.000000,0.000000,0.720000,0.720000,1.610980,0.000000,0.000000,0.000000,0.000000,9.797534,-0.000417,-0.000229,-0.000449,0.000000,0.000000,0.000000
1788402308595256084,19.915349,-1,-1.019038,0.838647,-3.351395,-1.019038,0.838647,-3.351395,0.000000,0.000000,0.000000,0.000000,0.001933,0.000835,0.002153,2.103699,0.903037,171.078486,0.000000,0.000000,171.078486,2.103699,0.903037,0.000000,9.806600,0.000000,0.000000,0.000000,0.720000,0.720000,1.610980,0.000000,0.000000,0.000000,0.000000,9.800814,0.000205,-0.000704,0.000096,0.000000,0.000000,0.000000
1788402308628208363,19.948301,-1,-1.019023,0.838768,-3.351334,-1.019023,0.838768,-3.351334,0.000000,0.000000,0.000000,0.000000,0.002038,0.000707,0.002141,2.105008,0.902644,171.078873,0.000000,0.000000,171.078873,2.105008,0.902644,0.000000,9.806600,0.000000,0.000000,0.000000,0.720000,0.720000,1.610980,0.000000,0.000000,0.000000,0.000000,9.789225,-0.000180,0.000037,-0.000436,0.000000,0.000000,0.000000
1788402308661147275,19.981240,-1,-1.019001,0.838946,-3.351273,-1.019001,0.838946,-3.351273,0.000000,0.000000,0.000000,0.000000,0.002142,0.000594,0.002120,2.105274,0.903301,171.078732,0.000000,0.000000,171.078732,2.105274,0.903301,0.000000,9.806600,0.000000,0.000000,0.000000,0.720000,0.720000,1.610980,0.000000,0.000000,0.000000,0.000000,9.799310,-0.000164,0.000091,0.000108,0.000000,0.000000,0.000000
1788402308694166740,20.014259,-1,-1.018979,0.839145,-3.351227,-1.018979,0.839145,-3.351227,0.000000,0.000000,0.000000,0.000000,0.002227,0.000426,0.002202,2.105311,0.903695,171.079279,0.000000,0.000000,171.079279,2.105311,0.903695,0.000000,9.806600,0.000000,0.000000,0.000000,0.720000,0.720000,1.610980,0.000000,0.000000,0.000000,0.000000,9.808543,0.000346,0.000140,-0.000277,0.000000,0.000000,0.000000
1788402308727158864,20.047252,-1,-1.018960,0.839396,-3.351151,-1.018960,0.839396,-3.351151,0.000000,0.000000,0.000000,0.000000,0.002034,0.000282,0.002227,2.105912,0.904917,171.079690,0.000000,0.000000,171.079690,2.105912,0.904917,0.000000,9.806600,0.000000,0.000000,0.000000,0.720000,0.720000,1.610980,0.000000,0.000000,0.000000,0.000000,9.798104,-0.000431,-0.000562,0.000232,0.000000,0.000000,0.000000
1788402308760118562,20.080211,-1,-1.018938,0.839581,-3.351074,-1.018938,0.839581,-3.351074,0.000000,0.000000,0.000000,0.000000,0.002052,0.000045,0.002272,2.105644,0.904597,171.079860,0.000000,0.000000,171.079860,2.105644,0.904597,0.000000,9.806600,0.000000,0.000000,0.000000,0.720000,0.720000,1.610980,0.000000,0.000000,0.000000,0.000000,9.810676,-0.000427,-0.000442,-0.000456,0.000000,0.000000,0.000000
1788402308793061151,20.113154,-1,-1.018914,0.839822,-3.350967,-1.018914,0.839822,-3.350967,0.000000,0.000000,0.000000,0.000000,0.002170,0.000016,0.002260,2.106208,0.905170,171.079059,0.000000,0.000000,171.079059,2.106208,0.905170,0.000000,9.806600,0.000000,0.000000,0.000000,0.720000,0.720000,1.610980,0.000000,0.000000,0.000000,0.000000,9.796930,0.000104,0.000002,-0.000396,0.000000,0.000000,0.000000
1788402308826035239,20.146128,-1,-1.018908,0.839990,-3.350906,-1.018908,0.839990,-3.350906,0.000000,0.000000,0.000000,0.000000,0.002183,-0.000142,0.002299,2.106167,0.905315,171.079490,0.000000,0.000000,171.079490,2.106167,0.905315,0.000000,9.806600,0.000000,0.000000,0.000000,0.720000,0.720000,1.610980,0.000000,0.000000,0.000000,0.000000,9.796166,-0.000296,0.000559,0.000462,0.000000,0.000000,0.000000
1788402308859050164,20.179143,-1,-1.018889,0.840146,-3.350830,-1.018889,0.840146,-3.350830,0.000000,0.000000,0.000000,0.000000,0.002209,-0.000284,0.002401,2.106326,0.906313,171.080509,0.000000,0.000000,171.080509,2.106326,0.906313,0.000000,9.806600,0.000000,0.000000,0.000000,0.720000,0.720000,1.610980,0.000000,0.000000,0.000000,0.000000,9.806249,-0.000177,0.000447,-0.000135,0.000000,0.000000,0.000000
1788402308892028505,20.212121,-1,-1.018861,0.840341,-3.350723,-1.018861,0.840341,-3.350723,0.000000,0.000000,0.000000,0.000000,0.002067,-0.000365,0.002380,2.106699,0.906678,171.080094,0.000000,0.000000,171.080094,2.106699,0.906678,0.000000,9.806600,0.000000,0.000000,0.000000,0.720000,0.720000,1.610980,0.000000,0.000000,0.000000,0.000000,9.802426,0.000441,0.000153,-0.000800,0.000000,0.000000,0.000000
1788402308924992744,20.245085,-1,-1.018849,0.840478,-3.350647,-1.018849,0.840478,-3.350647,0.000000,0.000000,0.000000,0.000000,0.002185,-0.000447,0.002351,2.107774,0.906132,171.078850,0.000000,0.000000,171.078850,2.107774,0.906132,0.000000,9.806600,0.000000,0.000000,0.000000,0.720000,0.720000,1.610980,0.000000,0.000000,0.000000,0.000000,9.793318,0.000075,-0.000554,-0.000170,0.000000,0.000000,0.000000
1788402308957953369,20.278046,-1,-1.018830,0.840632,-3.350571,-1.018830,0.840632,-3.350571,0.000000,0.000000,0.000000,0.000000,0.002335,-0.000528,0.002345,2.109034,0.905657,171.078358,0.000000,0.000000,171.078358,2.109034,0.905657,0.000000,9.806600,0.000000,0.000000,0.000000,0.720000,0.720000,1.610980,0.000000,0.000000,0.000000,0.000000,9.788286,0.000225,0.000104,-0.000421,0.000000,0.000000,0.000000
1788402308990935068,20.311028,-1,-1.018811,0.840842,-3.350464,-1.018811,0.840842,-3.350464,0.000000,0.000000,0.000000,0.000000,0.002359,-0.000694,0.002522,2.109030,0.905476,171.078301,0.000000,0.000000,171.078301,2.109030,0.905476,0.000000,9.806600,0.000000,0.000000,0.000000,0.720000,0.720000,1.610980,0.000000,0.000000,0.000000,0.000000,9.809162,0.000089,0.000414,-0.000604,0.000000,0.000000,0.000000
1788402309023966258,20.344059,-1,-1.018806,0.840995,-3.350388,-1.018806,0.840995,-3.350388,0.000000,0.000000,0.000000,0.000000,0.002369,-0.000875,0.002500,2.109402,0.906443,171.077896,0.000000,0.000000,171.077896,2.109402,0.906443,0.000000,9.806600,0.000000,0.000000,0.000000,0.720000,0.720000,1.610980,0.000000,0.000000,0.000000,0.000000,9.797828,0.000259,0.000461,-0.000967,0.000000,0.000000,0.000000
1788402309056893501,20.376986,-1,-1.018781,0.841164,-3.350327,-1.018781,0.841164,-3.350327,0.000000,0.000000,0.000000,0.000000,0.002356,-0.000942,0.002621,2.109812,0.906813,171.077397,0.000000,0.000000,171.077397,2.109812,0.906813,0.000000,9.806600,0.000000,0.000000,0.000000,0.720000,0.720000,1.610980,0.000000,0.000000,0.000000,0.000000,9.805347,0.000570,-0.000228,-0.000566,0.000000,0.000000,0.000000
1788402309089841883,20.409935,-1,-1.018750,0.841340,-3.350281,-1.018750,0.841340,-3.350281,0.000000,0.000000,0.000000,0.000000,0.002248,-0.001220,0.002580,2.110656,0.906053,171.077458,0.000000,0.000000,171.077458,2.110656,0.906053,0.000000,9.806600,0.000000,0.000000,0.000000,0.720000,0.720000,1.610980,0.000000,0.000000,0.000000,0.000000,9.797877,-0.000647,0.000138,-0.000109,0.000000,0.000000,0.000000
1788402309122841175,20.442934,-1,-1.018721,0.841565,-3.350220,-1.018721,0.841565,-3.350220,0.000000,0.000000,0.000000,0.000000,0.002340,-0.001322,0.002604,2.110298,0.905748,171.077739,0.000000,0.000000,171.077739,2.110298,0.905748,0.000000,9.806600,0.000000,0.000000,0.000000,0.720000,0.720000,1.610980,0.000000,0.000000,0.000000,0.000000,9.803440,-0.000347,-0.000059,-0.000252,0.000000,0.000000,0.000000
1788402309155809895,20.475903,-1,-1.018692,0.841762,-3.350174,-1.018692,0.841762,-3.350174,0.000000,0.000000,0.000000,0.000000,0.002503,-0.001507,0.002615,2.110052,0.906318,171.077641,0.000000,0.000000,171.077641,2.110052,0.906318,0.000000,9.806600,0.000000,0.000000,0.000000,0.720000,0.720000,1.610980,0.000000,0.000000,0.000000,0.000000,9.809793,-0.000068,0.000091,0.000733,0.000000,0.000000,0.000000
1788402309188815263,20.508908,-1,-1.018655,0.842034,-3.350067,-1.018655,0.842034,-3.350067,0.000000,0.000000,0.000000,0.000000,0.002430,-0.001690,0.002645,2.110631,0.908211,171.077086,0.000000,0.000000,171.077086,2.110631,0.908211,0.000000,9.806600,0.000000,0.000000,0.000000,0.720000,0.720000,1.610980,0.000000,0.000000,0.000000,0.000000,9.797474,-0.000398,0.000891,-0.000471,0.000000,0.000000,0.000000
1788402309221849892,20.541943,-1,-1.018635,0.842229,-3.349976,-1.018635,0.842229,-3.349976,0.000000,0.000000,0.000000,0.000000,0.002337,-0.001743,0.002786,2.110683,0.908934,171.077217,0.000000,0.000000,171.077217,2.110683,0.908934,0.000000,9.806600,0.000000,0.000000,0.000000,0.720000,0.720000,1.610980,0.000000,0.000000,0.000000,0.000000,9.789615,-0.000255,-0.000084,0.000131,0.000000,0.000000,0.000000
1788402309254758684,20.574851,-1,-1.018600,0.842436,-3.349869,-1.018600,0.842436,-3.349869,0.000000,0.000000,0.000000,0.000000,0.002296,-0.001871,0.002874,2.110451,0.908828,171.076951,0.000000,0.000000,171.076951,2.110451,0.908828,0.000000,9.806600,0.000000,0.000000,0.000000,0.720000,0.720000,1.610980,0.000000,0.000000,0.000000,0.000000,9.804665,-0.000306,-0.000488,-0.000500,0.000000,0.000000,0.000000
1788402309287734407,20.607827,-1,-1.018561,0.842643,-3.349747,-1.018561,0.842643,-3.349747,0.000000,0.000000,0.000000,0.000000,0.002261,-0.002000,0.002923,2.110125,0.908123,171.076886,0.000000,0.000000,171.076886,2.110125,0.908123,0.000000,9.806600,0.000000,0.000000,0.000000,0.720000,0.720000,1.610980,0.000000,0.000000,0.000000,0.000000,9.800658,0.000332,-0.000669,-0.000297,0.000000,0.000000,0.000000
1788402309320749177,20.640842,-1,-1.018527,0.842910,-3.349564,-1.018527,0.842910,-3.349564,0.000000,0.000000,0.000000,0.000000,0.002377,-0.002095,0.003072,2.110400,0.907797,171.077484,0.000000,0.000000,171.077484,2.110400,0.907797,0.000000,9.806600,0.000000,0.000000,0.000000,0.720000,0.720000,1.610980,0.000000,0.000000,0.000000,0.000000,9.792112,0.000161,0.000253,0.000970,0.000000,0.000000,0.000000
1788402309353723685,20.673816,-1,-1.018497,0.843143,-3.349442,-1.018497,0.843143,-3.349442,0.000000,0.000000,0.000000,0.000000,0.002437,-0.002354,0.003080,2.111371,0.907952,171.078239,0.000000,0.000000,171.078239,2.111371,0.907952,0.000000,9.806600,0.000000,0.000000,0.000000,0.720000,0.720000,1.610980,0.000000,0.000000,0.000000,0.000000,9.807729,0.000297,0.000664,0.000271,0.000000,0.000000,0.000000
1788402309386687577,20.706780,-1,-1.018468,0.843392,-3.349319,-1.018468,0.843392,-3.349319,0.000000,0.000000,0.000000,0.000000,0.002323,-0.002558,0.003137,2.111969,0.907757,171.077978,0.000000,0.000000,171.077978,2.111969,0.907757,0.000000,9.806600,0.000000,0.000000,0.000000,0.720000,0.720000,1.610980,0.000000,0.000000,0.000000,0.000000,9.807179,-0.000611,0.000593,-0.000910,0.000000,0.000000,0.000000
1788402309419679737,20.739772,-1,-1.018438,0.843712,-3.349167,-1.018438,0.843712,-3.349167,0.000000,0.000000,0.000000,0.000000,0.002330,-0.002715,0.003268,2.111658,0.906598,171.077601,0.000000,0.000000,171.077601,2.111658,0.906598,0.000000,9.806600,0.000000,0.000000,0.000000,0.720000,0.720000,1.610980,0.000000,0.000000,0.000000,0.000000,9.803530,0.000568,-0.000687,-0.000295,0.000000,0.000000,0.000000
1788402309452650600,20.772743,-1,-1.018415,0.843982,-3.349060,-1.018415,0.843982,-3.349060,0.000000,0.000000,0.000000,0.000000,0.002415,-0.002958,0.003494,2.111811,0.904714,171.077984,0.000000,0.000000,171.077984,2.111811,0.904714,0.000000,9.806600,0.000000,0.000000,0.000000,0.720000,0.720000,1.610980,0.000000,0.000000,0.000000,0.000000,9.800467,-0.000273,0.000014,0.000615,0.000000,0.000000,0.000000
1788402309485589900,20.805683,-1,-1.018398,0.844262,-3.348969,-1.018398,0.844262,-3.348969,0.000000,0.000000,0.000000,0.000000,0.002584,-0.002999,0.003578,2.112059,0.905452,171.078574,0.000000,0.000000,171.078574,2.112059,0.905452,0.000000,9.806600,0.000000,0.000000,0.000000,0.720000,0.720000,1.610980,0.000000,0.000000,0.000000,0.000000,9.801201,-0.000293,0.000558,0.000034,0.000000,0.000000,0.000000
1788402309518609179,20.838702,-1,-1.018394,0.844625,-3.348831,-1.018394,0.844625,-3.348831,0.000000,0.000000,0.000000,0.000000,0.002677,-0.003229,0.003655,2.113341,0.906312,171.078976,0.000000,0.000000,171.078976,2.113341,0.906312,0.000000,9.806600,0.000000,0.000000,0.000000,0.720000,0.720000,1.610980,0.000000,0.000000,0.000000,0.000000,9.794166,0.000303,-0.000021,-0.000058,0.000000,0.000000,0.000000
1788402309551575468,20.871668,-1,-1.018385,0.844851,-3.348755,-1.018385,0.844851,-3.348755,0.000000,0.000000,0.000000,0.000000,0.002650,-0.003386,0.003767,2.113571,0.906697,171.079386,0.000000,0.000000,171.079386,2.113571,0.906697,0.000000,9.806600,0.000000,0.000000,0.000000,0.720000,0.720000,1.610980,0.000000,0.000000,0.000000,0.000000,9.806465,-0.000094,0.000300,-0.000128,0.000000,0.000000,0.000000
1788402309584575144,20.904668,-1,-1.018377,0.845061,-3.348724,-1.018377,0.845061,-3.348724,0.000000,0.000000,0.000000,0.000000,0.002669,-0.003610,0.003889,2.113980,0.907198,171.080526,0.000000,0.000000,171.080526,2.113980,0.907198,0.000000,9.806600,0.000000,0.000000,0.000000,0.720000,0.720000,1.610980,0.000000,0.000000,0.000000,0.000000,9.797195,0.000099,-0.000454,0.000654,0.000000,0.000000,0.000000
1788402309617521895,20.937615,-1,-1.018380,0.845336,-3.348679,-1.018380,0.845336,-3.348679,0.000000,0.000000,0.000000,0.000000,0.002691,-0.003772,0.003957,2.113808,0.906728,171.080627,0.000000,0.000000,171.080627,2.113808,0.906728,0.000000,9.806600,0.000000,0.000000,0.000000,0.720000,0.720000,1.610980,0.000000,0.000000,0.000000,0.000000,9.805631,-0.000466,-0.000819,-0.000655,0.000000,0.000000,0.000000
1788402309650516582,20.970609,-1,-1.018380,0.845336,-3.348679,-1.018380,0.845336,-3.348679,0.000000,0.000000,0.000000,0.000000,0.002691,-0.003772,0.003957,2.113808,0.906728,171.080627,0.000000,0.000000,171.080627,2.113808,0.906728,0.000000,9.806600,0.000000,0.000000,0.000000,0.720000,0.720000,1.610980,0.000000,0.000000,0.000000,0.000000,9.796067,0.000455,0.000599,-0.000389,0.000000,0.000000,0.000000
1788402309683464548,21.003557,-1,-1.018349,0.845854,-3.348618,-1.018349,0.845854,-3.348618,0.000000,0.000000,0.000000,0.000000,0.002651,-0.004098,0.004106,2.115322,0.907057,171.079501,0.000000,0.000000,171.079501,2.115322,0.907057,0.000000,9.806600,0.000000,0.000000,0.000000,0.720000,0.720000,1.610980,0.000000,0.000000,0.000000,0.000000,9.813683,-0.000012,0.000605,-0.000144,0.000000,0.000000,0.000000
1788402309716431797,21.036524,-1,-1.018340,0.846207,-3.348587,-1.018340,0.846207,-3.348587,0.000000,0.000000,0.000000,0.000000,0.002693,-0.004307,0.004171,2.115246,0.906958,171.080127,0.000000,0.000000,171.080127,2.115246,0.906958,0.000000,9.806600,0.000000,0.000000,0.000000,0.720000,0.720000,1.610980,0.000000,0.000000,0.000000,0.000000,9.790038,-0.000321,-0.000228,0.000429,0.000000,0.000000,0.000000
1788402309749455649,21.069548,-1,-1.018340,0.846207,-3.348587,-1.018340,0.846207,-3.348587,0.000000,0.000000,0.000000,0.000000,0.002693,-0.004307,0.004171,2.115246,0.906958,171.080127,0.000000,0.000000,171.080127,2.115246,0.906958,0.000000,9.806600,0.000000,0.000000,0.000000,0.720000,0.720000,1.610980,0.000000,0.000000,0.000000,0.000000,9.797570,0.000570,0.000965,-0.000421,0.000000,0.000000,0.000000
1788402309782398338,21.102491,-1,-1.018333,0.846505,-3.348587,-1.018333,0.846505,-3.348587,0.000000,0.000000,0.000000,0.000000,0.002809,-0.004449,0.004146,2.114954,0.908670,171.080156,0.000000,0.000000,171.080156,2.114954,0.908670,0.000000,9.806600,0.000000,0.000000,0.000000,0.720000,0.720000,1.610980,0.000000,0.000000,0.000000,0.000000,9.807989,0.000101,0.000190,-0.000503,0.000000,0.000000,0.000000
1788402309815413396,21.135506,-1,-1.018331,0.846816,-3.348572,-1.018331,0.846816,-3.348572,0.000000,0.000000,0.000000,0.000000,0.002896,-0.004574,0.004143,2.116429,0.908925,171.079269,0.000000,0.000000,171.079269,2.116429,0.908925,0.000000,9.806600,0.000000,0.000000,0.000000,0.720000,0.720000,1.610980,0.000000,0.000000,0.000000,0.000000,9.802789,0.000012,-0.000221,-0.000149,0.000000,0.000000,0.000000
1788402309848415022,21.168508,-1,-1.018340,0.847222,-3.348541,-1.018340,0.847222,-3.348541,0.000000,0.000000,0.000000,0.000000,0.003003,-0.004938,0.004263,2.116435,0.908717,171.079391,0.000000,0.000000,171.079391,2.116435,0.908717,0.000000,9.806600,0.000000,0.000000,0.000000,0.720000,0.720000,1.610980,0.000000,0.000000,0.000000,0.000000,9.794866,-0.000628,-0.000315,-0.000770,0.000000,0.000000,0.000000
1788402309881388827,21.201481,-1,-1.018348,0.847523,-3.348480,-1.018348,0.847523,-3.348480,0.000000,0.000000,0.000000,0.000000,0.003101,-0.005130,0.004165,2.116735,0.908737,171.078849,0.000000,0.000000,171.078849,2.116735,0.908737,0.000000,9.806600,0.000000,0.000000,0.000000,0.720000,0.720000,1.610980,0.000000,0.000000,0.000000,0.000000,9.805303,-0.000578,0.001110,-0.000532,0.000000,0.000000,0.000000
1788402309914347986,21.234441,-1,-1.018359,0.847821,-3.348450,-1.018359,0.847821,-3.348450,0.000000,0.000000,0.000000,0.000000,0.003237,-0.005200,0.004185,2.116176,0.909502,171.078759,0.000000,0.000000,171.078759,2.116176,0.909502,0.000000,9.806600,0.000000,0.000000,0.000000,0.720000,0.720000,1.610980,0.000000,0.000000,0.000000,0.000000,9.795560,-0.000000,0.000206,-0.000048,0.000000,0.000000,0.000000
1788402309947295856,21.267389,-1,-1.018387,0.848207,-3.348404,-1.018387,0.848207,-3.348404,0.000000,0.000000,0.000000,0.000000,0.003236,-0.005208,0.004054,2.117307,0.909585,171.078804,0.000000,0.000000,171.078804,2.117307,0.909585,0.000000,9.806600,0.000000,0.000000,0.000000,0.720000,0.720000,1.610980,0.000000,0.000000,0.000000,0.000000,9.788654,0.000493,0.000467,-0.000292,0.000000,0.000000,0.000000
1788402309980309506,21.300402,-1,-1.018399,0.848489,-3.348419,-1.018399,0.848489,-3.348419,0.000000,0.000000,0.000000,0.000000,0.003321,-0.005428,0.004087,2.117997,0.910552,171.077954,0.000000,0.000000,171.077954,2.117997,0.910552,0.000000,9.806600,0.000000,0.000000,0.000000,0.720000,0.720000,1.610980,0.000000,0.000000,0.000000,0.000000,9.800311,-0.000408,-0.000073,-0.000465,0.000000,0.000000,0.000000
1788402310013240134,21.333333,-1,-1.018410,0.848768,-3.348419,-1.018410,0.848768,-3.348419,0.000000,0.000000,0.000000,0.000000,0.003304,-0.005539,0.004089,2.118189,0.910888,171.077610,0.000000,0.000000,171.077610,2.118189,0.910888,0.000000,9.806600,0.000000,0.000000,0.000000,0.720000,0.720000,1.610980,0.000000,0.000000,0.000000,0.000000,9.801557,0.000537,-0.000122,-0.000428,0.000000,0.000000,0.000000
1788402310046245580,21.366338,-1,-1.018428,0.849139,-3.348404,-1.018428,0.849139,-3.348404,0.000000,0.000000,0.000000,0.000000,0.003137,-0.005771,0.004090,2.118301,0.911110,171.077050,0.000000,0.000000,171.077050,2.118301,0.911110,0.000000,9.806600,0.000000,0.000000,0.000000,0.720000,0.720000,1.610980,0.000000,0.000000,0.000000,0.000000,9.791992,0.000176,-0.000533,-0.000115,0.000000,0.000000,0.000000
1788402310079237404,21.399330,-1,-1.018438,0.849367,-3.348373,-1.018438,0.849367,-3.348373,0.000000,0.000000,0.000000,0.000000,0.003208,-0.005789,0.004018,2.119014,0.910570,171.076102,0.000000,0.000000,171.076102,2.119014,0.910570,0.000000,9.806600,0.000000,0.000000,0.000000,0.720000,0.720000,1.610980,0.000000,0.000000,0.000000,0.000000,9.800843,-0.000692,-0.000220,-0.000993,0.000000,0.000000,0.000000
1788402310112214165,21.432307,-1,-1.018451,0.849577,-3.348343,-1.018451,0.849577,-3.348343,0.000000,0.000000,0.000000,0.000000,0.003405,-0.005971,0.004095,2.118495,0.910399,171.075407,0.000000,0.000000,171.075407,2.118495,0.910399,0.000000,9.806600,0.000000,0.000000,0.000000,0.720000,0.720000,1.610980,0.000000,0.000000,0.000000,0.000000,9.796741,-0.000530,0.000645,-0.000195,0.000000,0.000000,0.000000
1788402310145161633,21.465254,-1,-1.018477,0.849791,-3.348312,-1.018477,0.849791,-3.348312,0.000000,0.000000,0.000000,0.000000,0.003593,-0.006010,0.004122,2.117895,0.911508,171.074722,0.000000,0.000000,171.074722,2.117895,0.911508,0.000000,9.806600,0.000000,0.000000,0.000000,0.720000,0.720000,1.610980,0.000000,0.000000,0.000000,0.000000,9.802369,0.000030,-0.000125,-0.000826,0.000000,0.000000,0.000000
1788402310178170150,21.498263,-1,-1.018517,0.850058,-3.348267,-1.018517,0.850058,-3.348267,0.000000,0.000000,0.000000,0.000000,0.003677,-0.006304,0.004096,2.117862,0.911938,171.074480,0.000000,0.000000,171.074480,2.117862,0.911938,0.000000,9.806600,0.000000,0.000000,0.000000,0.720000,0.720000,1.610980,0.000000,0.000000,0.000000,0.000000,9.796174,0.000203,0.000035,-0.000260,0.000000,0.000000,0.000000
1788402310211143137,21.531236,-1,-1.018547,0.850245,-3.348190,-1.018547,0.850245,-3.348190,0.000000,0.000000,0.000000,0.000000,0.003562,-0.006364,0.004119,2.118069,0.911650,171.074555,0.000000,0.000000,171.074555,2.118069,0.911650,0.000000,9.806600,0.000000,0.000000,0.000000,0.720000,0.720000,1.610980,0.000000,0.000000,0.000000,0.000000,9.790138,-0.000394,-0.000339,0.000411,0.000000,0.000000,0.000000
1788402310244109857,21.564203,-1,-1.018592,0.850503,-3.348053,-1.018592,0.850503,-3.348053,0.000000,0.000000,0.000000,0.000000,0.003567,-0.006572,0.004106,2.117722,0.911417,171.074989,0.000000,0.000000,171.074989,2.117722,0.911417,0.000000,9.806600,0.000000,0.000000,0.000000,0.720000,0.720000,1.610980,0.000000,0.000000,0.000000,0.000000,9.791550,-0.000073,0.000193,-0.000213,0.000000,0.000000,0.000000
1788402310277114440,21.597207,-1,-1.018610,0.850673,-3.347961,-1.018610,0.850673,-3.347961,0.000000,0.000000,0.000000,0.000000,0.003664,-0.006539,0.004055,2.117533,0.910677,171.075167,0.000000,0.000000,171.075167,2.117533,0.910677,0.000000,9.806600,0.000000,0.000000,0.000000,0.720000,0.720000,1.610980,0.000000,0.000000,0.000000,0.000000,9.808330,-0.000143,-0.000365,-0.000404,0.000000,0.000000,0.000000
1788402310310074157,21.630167,-1,-1.018625,0.850835,-3.347885,-1.018625,0.850835,-3.347885,0.000000,0.000000,0.000000,0.000000,0.003727,-0.006648,0.004073,2.117580,0.910398,171.075300,0.000000,0.000000,171.075300,2.117580,0.910398,0.000000,9.806600,0.000000,0.000000,0.000000,0.720000,0.720000,1.610980,0.000000,0.000000,0.000000,0.000000,9.802069,-0.000243,0.000300,-0.000077,0.000000,0.000000,0.000000
1788402310343007874,21.663101,-1,-1.018659,0.851060,-3.347778,-1.018659,0.851060,-3.347778,0.000000,0.000000,0.000000,0.000000,0.003808,-0.006648,0.003994,2.117867,0.909346,171.074777,0.000000,0.000000,171.074777,2.117867,0.909346,0.000000,9.806600,0.000000,0.000000,0.000000,0.720000,0.720000,1.610980,0.000000,0.000000,0.000000,0.000000,9.810530,-0.000252,0.000275,-0.000092,0.000000,0.000000,0.000000
1788402310376048466,21.696141,-1,-1.018670,0.851171,-3.347702,-1.018670,0.851171,-3.347702,0.000000,0.000000,0.000000,0.000000,0.003815,-0.006686,0.004100,2.117682,0.910150,171.074260,0.000000,0.000000,171.074260,2.117682,0.910150,0.000000,9.806600,0.000000,0.000000,0.000000,0.720000,0.720000,1.610980,0.000000,0.000000,0.000000,0.000000,9.799514,0.000192,0.000901,-0.000511,0.000000,0.000000,0.000000
1788402310408984837,21.729078,-1,-1.018677,0.851260,-3.347641,-1.018677,0.851260,-3.347641,0.000000,0.000000,0.000000,0.000000,0.003764,-0.006653,0.004053,2.117662,0.910734,171.074834,0.000000,0.000000,171.074834,2.117662,0.910734,0.000000,9.806600,0.000000,0.000000,0.000000,0.720000,0.720000,1.610980,0.000000,0.000000,0.000000,0.000000,9.801810,0.000001,0.000024,-0.000133,0.000000,0.000000,0.000000
1788402310442241416,21.762334,-1,-1.018690,0.851362,-3.347580,-1.018690,0.851362,-3.347580,0.000000,0.000000,0.000000,0.000000,0.003813,-0.006831,0.004054,2.117449,0.910354,171.075170,0.000000,0.000000,171.075170,2.117449,0.910354,0.000000,9.806600,0.000000,0.000000,0.000000,0.720000,0.720000,1.610980,0.000000,0.000000,0.000000,0.000000,9.790030,0.000421,-0.000419,-0.000594,0.000000,0.000000,0.000000
1788402310474985497,21.795078,-1,-1.018690,0.851468,-3.347519,-1.018690,0.851468,-3.347519,0.000000,0.000000,0.000000,0.000000,0.003758,-0.006750,0.004069,2.118222,0.909438,171.074820,0.000000,0.000000,171.074820,2.118222,0.909438,0.000000,9.806600,0.000000,0.000000,0.000000,0.720000,0.720000,1.610980,0.000000,0.000000,0.000000,0.000000,9.804090,-0.000636,-0.000883,0.000107,0.000000,0.000000,0.000000
1788402310507927177,21.828020,-1,-1.018679,0.851526,-3.347488,-1.018679,0.851526,-3.347488,0.000000,0.000000,0.000000,0.000000,0.003749,-0.006675,0.004114,2.118092,0.909142,171.075187,0.000000,0.000000,171.075187,2.118092,0.909142,0.000000,9.806600,0.000000,0.000000,0.000000,0.720000,0.720000,1.610980,0.000000,0.000000,0.000000,0.000000,9.802050,0.000047,-0.000377,-0.000654,0.000000,0.000000,0.000000
1788402310540951075,21.861044,-1,-1.018679,0.851620,-3.347443,-1.018679,0.851620,-3.347443,0.000000,0.000000,0.000000,0.000000,0.003768,-0.006598,0.004275,2.118133,0.908237,171.075210,0.000000,0.000000,171.075210,2.118133,0.908237,0.000000,9.806600,0.000000,0.000000,0.000000,0.720000,0.720000,1.610980,0.000000,0.000000,0.000000,0.000000,9.793504,0.000194,0.000377,-0.000343,0.000000,0.000000,0.000000
1788402310573921569,21.894014,-1,-1.018674,0.851649,-3.347412,-1.018674,0.851649,-3.347412,0.000000,0.000000,0.000000,0.000000,0.003854,-0.006446,0.004319,2.118568,0.908158,171.074923,0.000000,0.000000,171.074923,2.118568,0.908158,0.000000,9.806600,0.000000,0.000000,0.000000,0.720000,0.720000,1.610980,0.000000,0.000000,0.000000,0.000000,9.805507,-0.000750,0.000576,-0.000205,0.000000,0.000000,0.000000
1788402310606877128,21.926970,-1,-1.018673,0.851665,-3.347366,-1.018673,0.851665,-3.347366,0.000000,0.000000,0.000000,0.000000,0.003853,-0.006348,0.004396,2.118120,0.908787,171.074915,0.000000,0.000000,171.074915,2.118120,0.908787,0.000000,9.806600,0.000000,0.000000,0.000000,0.720000,0.720000,1.610980,0.000000,0.000000,0.000000,0.000000,9.799970,-0.000147,0.000673,-0.000397,0.000000,0.000000,0.000000
1788402310639865274,21.959958,-1,-1.018683,0.851704,-3.347305,-1.018683,0.851704,-3.347305,0.000000,0.000000,0.000000,0.000000,0.003763,-0.006215,0.004358,2.117211,0.909326,171.076098,0.000000,0.000000,171.076098,2.117211,0.909326,0.000000,9.806600,0.000000,0.000000,0.000000,0.720000,0.720000,1.610980,0.000000,0.000000,0.000000,0.000000,9.791657,-0.000196,-0.000316,-0.000454,0.000000,0.000000,0.000000
1788402310672849326,21.992942,-1,-1.018685,0.851736,-3.347290,-1.018685,0.851736,-3.347290,0.000000,0.000000,0.000000,0.000000,0.003786,-0.006110,0.004344,2.116818,0.909557,171.076197,0.000000,0.000000,171.076197,2.116818,0.909557,0.000000,9.806600,0.000000,0.000000,0.000000,0.720000,0.720000,1.610980,0.000000,0.000000,0.000000,0.000000,9.804498,-0.000218,-0.000678,-0.000386,0.000000,0.000000,0.000000
1788402310705808978,22.025902,-1,-1.018689,0.851775,-3.347290,-1.018689,0.851775,-3.347290,0.000000,0.000000,0.000000,0.000000,0.003782,-0.006064,0.004450,2.116202,0.908785,171.075653,0.000000,0.000000,171.075653,2.116202,0.908785,0.000000,9.806600,0.000000,0.000000,0.000000,0.720000,0.720000,1.610980,0.000000,0.000000,0.000000,0.000000,9.802214,0.000065,-0.000150,-0.000584,0.000000,0.000000,0.000000
1788402310738800258,22.058893,-1,-1.018699,0.851825,-3.347275,-1.018699,0.851825,-3.347275,0.000000,0.000000,0.000000,0.000000,0.003740,-0.005958,0.004464,2.115681,0.908396,171.075629,0.000000,0.000000,171.075629,2.115681,0.908396,0.000000,9.806600,0.000000,0.000000,0.000000,0.720000,0.720000,1.610980,0.000000,0.000000,0.000000,0.000000,9.797544,-0.000100,-0.000672,0.000249,0.000000,0.000000,0.000000
1788402310771786485,22.091879,-1,-1.018726,0.851844,-3.347260,-1.018726,0.851844,-3.347260,0.000000,0.000000,0.000000,0.000000,0.003748,-0.005881,0.004469,2.115225,0.908351,171.076370,0.000000,0.000000,171.076370,2.115225,0.908351,0.000000,9.806600,0.000000,0.000000,0.000000,0.720000,0.720000,1.610980,0.000000,0.000000,0.000000,0.000000,9.795787,-0.000091,0.000333,-0.000306,0.000000,0.000000,0.000000
1788402310804732834,22.124826,-1,-1.018749,0.851830,-3.347244,-1.018749,0.851830,-3.347244,0.000000,0.000000,0.000000,0.000000,0.003747,-0.005855,0.004574,2.115006,0.908494,171.076432,0.000000,0.000000,171.076432,2.115006,0.908494,0.000000,9.806600,0.000000,0.000000,0.000000,0.720000,0.720000,1.610980,0.000000,0.000000,0.000000,0.000000,9.795322,0.000162,0.000315,-0.000343,0.000000,0.000000,0.000000
1788402310837795076,22.157888,-1,-1.018788,0.851835,-3.347214,-1.018788,0.851835,-3.347214,0.000000,0.000000,0.000000,0.000000,0.003472,-0.005696,0.004538,2.114960,0.908445,171.076358,0.000000,0.000000,171.076358,2.114960,0.908445,0.000000,9.806600,0.000000,0.000000,0.000000,0.720000,0.720000,1.610980,0.000000,0.000000,0.000000,0.000000,9.797482,0.000073,-0.000724,-0.000002,0.000000,0.000000,0.000000
1788402310870731959,22.190825,-1,-1.018809,0.851802,-3.347183,-1.018809,0.851802,-3.347183,0.000000,0.000000,0.000000,0.000000,0.003366,-0.005482,0.004448,2.114400,0.907756,171.077392,0.000000,0.000000,171.077392,2.114400,0.907756,0.000000,9.806600,0.000000,0.000000,0.000000,0.720000,0.720000,1.610980,0.000000,0.000000,0.000000,0.000000,9.800226,0.000119,0.000150,-0.000291,0.000000,0.000000,0.000000
1788402310903668778,22.223761,-1,-1.018827,0.851761,-3.347153,-1.018827,0.851761,-3.347153,0.000000,0.000000,0.000000,0.000000,0.003374,-0.005500,0.004471,2.113868,0.907267,171.077135,0.000000,0.000000,171.077135,2.113868,0.907267,0.000000,9.806600,0.000000,0.000000,0.000000,0.720000,0.720000,1.610980,0.000000,0.000000,0.000000,0.000000,9.803703,-0.000300,-0.000047,-0.000558,0.000000,0.000000,0.000000
1788402310936692709,22.256785,-1,-1.018851,0.851737,-3.347137,-1.018851,0.851737,-3.347137,0.000000,0.000000,0.000000,0.000000,0.003377,-0.005406,0.004468,2.114032,0.907743,171.077018,0.000000,0.000000,171.077018,2.114032,0.907743,0.000000,9.806600,0.000000,0.000000,0.000000,0.720000,0.720000,1.610980,0.000000,0.000000,0.000000,0.000000,9.815669,-0.000048,0.000402,-0.000518,0.000000,0.000000,0.000000
1788402310969730102,22.289823,-1,-1.018884,0.851704,-3.347107,-1.018884,0.851704,-3.347107,0.000000,0.000000,0.000000,0.000000,0.003242,-0.005353,0.004598,2.113700,0.908564,171.077370,0.000000,0.000000,171.077370,2.113700,0.908564,0.000000,9.806600,0.000000,0.000000,0.000000,0.720000,0.720000,1.610980,0.000000,0.000000,0.000000,0.000000,9.792427,-0.000246,-0.000290,-0.000139,0.000000,0.000000,0.000000
1788402311002607025,22.322700,-1,-1.018907,0.851680,-3.347092,-1.018907,0.851680,-3.347092,0.000000,0.000000,0.000000,0.000000,0.003167,-0.005399,0.004538,2.113629,0.908921,171.077647,0.000000,0.000000,171.077647,2.113629,0.908921,0.000000,9.806600,0.000000,0.000000,0.000000,0.720000,0.720000,1.610980,0.000000,0.000000,0.000000,0.000000,9.798020,-0.000564,-0.001114,-0.000333,0.000000,0.000000,0.000000
1788402311035620955,22.355714,-1,-1.018932,0.851674,-3.347061,-1.018932,0.851674,-3.347061,0.000000,0.000000,0.000000,0.000000,0.003137,-0.005402,0.004558,2.113143,0.909061,171.077414,0.000000,0.000000,171.077414,2.113143,0.909061,0.000000,9.806600,0.000000,0.000000,0.000000,0.720000,0.720000,1.610980,0.000000,0.000000,0.000000,0.000000,9.798019,-0.000066,0.000034,-0.000235,0.000000,0.000000,0.000000
1788402311068611461,22.388704,-1,-1.018960,0.851644,-3.347031,-1.018960,0.851644,-3.347031,0.000000,0.000000,0.000000,0.000000,0.003088,-0.005286,0.004429,2.113174,0.908778,171.077670,0.000000,0.000000,171.077670,2.113174,0.908778,0.000000,9.806600,0.000000,0.000000,0.000000,0.720000,0.720000,1.610980,0.000000,0.000000,0.000000,0.000000,9.797607,0.000124,0.000135,0.000325,0.000000,0.000000,0.000000
1788402311101538903,22.421632,-1,-1.018976,0.851608,-3.347000,-1.018976,0.851608,-3.347000,0.000000,0.000000,0.000000,0.000000,0.003098,-0.005276,0.004409,2.112149,0.908711,171.078664,0.000000,0.000000,171.078664,2.112149,0.908711,0.000000,9.806600,0.000000,0.000000,0.000000,0.720000,0.720000,1.610980,0.000000,0.000000,0.000000,0.000000,9.797715,-0.000481,-0.000447,0.000393,0.000000,0.000000,0.000000
1788402311134601075,22.454694,-1,-1.018996,0.851587,-3.346970,-1.018996,0.851587,-3.346970,0.000000,0.000000,0.000000,0.000000,0.003002,-0.005165,0.004289,2.111896,0.908354,171.079214,0.000000,0.000000,171.079214,2.111896,0.908354,0.000000,9.806600,0.000000,0.000000,0.000000,0.720000,0.720000,1.610980,0.000000,0.000000,0.000000,0.000000,9.799211,0.000311,0.001005,-0.000558,0.000000,0.000000,0.000000
1788402311167553045,22.487646,-1,-1.019013,0.851521,-3.346954,-1.019013,0.851521,-3.346954,0.000000,0.000000,0.000000,0.000000,0.002967,-0.005070,0.004322,2.112374,0.909205,171.079226,0.000000,0.000000,171.079226,2.112374,0.909205,0.000000,9.806600,0.000000,0.000000,0.000000,0.720000,0.720000,1.610980,0.000000,0.000000,0.000000,0.000000,9.802437,0.000112,-0.000893,-0.000016,0.000000,0.000000,0.000000
1788402311200496222,22.520589,-1,-1.019018,0.851449,-3.346939,-1.019018,0.851449,-3.346939,0.000000,0.000000,0.000000,0.000000,0.002970,-0.004969,0.004316,2.112807,0.908534,171.079563,0.000000,0.000000,171.079563,2.112807,0.908534,0.000000,9.806600,0.000000,0.000000,0.000000,0.720000,0.720000,1.610980,0.000000,0.000000,0.000000,0.000000,9.794534,0.000793,-0.000331,-0.000330,0.000000,0.000000,0.000000
1788402311233491429,22.553584,-1,-1.019029,0.851396,-3.346909,-1.019029,0.851396,-3.346909,0.000000,0.000000,0.000000,0.000000,0.002968,-0.005021,0.004247,2.113725,0.908412,171.079346,0.000000,0.000000,171.079346,2.113725,0.908412,0.000000,9.806600,0.000000,0.000000,0.000000,0.720000,0.720000,1.610980,0.000000,0.000000,0.000000,0.000000,9.814815,0.000283,-0.001035,0.000147,0.000000,0.000000,0.000000
1788402311266472596,22.586565,-1,-1.019023,0.851284,-3.346924,-1.019023,0.851284,-3.346924,0.000000,0.000000,0.000000,0.000000,0.002895,-0.004850,0.004372,2.113983,0.907228,171.079349,0.000000,0.000000,171.079349,2.113983,0.907228,0.000000,9.806600,0.000000,0.000000,0.000000,0.720000,0.720000,1.610980,0.000000,0.000000,0.000000,0.000000,9.787848,-0.000273,0.000094,0.000090,0.000000,0.000000,0.000000
1788402311299463774,22.619556,-1,-1.019020,0.851206,-3.346939,-1.019020,0.851206,-3.346939,0.000000,0.000000,0.000000,0.000000,0.002978,-0.004781,0.004281,2.113326,0.908247,171.079579,0.000000,0.000000,171.079579,2.113326,0.908247,0.000000,9.806600,0.000000,0.000000,0.000000,0.720000,0.720000,1.610980,0.000000,0.000000,0.000000,0.000000,9.793788,-0.000307,0.000634,-0.000143,0.000000,0.000000,0.000000
1788402311332494606,22.652587,-1,-1.019023,0.851145,-3.346970,-1.019023,0.851145,-3.346970,0.000000,0.000000,0.000000,0.000000,0.002854,-0.004647,0.004155,2.113555,0.908065,171.079267,0.000000,0.000000,171.079267,2.113555,0.908065,0.000000,9.806600,0.000000,0.000000,0.000000,0.720000,0.720000,1.610980,0.000000,0.000000,0.000000,0.000000,9.788726,-0.000301,-0.000215,-0.000830,0.000000,0.000000,0.000000
1788402311365383577,22.685476,-1,-1.018991,0.851022,-3.347061,-1.018991,0.851022,-3.347061,0.000000,0.000000,0.000000,0.000000,0.002835,-0.004478,0.004044,2.113351,0.907645,171.078761,0.000000,0.000000,171.078761,2.113351,0.907645,0.000000,9.806600,0.000000,0.000000,0.000000,0.720000,0.720000,1.610980,0.000000,0.000000,0.000000,0.000000,9.792761,-0.000194,0.000593,-0.000442,0.000000,0.000000,0.000000
1788402311398439001,22.718532,-1,-1.018968,0.850933,-3.347107,-1.018968,0.850933,-3.347107,0.000000,0.000000,0.000000,0.000000,0.002740,-0.004315,0.003964,2.112363,0.907036,171.078189,0.000000,0.000000,171.078189,2.112363,0.907036,0.000000,9.806600,0.000000,0.000000,0.000000,0.720000,0.720000,1.610980,0.000000,0.000000,0.000000,0.000000,9.799922,-0.000219,-0.000027,-0.000479,0.000000,0.000000,0.000000
1788402311433612999,22.753706,-1,-1.018948,0.850863,-3.347137,-1.018948,0.850863,-3.347137,0.000000,0.000000,0.000000,0.000000,0.002622,-0.004318,0.003992,2.111798,0.906955,171.078083,0.000000,0.000000,171.078083,2.111798,0.906955,0.000000,9.806600,0.000000,0.000000,0.000000,0.720000,0.720000,1.610980,0.000000,0.000000,0.000000,0.000000,9.803051,-0.000209,-0.000434,0.000074,0.000000,0.000000,0.000000
1788402311464287745,22.784380,-1,-1.018916,0.850795,-3.347153,-1.018916,0.850795,-3.347153,0.000000,0.000000,0.000000,0.000000,0.002443,-0.004344,0.004015,2.111787,0.906867,171.078087,0.000000,0.000000,171.078087,2.111787,0.906867,0.000000,9.806600,0.000000,0.000000,0.000000,0.720000,0.720000,1.610980,0.000000,0.000000,0.000000,0.000000,9.791636,-0.000022,0.000148,0.000014,0.000000,0.000000,0.000000
1788402311497352156,22.817445,-1,-1.018869,0.850725,-3.347153,-1.018869,0.850725,-3.347153,0.000000,0.000000,0.000000,0.000000,0.002392,-0.004351,0.003964,2.111889,0.907057,171.078118,0.000000,0.000000,171.078118,2.111889,0.907057,0.000000,9.806600,0.000000,0.000000,0.000000,0.720000,0.720000,1.610980,0.000000,0.000000,0.000000,0.000000,9.793714,-0.000160,-0.000349,-0.000133,0.000000,0.000000,0.000000
1788402311530298946,22.850392,-1,-1.018843,0.850691,-3.347153,-1.018843,0.850691,-3.347153,0.000000,0.000000,0.000000,0.000000,0.002313,-0.004252,0.004051,2.111270,0.907048,171.078589,0.000000,0.000000,171.078589,2.111270,0.907048,0.000000,9.806600,0.000000,0.000000,0.000000,0.720000,0.720000,1.610980,0.000000,0.000000,0.000000,0.000000,9.811445,0.000379,-0.000209,0.000653,0.000000,0.000000,0.000000
1788402311563265467,22.883358,-1,-1.018806,0.850639,-3.347137,-1.018806,0.850639,-3.347137,0.000000,0.000000,0.000000,0.000000,0.002165,-0.004271,0.004219,2.111416,0.907226,171.078191,0.000000,0.000000,171.078191,2.111416,0.907226,0.000000,9.806600,0.000000,0.000000,0.000000,0.720000,0.720000,1.610980,0.000000,0.000000,0.000000,0.000000,9.789218,-0.000495,-0.000548,-0.000714,0.000000,0.000000,0.000000
1788402311596253095,22.916346,-1,-1.018761,0.850578,-3.347092,-1.018761,0.850578,-3.347092,0.000000,0.000000,0.000000,0.000000,0.002340,-0.004328,0.004135,2.111016,0.907143,171.077531,0.000000,0.000000,171.077531,2.111016,0.907143,0.000000,9.806600,0.000000,0.000000,0.000000,0.720000,0.720000,1.610980,0.000000,0.000000,0.000000,0.000000,9.807323,-0.000222,-0.000841,-0.000942,0.000000,0.000000,0.000000
1788402311629241170,22.949334,-1,-1.018740,0.850554,-3.347061,-1.018740,0.850554,-3.347061,0.000000,0.000000,0.000000,0.000000,0.002368,-0.004373,0.004319,2.110266,0.905729,171.077358,0.000000,0.000000,171.077358,2.110266,0.905729,0.000000,9.806600,0.000000,0.000000,0.000000,0.720000,0.720000,1.610980,0.000000,0.000000,0.000000,0.000000,9.799604,0.000950,-0.000208,-0.000418,0.000000,0.000000,0.000000
1788402311662162280,22.982255,-1,-1.018708,0.850534,-3.347015,-1.018708,0.850534,-3.347015,0.000000,0.000000,0.000000,0.000000,0.002333,-0.004374,0.004445,2.110999,0.905959,171.077117,0.000000,0.000000,171.077117,2.110999,0.905959,0.000000,9.806600,0.000000,0.000000,0.000000,0.720000,0.720000,1.610980,0.000000,0.000000,0.000000,0.000000,9.800053,-0.000123,0.000809,-0.000369,0.000000,0.000000,0.000000
1788402311695175204,23.015268,-1,-1.018682,0.850524,-3.347000,-1.018682,0.850524,-3.347000,0.000000,0.000000,0.000000,0.000000,0.002262,-0.004382,0.004345,2.111525,0.906942,171.077225,0.000000,0.000000,171.077225,2.111525,0.906942,0.000000,9.806600,0.000000,0.000000,0.000000,0.720000,0.720000,1.610980,0.000000,0.000000,0.000000,0.000000,9.807377,0.000150,0.000715,-0.000809,0.000000,0.000000,0.000000
1788402311728160817,23.048253,-1,-1.018663,0.850527,-3.346970,-1.018663,0.850527,-3.346970,0.000000,0.000000,0.000000,0.000000,0.002280,-0.004278,0.004463,2.111455,0.906988,171.076904,0.000000,0.000000,171.076904,2.111455,0.906988,0.000000,9.806600,0.000000,0.000000,0.000000,0.720000,0.720000,1.610980,0.000000,0.000000,0.000000,0.000000,9.809929,-0.000262,-0.000446,-0.000715,0.000000,0.000000,0.000000
1788402311761187331,23.081280,-1,-1.018637,0.850485,-3.346924,-1.018637,0.850485,-3.346924,0.000000,0.000000,0.000000,0.000000,0.002221,-0.004218,0.004595,2.111240,0.906297,171.076868,0.000000,0.000000,171.076868,2.111240,0.906297,0.000000,9.806600,0.000000,0.000000,0.000000,0.720000,0.720000,1.610980,0.000000,0.000000,0.000000,0.000000,9.800403,-0.000232,-0.000130,0.000039,0.000000,0.000000,0.000000
1788402311794082986,23.114176,-1,-1.018604,0.850417,-3.346848,-1.018604,0.850417,-3.346848,0.000000,0.000000,0.000000,0.000000,0.002146,-0.004167,0.004652,2.111148,0.905847,171.077089,0.000000,0.000000,171.077089,2.111148,0.905847,0.000000,9.806600,0.000000,0.000000,0.000000,0.720000,0.720000,1.610980,0.000000,0.000000,0.000000,0.000000,9.812452,-0.000393,-0.000781,0.000199,0.000000,0.000000,0.000000
1788402311827125363,23.147218,-1,-1.018585,0.850385,-3.346786,-1.018585,0.850385,-3.346786,0.000000,0.000000,0.000000,0.000000,0.002100,-0.004131,0.004648,2.110594,0.904707,171.077811,0.000000,0.000000,171.077811,2.110594,0.904707,0.000000,9.806600,0.000000,0.000000,0.000000,0.720000,0.720000,1.610980,0.000000,0.000000,0.000000,0.000000,9.791337,0.000299,-0.000345,-0.000542,0.000000,0.000000,0.000000
1788402311860108737,23.180201,-1,-1.018560,0.850347,-3.346725,-1.018560,0.850347,-3.346725,0.000000,0.000000,0.000000,0.000000,0.002005,-0.004140,0.004576,2.110926,0.904269,171.077205,0.000000,0.000000,171.077205,2.110926,0.904269,0.000000,9.806600,0.000000,0.000000,0.000000,0.720000,0.720000,1.610980,0.000000,0.000000,0.000000,0.000000,9.801339,0.000222,-0.000773,-0.000109,0.000000,0.000000,0.000000
1788402311893057702,23.213150,-1,-1.018528,0.850312,-3.346634,-1.018528,0.850312,-3.346634,0.000000,0.000000,0.000000,0.000000,0.001883,-0.004141,0.004711,2.110921,0.903660,171.078225,0.000000,0.000000,171.078225,2.110921,0.903660,0.000000,9.806600,0.000000,0.000000,0.000000,0.720000,0.720000,1.610980,0.000000,0.000000,0.000000,0.000000,9.805408,-0.000183,0.000310,0.000851,0.000000,0.000000,0.000000
1788402311926047184,23.246140,-1,-1.018510,0.850300,-3.346573,-1.018510,0.850300,-3.346573,0.000000,0.000000,0.000000,0.000000,0.001845,-0.004105,0.004750,2.111180,0.903782,171.078870,0.000000,0.000000,171.078870,2.111180,0.903782,0.000000,9.806600,0.000000,0.000000,0.000000,0.720000,0.720000,1.610980,0.000000,0.000000,0.000000,0.000000,9.803483,0.000434,0.000637,-0.000205,0.000000,0.000000,0.000000
1788402311959062186,23.279155,-1,-1.018494,0.850266,-3.346512,-1.018494,0.850266,-3.346512,0.000000,0.000000,0.000000,0.000000,0.001834,-0.004043,0.004842,2.111953,0.904018,171.079026,0.000000,0.000000,171.079026,2.111953,0.904018,0.000000,9.806600,0.000000,0.000000,0.000000,0.720000,0.720000,1.610980,0.000000,0.000000,0.000000,0.000000,9.814752,0.000172,-0.000129,0.000239,0.000000,0.000000,0.000000
1788402311991991995,23.312085,-1,-1.018479,0.850222,-3.346420,-1.018479,0.850222,-3.346420,0.000000,0.000000,0.000000,0.000000,0.001745,-0.004038,0.004827,2.112271,0.904578,171.078618,0.000000,0.000000,171.078618,2.112271,0.904578,0.000000,9.806600,0.000000,0.000000,0.000000,0.720000,0.720000,1.610980,0.000000,0.000000,0.000000,0.000000,9.806478,-0.000066,-0.000159,-0.000093,0.000000,0.000000,0.000000
1788402312024991223,23.345084,-1,-1.018473,0.850207,-3.346344,-1.018473,0.850207,-3.346344,0.000000,0.000000,0.000000,0.000000,0.001739,-0.004144,0.004701,2.112379,0.904930,171.078889,0.000000,0.000000,171.078889,2.112379,0.904930,0.000000,9.806600,0.000000,0.000000,0.000000,0.720000,0.720000,1.610980,0.000000,0.000000,0.000000,0.000000,9.794492,0.000050,-0.000414,0.000207,0.000000,0.000000,0.000000
1788402312057971150,23.378064,-1,-1.018467,0.850165,-3.346313,-1.018467,0.850165,-3.346313,0.000000,0.000000,0.000000,0.000000,0.001791,-0.003981,0.004766,2.111897,0.904650,171.079778,0.000000,0.000000,171.079778,2.111897,0.904650,0.000000,9.806600,0.000000,0.000000,0.000000,0.720000,0.720000,1.610980,0.000000,0.000000,0.000000,0.000000,9.794665,0.000120,0.000230,0.000140,0.000000,0.000000,0.000000
1788402312090962045,23.411055,-1,-1.018466,0.850108,-3.346268,-1.018466,0.850108,-3.346268,0.000000,0.000000,0.000000,0.000000,0.001739,-0.004090,0.004829,2.112645,0.904675,171.080160,0.000000,0.000000,171.080160,2.112645,0.904675,0.000000,9.806600,0.000000,0.000000,0.000000,0.720000,0.720000,1.610980,0.000000,0.000000,0.000000,0.000000,9.804040,-0.000092,0.000220,0.000109,0.000000,0.000000,0.000000
1788402312123896049,23.443989,-1,-1.018466,0.850086,-3.346237,-1.018466,0.850086,-3.346237,0.000000,0.000000,0.000000,0.000000,0.001589,-0.004107,0.004900,2.113021,0.905321,171.080092,0.000000,0.000000,171.080092,2.113021,0.905321,0.000000,9.806600,0.000000,0.000000,0.000000,0.720000,0.720000,1.610980,0.000000,0.000000,0.000000,0.000000,9.792535,-0.000063,0.000894,-0.000569,0.000000,0.000000,0.000000
1788402312156893564,23.476986,-1,-1.018446,0.850049,-3.346237,-1.018446,0.850049,-3.346237,0.000000,0.000000,0.000000,0.000000,0.001550,-0.004108,0.004817,2.112927,0.906711,171.080326,0.000000,0.000000,171.080326,2.112927,0.906711,0.000000,9.806600,0.000000,0.000000,0.000000,0.720000,0.720000,1.610980,0.000000,0.000000,0.000000,0.000000,9.804397,-0.000167,-0.000029,0.000636,0.000000,0.000000,0.000000
1788402312189882797,23.509975,-1,-1.018411,0.850007,-3.346252,-1.018411,0.850007,-3.346252,0.000000,0.000000,0.000000,0.000000,0.001417,-0.004134,0.004721,2.113359,0.906669,171.080312,0.000000,0.000000,171.080312,2.113359,0.906669,0.000000,9.806600,0.000000,0.000000,0.000000,0.720000,0.720000,1.610980,0.000000,0.000000,0.000000,0.000000,9.797945,-0.000640,-0.000652,-0.000168,0.000000,0.000000,0.000000
1788402312222855720,23.542948,-1,-1.018388,0.849992,-3.346252,-1.018388,0.849992,-3.346252,0.000000,0.000000,0.000000,0.000000,0.001439,-0.004051,0.004651,2.113104,0.905910,171.080467,0.000000,0.000000,171.080467,2.113104,0.905910,0.000000,9.806600,0.000000,0.000000,0.000000,0.720000,0.720000,1.610980,0.000000,0.000000,0.000000,0.000000,9.812304,0.000031,0.000446,-0.000608,0.000000,0.000000,0.000000
1788402312256009520,23.576102,-1,-1.018361,0.849951,-3.346283,-1.018361,0.849951,-3.346283,0.000000,0.000000,0.000000,0.000000,0.001336,-0.004004,0.004613,2.113843,0.906739,171.080269,0.000000,0.000000,171.080269,2.113843,0.906739,0.000000,9.806600,0.000000,0.000000,0.000000,0.720000,0.720000,1.610980,0.000000,0.000000,0.000000,0.000000,9.801291,0.000313,0.000437,-0.000236,0.000000,0.000000,0.000000
1788402312288821329,23.608914,-1,-1.018327,0.849900,-3.346313,-1.018327,0.849900,-3.346313,0.000000,0.000000,0.000000,0.000000,0.001377,-0.004081,0.004856,2.113940,0.906767,171.080523,0.000000,0.000000,171.080523,2.113940,0.906767,0.000000,9.806600,0.000000,0.000000,0.000000,0.720000,0.720000,1.610980,0.000000,0.000000,0.000000,0.000000,9.804152,-0.000199,-0.000729,-0.000162,0.000000,0.000000,0.000000
1788402312321804070,23.641897,-1,-1.018311,0.849881,-3.346313,-1.018311,0.849881,-3.346313,0.000000,0.000000,0.000000,0.000000,0.001477,-0.004042,0.004925,2.113080,0.905950,171.081084,0.000000,0.000000,171.081084,2.113080,0.905950,0.000000,9.806600,0.000000,0.000000,0.000000,0.720000,0.720000,1.610980,0.000000,0.000000,0.000000,0.000000,9.805272,0.000174,0.000614,0.000319,0.000000,0.000000,0.000000
1788402312354752944,23.674846,-1,-1.018292,0.849845,-3.346313,-1.018292,0.849845,-3.346313,0.000000,0.000000,0.000000,0.000000,0.001537,-0.004083,0.004978,2.113430,0.906800,171.081346,0.000000,0.000000,171.081346,2.113430,0.906800,0.000000,9.806600,0.000000,0.000000,0.000000,0.720000,0.720000,1.610980,0.000000,0.000000,0.000000,0.000000,9.793802,0.000517,0.000133,0.000183,0.000000,0.000000,0.000000
1788402312387760021,23.707853,-1,-1.018270,0.849801,-3.346268,-1.018270,0.849801,-3.346268,0.000000,0.000000,0.000000,0.000000,0.001500,-0.004070,0.005135,2.113403,0.906618,171.081257,0.000000,0.000000,171.081257,2.113403,0.906618,0.000000,9.806600,0.000000,0.000000,0.000000,0.720000,0.720000,1.610980,0.000000,0.000000,0.000000,0.000000,9.794863,-0.000136,-0.000440,-0.000335,0.000000,0.000000,0.000000
1788402312420723542,23.740816,-1,-1.018261,0.849786,-3.346237,-1.018261,0.849786,-3.346237,0.000000,0.000000,0.000000,0.000000,0.001641,-0.003992,0.005264,2.113497,0.907087,171.081139,0.000000,0.000000,171.081139,2.113497,0.907087,0.000000,9.806600,0.000000,0.000000,0.000000,0.720000,0.720000,1.610980,0.000000,0.000000,0.000000,0.000000,9.803170,0.000267,0.000189,-0.000136,0.000000,0.000000,0.000000
1788402312453711495,23.773804,-1,-1.018236,0.849770,-3.346176,-1.018236,0.849770,-3.346176,0.000000,0.000000,0.000000,0.000000,0.001692,-0.003874,0.005303,2.113834,0.906519,171.080980,0.000000,0.000000,171.080980,2.113834,0.906519,0.000000,9.806600,0.000000,0.000000,0.000000,0.720000,0.720000,1.610980,0.000000,0.000000,0.000000,0.000000,9.800701,0.000242,-0.000422,-0.000351,0.000000,0.000000,0.000000
1788402312486686273,23.806779,-1,-1.018201,0.849762,-3.346069,-1.018201,0.849762,-3.346069,0.000000,0.000000,0.000000,0.000000,0.001696,-0.003942,0.005367,2.113910,0.906327,171.080561,0.000000,0.000000,171.080561,2.113910,0.906327,0.000000,9.806600,0.000000,0.000000,0.000000,0.720000,0.720000,1.610980,0.000000,0.000000,0.000000,0.000000,9.796676,-0.000310,0.000249,-0.000507,0.000000,0.000000,0.000000
1788402312519714265,23.839807,-1,-1.018183,0.849773,-3.345978,-1.018183,0.849773,-3.345978,0.000000,0.000000,0.000000,0.000000,0.001716,-0.003906,0.005482,2.112946,0.906484,171.079724,0.000000,0.000000,171.079724,2.112946,0.906484,0.000000,9.806600,0.000000,0.000000,0.000000,0.720000,0.720000,1.610980,0.000000,0.000000,0.000000,0.000000,9.802508,-0.000644,-0.000235,-0.000494,0.000000,0.000000,0.000000
1788402312552643920,23.872737,-1,-1.018161,0.849773,-3.345901,-1.018161,0.849773,-3.345901,0.000000,0.000000,0.000000,0.000000,0.001679,-0.003983,0.005542,2.112241,0.905798,171.080013,0.000000,0.000000,171.080013,2.112241,0.905798,0.000000,9.806600,0.000000,0.000000,0.000000,0.720000,0.720000,1.610980,0.000000,0.000000,0.000000,0.000000,9.801444,0.000016,-0.000664,0.000679,0.000000,0.000000,0.000000
1788402312585670121,23.905763,-1,-1.018139,0.849775,-3.345825,-1.018139,0.849775,-3.345825,0.000000,0.000000,0.000000,0.000000,0.001613,-0.003963,0.005571,2.111943,0.906361,171.079857,0.000000,0.000000,171.079857,2.111943,0.906361,0.000000,9.806600,0.000000,0.000000,0.000000,0.720000,0.720000,1.610980,0.000000,0.000000,0.000000,0.000000,9.800702,-0.000268,0.000573,-0.000548,0.000000,0.000000,0.000000
1788402312618612919,23.938706,-1,-1.018117,0.849793,-3.345703,-1.018117,0.849793,-3.345703,0.000000,0.000000,0.000000,0.000000,0.001667,-0.003764,0.005382,2.112051,0.907050,171.079791,0.000000,0.000000,171.079791,2.112051,0.907050,0.000000,9.806600,0.000000,0.000000,0.000000,0.720000,0.720000,1.610980,0.000000,0.000000,0.000000,0.000000,9.790454,0.000130,0.000144,-0.000000,0.000000,0.000000,0.000000
1788402312651550792,23.971643,-1,-1.018116,0.849791,-3.345596,-1.018116,0.849791,-3.345596,0.000000,0.000000,0.000000,0.000000,0.001550,-0.003701,0.005381,2.111989,0.906624,171.079321,0.000000,0.000000,171.079321,2.111989,0.906624,0.000000,9.806600,0.000000,0.000000,0.000000,0.720000,0.720000,1.610980,0.000000,0.000000,0.000000,0.000000,9.792778,-0.000525,-0.000479,-0.000207,0.000000,0.000000,0.000000
1788402312684568167,24.004661,-1,-1.018119,0.849791,-3.345490,-1.018119,0.849791,-3.345490,0.000000,0.000000,0.000000,0.000000,0.001591,-0.003668,0.005340,2.112151,0.906478,171.079142,0.000000,0.000000,171.079142,2.112151,0.906478,0.000000,9.806600,0.000000,0.000000,0.000000,0.720000,0.720000,1.610980,0.000000,0.000000,0.000000,0.000000,9.804995,-0.000132,0.000655,-0.000194,0.000000,0.000000,0.000000
1788402312717516785,24.037609,-1,-1.018129,0.849808,-3.345352,-1.018129,0.849808,-3.345352,0.000000,0.000000,0.000000,0.000000,0.001444,-0.003606,0.005360,2.112025,0.906971,171.079455,0.000000,0.000000,171.079455,2.112025,0.906971,0.000000,9.806600,0.000000,0.000000,0.000000,0.720000,0.720000,1.610980,0.000000,0.000000,0.000000,0.000000,9.783779,0.000046,0.000160,0.000372,0.000000,0.000000,0.000000
1788402312750504482,24.070597,-1,-1.018144,0.849801,-3.345261,-1.018144,0.849801,-3.345261,0.000000,0.000000,0.000000,0.000000,0.001543,-0.003466,0.005511,2.111764,0.906928,171.079397,0.000000,0.000000,171.079397,2.111764,0.906928,0.000000,9.806600,0.000000,0.000000,0.000000,0.720000,0.720000,1.610980,0.000000,0.000000,0.000000,0.000000,9.799114,0.000293,-0.000572,-0.000156,0.000000,0.000000,0.000000
1788402312783465317,24.103558,-1,-1.018170,0.849787,-3.345139,-1.018170,0.849787,-3.345139,0.000000,0.000000,0.000000,0.000000,0.001490,-0.003381,0.005572,2.111276,0.906545,171.079192,0.000000,0.000000,171.079192,2.111276,0.906545,0.000000,9.806600,0.000000,0.000000,0.000000,0.720000,0.720000,1.610980,0.000000,0.000000,0.000000,0.000000,9.802366,-0.000036,-0.000328,-0.000689,0.000000,0.000000,0.000000
1788402312816451959,24.136545,-1,-1.018192,0.849790,-3.345032,-1.018192,0.849790,-3.345032,0.000000,0.000000,0.000000,0.000000,0.001510,-0.003323,0.005607,2.111248,0.907092,171.078931,0.000000,0.000000,171.078931,2.111248,0.907092,0.000000,9.806600,0.000000,0.000000,0.000000,0.720000,0.720000,1.610980,0.000000,0.000000,0.000000,0.000000,9.805236,-0.000156,0.000710,-0.000610,0.000000,0.000000,0.000000
1788402312849428464,24.169521,-1,-1.018197,0.849744,-3.344925,-1.018197,0.849744,-3.344925,0.000000,0.000000,0.000000,0.000000,0.001513,-0.003268,0.005690,2.111192,0.906722,171.078366,0.000000,0.000000,171.078366,2.111192,0.906722,0.000000,9.806600,0.000000,0.000000,0.000000,0.720000,0.720000,1.610980,0.000000,0.000000,0.000000,0.000000,9.806602,0.000253,-0.000442,-0.000236,0.000000,0.000000,0.000000
1788402312882435925,24.202529,-1,-1.018197,0.849687,-3.344833,-1.018197,0.849687,-3.344833,0.000000,0.000000,0.000000,0.000000,0.001537,-0.003291,0.005710,2.110644,0.906539,171.078002,0.000000,0.000000,171.078002,2.110644,0.906539,0.000000,9.806600,0.000000,0.000000,0.000000,0.720000,0.720000,1.610980,0.000000,0.000000,0.000000,0.000000,9.810480,-0.000739,-0.000385,-0.000125,0.000000,0.000000,0.000000
1788402312915384287,24.235477,-1,-1.018204,0.849637,-3.344696,-1.018204,0.849637,-3.344696,0.000000,0.000000,0.000000,0.000000,0.001611,-0.003331,0.005704,2.110647,0.906961,171.078018,0.000000,0.000000,171.078018,2.110647,0.906961,0.000000,9.806600,0.000000,0.000000,0.000000,0.720000,0.720000,1.610980,0.000000,0.000000,0.000000,0.000000,9.803080,0.000141,0.000668,-0.000278,0.000000,0.000000,0.000000
1788402312948421586,24.268514,-1,-1.018206,0.849577,-3.344589,-1.018206,0.849577,-3.344589,0.000000,0.000000,0.000000,0.000000,0.001643,-0.003284,0.005611,2.109846,0.907311,171.077410,0.000000,0.000000,171.077410,2.109846,0.907311,0.000000,9.806600,0.000000,0.000000,0.000000,0.720000,0.720000,1.610980,0.000000,0.000000,0.000000,0.000000,9.795828,-0.000047,0.000389,-0.000464,0.000000,0.000000,0.000000
1788402312981402375,24.301495,-1,-1.018209,0.849510,-3.344467,-1.018209,0.849510,-3.344467,0.000000,0.000000,0.000000,0.000000,0.001661,-0.003122,0.005671,2.109538,0.906906,171.076832,0.000000,0.000000,171.076832,2.109538,0.906906,0.000000,9.806600,0.000000,0.000000,0.000000,0.720000,0.720000,1.610980,0.000000,0.000000,0.000000,0.000000,9.795939,-0.000346,-0.000462,-0.000476,0.000000,0.000000,0.000000
1788402313014312286,24.334405,-1,-1.018224,0.849444,-3.344315,-1.018224,0.849444,-3.344315,0.000000,0.000000,0.000000,0.000000,0.001784,-0.002963,0.005777,2.109198,0.906332,171.076457,0.000000,0.000000,171.076457,2.109198,0.906332,0.000000,9.806600,0.000000,0.000000,0.000000,0.720000,0.720000,1.610980,0.000000,0.000000,0.000000,0.000000,9.803509,0.000348,-0.000643,-0.000038,0.000000,0.000000,0.000000
1788402313047326450,24.367419,-1,-1.018224,0.849444,-3.344315,-1.018224,0.849444,-3.344315,0.000000,0.000000,0.000000,0.000000,0.001784,-0.002963,0.005777,2.109198,0.906332,171.076457,0.000000,0.000000,171.076457,2.109198,0.906332,0.000000,9.806600,0.000000,0.000000,0.000000,0.720000,0.720000,1.610980,0.000000,0.000000,0.000000,0.000000,9.798470,0.000809,0.000098,0.000401,0.000000,0.000000,0.000000
1788402313080282923,24.400376,-1,-1.018239,0.849388,-3.344193,-1.018239,0.849388,-3.344193,0.000000,0.000000,0.000000,0.000000,0.001736,-0.002805,0.005750,2.109362,0.906176,171.076619,0.000000,0.000000,171.076619,2.109362,0.906176,0.000000,9.806600,0.000000,0.000000,0.000000,0.720000,0.720000,1.610980,0.000000,0.000000,0.000000,0.000000,9.794259,0.000289,0.000043,0.000398,0.000000,0.000000,0.000000
1788402313113247742,24.433340,-1,-1.018282,0.849291,-3.343811,-1.018282,0.849291,-3.343811,0.000000,0.000000,0.000000,0.000000,0.001707,-0.002838,0.006097,2.109434,0.906159,171.076063,0.000000,0.000000,171.076063,2.109434,0.906159,0.000000,9.806600,0.000000,0.000000,0.000000,0.720000,0.720000,1.610980,0.000000,0.000000,0.000000,0.000000,9.808581,0.000399,-0.000033,-0.000707,0.000000,0.000000,0.000000
1788402313146244286,24.466337,-1,-1.018282,0.849291,-3.343811,-1.018282,0.849291,-3.343811,0.000000,0.000000,0.000000,0.000000,0.001707,-0.002838,0.006097,2.109434,0.906159,171.076063,0.000000,0.000000,171.076063,2.109434,0.906159,0.000000,9.806600,0.000000,0.000000,0.000000,0.720000,0.720000,1.610980,0.000000,0.000000,0.000000,0.000000,9.805735,-0.000173,0.000062,-0.000679,0.000000,0.000000,0.000000
1788402313179113485,24.499206,-1,-1.018302,0.849254,-3.343613,-1.018302,0.849254,-3.343613,0.000000,0.000000,0.000000,0.000000,0.001731,-0.002845,0.006289,2.109420,0.905609,171.075119,0.000000,0.000000,171.075119,2.109420,0.905609,0.000000,9.806600,0.000000,0.000000,0.000000,0.720000,0.720000,1.610980,0.000000,0.000000,0.000000,0.000000,9.803409,-0.000653,-0.000609,0.000029,0.000000,0.000000,0.000000
1788402313212236861,24.532330,-1,-1.018326,0.849222,-3.343399,-1.018326,0.849222,-3.343399,0.000000,0.000000,0.000000,0.000000,0.001869,-0.002771,0.006342,2.108399,0.904962,171.075304,0.000000,0.000000,171.075304,2.108399,0.904962,0.000000,9.806600,0.000000,0.000000,0.000000,0.720000,0.720000,1.610980,0.000000,0.000000,0.000000,0.000000,9.810022,0.000386,-0.000223,0.000263,0.000000,0.000000,0.000000
1788402313245192215,24.565285,-1,-1.018368,0.849202,-3.343124,-1.018368,0.849202,-3.343124,0.000000,0.000000,0.000000,0.000000,0.002011,-0.002836,0.006547,2.108601,0.904908,171.075822,0.000000,0.000000,171.075822,2.108601,0.904908,0.000000,9.806600,0.000000,0.000000,0.000000,0.720000,0.720000,1.610980,0.000000,0.000000,0.000000,0.000000,9.801291,-0.000074,0.000074,-0.000011,0.000000,0.000000,0.000000
1788402313278165860,24.598259,-1,-1.018399,0.849150,-3.342911,-1.018399,0.849150,-3.342911,0.000000,0.000000,0.000000,0.000000,0.002016,-0.002736,0.006593,2.109171,0.904852,171.076918,0.000000,0.000000,171.076918,2.109171,0.904852,0.000000,9.806600,0.000000,0.000000,0.000000,0.720000,0.720000,1.610980,0.000000,0.000000,0.000000,0.000000,9.800327,-0.000135,-0.000202,-0.000078,0.000000,0.000000,0.000000
1788402313311140082,24.631233,-1,-1.018430,0.849089,-3.342712,-1.018430,0.849089,-3.342712,0.000000,0.000000,0.000000,0.000000,0.001959,-0.002757,0.006603,2.109236,0.904487,171.076542,0.000000,0.000000,171.076542,2.109236,0.904487,0.000000,9.806600,0.000000,0.000000,0.000000,0.720000,0.720000,1.610980,0.000000,0.000000,0.000000,0.000000,9.807303,0.000168,-0.000028,-0.000163,0.000000,0.000000,0.000000
1788402313344131317,24.664224,-1,-1.018471,0.849026,-3.342468,-1.018471,0.849026,-3.342468,0.000000,0.000000,0.000000,0.000000,0.001782,-0.002584,0.006547,2.109046,0.904271,171.076335,0.000000,0.000000,171.076335,2.109046,0.904271,0.000000,9.806600,0.000000,0.000000,0.000000,0.720000,0.720000,1.610980,0.000000,0.000000,0.000000,0.000000,9.799253,0.000714,0.000168,-0.000479,0.000000,0.000000,0.000000
1788402313377085615,24.697178,-1,-1.018500,0.848938,-3.342331,-1.018500,0.848938,-3.342331,0.000000,0.000000,0.000000,0.000000,0.001801,-0.002491,0.006497,2.108840,0.904061,171.076749,0.000000,0.000000,171.076749,2.108840,0.904061,0.000000,9.806600,0.000000,0.000000,0.000000,0.720000,0.720000,1.610980,0.000000,0.000000,0.000000,0.000000,9.787498,0.000047,0.000686,-0.000298,0.000000,0.000000,0.000000
1788402313410109469,24.730202,-1,-1.018532,0.848839,-3.342209,-1.018532,0.848839,-3.342209,0.000000,0.000000,0.000000,0.000000,0.001925,-0.002455,0.006294,2.108875,0.904113,171.076775,0.000000,0.000000,171.076775,2.108875,0.904113,0.000000,9.806600,0.000000,0.000000,0.000000,0.720000,0.720000,1.610980,0.000000,0.000000,0.000000,0.000000,9.803220,0.000107,0.000211,-0.000473,0.000000,0.000000,0.000000
1788402313443083371,24.763176,-1,-1.018583,0.848731,-3.342072,-1.018583,0.848731,-3.342072,0.000000,0.000000,0.000000,0.000000,0.001981,-0.002258,0.006480,2.108731,0.904569,171.076405,0.000000,0.000000,171.076405,2.108731,0.904569,0.000000,9.806600,0.000000,0.000000,0.000000,0.720000,0.720000,1.610980,0.000000,0.000000,0.000000,0.000000,9.809156,-0.000585,-0.000191,0.000001,0.000000,0.000000,0.000000
1788402313476078220,24.796171,-1,-1.018632,0.848632,-3.341995,-1.018632,0.848632,-3.341995,0.000000,0.000000,0.000000,0.000000,0.001999,-0.002169,0.006444,2.108595,0.904915,171.077053,0.000000,0.000000,171.077053,2.108595,0.904915,0.000000,9.806600,0.000000,0.000000,0.000000,0.720000,0.720000,1.610980,0.000000,0.000000,0.000000,0.000000,9.805461,-0.000785,0.000147,-0.000396,0.000000,0.000000,0.000000
1788402313509007541,24.829100,-1,-1.018686,0.848530,-3.341904,-1.018686,0.848530,-3.341904,0.000000,0.000000,0.000000,0.000000,0.002052,-0.002081,0.006436,2.107953,0.905220,171.076829,0.000000,0.000000,171.076829,2.107953,0.905220,0.000000,9.806600,0.000000,0.000000,0.000000,0.720000,0.720000,1.610980,0.000000,0.000000,0.000000,0.000000,9.802064,-0.000018,0.000273,-0.000189,0.000000,0.000000,0.000000
1788402313542276203,24.862369,-1,-1.018764,0.848416,-3.341736,-1.018764,0.848416,-3.341736,0.000000,0.000000,0.000000,0.000000,0.002128,-0.001935,0.006405,2.106912,0.904842,171.076332,0.000000,0.000000,171.076332,2.106912,0.904842,0.000000,9.806600,0.000000,0.000000,0.000000,0.720000,0.720000,1.610980,0.000000,0.000000,0.000000,0.000000,9.802587,0.000079,0.001032,0.000002,0.000000,0.000000,0.000000
1788402313575010606,24.895103,-1,-1.018829,0.848302,-3.341583,-1.018829,0.848302,-3.341583,0.000000,0.000000,0.000000,0.000000,0.002034,-0.001847,0.006343,2.107169,0.904602,171.076223,0.000000,0.000000,171.076223,2.107169,0.904602,0.000000,9.806600,0.000000,0.000000,0.000000,0.720000,0.720000,1.610980,0.000000,0.000000,0.000000,0.000000,9.813364,-0.000678,0.000256,0.000164,0.000000,0.000000,0.000000
1788402313607978080,24.928071,-1,-1.018894,0.848182,-3.341400,-1.018894,0.848182,-3.341400,0.000000,0.000000,0.000000,0.000000,0.002029,-0.001770,0.006403,2.106575,0.905165,171.076318,0.000000,0.000000,171.076318,2.106575,0.905165,0.000000,9.806600,0.000000,0.000000,0.000000,0.720000,0.720000,1.610980,0.000000,0.000000,0.000000,0.000000,9.796521,0.000634,-0.000043,-0.000209,0.000000,0.000000,0.000000
1788402313640885655,24.960978,-1,-1.018983,0.848044,-3.341156,-1.018983,0.848044,-3.341156,0.000000,0.000000,0.000000,0.000000,0.001972,-0.001531,0.006464,2.106830,0.905310,171.076048,0.000000,0.000000,171.076048,2.106830,0.905310,0.000000,9.806600,0.000000,0.000000,0.000000,0.720000,0.720000,1.610980,0.000000,0.000000,0.000000,0.000000,9.803345,-0.000356,0.000312,0.000206,0.000000,0.000000,0.000000
1788402313673934230,24.994027,-1,-1.019041,0.847913,-3.340988,-1.019041,0.847913,-3.340988,0.000000,0.000000,0.000000,0.000000,0.002115,-0.001420,0.006392,2.106817,0.905892,171.076466,0.000000,0.000000,171.076466,2.106817,0.905892,0.000000,9.806600,0.000000,0.000000,0.000000,0.720000,0.720000,1.610980,0.000000,0.000000,0.000000,0.000000,9.796609,-0.000544,0.000071,-0.000057,0.000000,0.000000,0.000000
1788402313706923674,25.027016,-1,-1.019099,0.847777,-3.340820,-1.019099,0.847777,-3.340820,0.000000,0.000000,0.000000,0.000000,0.002100,-0.001271,0.006491,2.106504,0.906146,171.076514,0.000000,0.000000,171.076514,2.106504,0.906146,0.000000,9.806600,0.000000,0.000000,0.000000,0.720000,0.720000,1.610980,0.000000,0.000000,0.000000,0.000000,9.802932,0.000075,-0.000295,-0.000065,0.000000,0.000000,0.000000
1788402313739938383,25.060031,-1,-1.019158,0.847657,-3.340652,-1.019158,0.847657,-3.340652,0.000000,0.000000,0.000000,0.000000,0.002133,-0.001161,0.006508,2.106713,0.904897,171.076236,0.000000,0.000000,171.076236,2.106713,0.904897,0.000000,9.806600,0.000000,0.000000,0.000000,0.720000,0.720000,1.610980,0.000000,0.000000,0.000000,0.000000,9.798394,0.000335,0.000236,0.000167,0.000000,0.000000,0.000000
1788402313772891050,25.092984,-1,-1.019242,0.847510,-3.340500,-1.019242,0.847510,-3.340500,0.000000,0.000000,0.000000,0.000000,0.002121,-0.001163,0.006500,2.107573,0.904759,171.076269,0.000000,0.000000,171.076269,2.107573,0.904759,0.000000,9.806600,0.000000,0.000000,0.000000,0.720000,0.720000,1.610980,0.000000,0.000000,0.000000,0.000000,9.802950,0.000096,-0.000256,-0.000460,0.000000,0.000000,0.000000
1788402313805843429,25.125936,-1,-1.019307,0.847411,-3.340393,-1.019307,0.847411,-3.340393,0.000000,0.000000,0.000000,0.000000,0.002135,-0.001094,0.006537,2.107638,0.904867,171.076176,0.000000,0.000000,171.076176,2.107638,0.904867,0.000000,9.806600,0.000000,0.000000,0.000000,0.720000,0.720000,1.610980,0.000000,0.000000,0.000000,0.000000,9.791956,0.000085,0.000237,-0.000491,0.000000,0.000000,0.000000
1788402313838878988,25.158972,-1,-1.019393,0.847301,-3.340256,-1.019393,0.847301,-3.340256,0.000000,0.000000,0.000000,0.000000,0.001932,-0.001099,0.006596,2.107476,0.905225,171.075866,0.000000,0.000000,171.075866,2.107476,0.905225,0.000000,9.806600,0.000000,0.000000,0.000000,0.720000,0.720000,1.610980,0.000000,0.000000,0.000000,0.000000,9.801826,0.000033,-0.000122,-0.000357,0.000000,0.000000,0.000000
1788402313871778728,25.191871,-1,-1.019483,0.847272,-3.340195,-1.019483,0.847272,-3.340195,0.000000,0.000000,0.000000,0.000000,0.001837,-0.001041,0.006642,2.108130,0.904937,171.075927,0.000000,0.000000,171.075927,2.108130,0.904937,0.000000,9.806600,0.000000,0.000000,0.000000,0.720000,0.720000,1.610980,0.000000,0.000000,0.000000,0.000000,9.791288,0.000706,0.000803,-0.000521,0.000000,0.000000,0.000000
1788402313904776743,25.224869,-1,-1.019568,0.847253,-3.340118,-1.019568,0.847253,-3.340118,0.000000,0.000000,0.000000,0.000000,0.001909,-0.001069,0.006669,2.108763,0.905135,171.075839,0.000000,0.000000,171.075839,2.108763,0.905135,0.000000,9.806600,0.000000,0.000000,0.000000,0.720000,0.720000,1.610980,0.000000,0.000000,0.000000,0.000000,9.797984,-0.000447,-0.000518,-0.000398,0.000000,0.000000,0.000000
1788402313937772263,25.257865,-1,-1.019680,0.847241,-3.340042,-1.019680,0.847241,-3.340042,0.000000,0.000000,0.000000,0.000000,0.001866,-0.001061,0.006572,2.108280,0.904622,171.075850,0.000000,0.000000,171.075850,2.108280,0.904622,0.000000,9.806600,0.000000,0.000000,0.000000,0.720000,0.720000,1.610980,0.000000,0.000000,0.000000,0.000000,9.794175,0.000396,0.000396,-0.000361,0.000000,0.000000,0.000000
1788402313970764457,25.290857,-1,-1.019764,0.847212,-3.339966,-1.019764,0.847212,-3.339966,0.000000,0.000000,0.000000,0.000000,0.001914,-0.001131,0.006552,2.109465,0.905243,171.075677,0.000000,0.000000,171.075677,2.109465,0.905243,0.000000,9.806600,0.000000,0.000000,0.000000,0.720000,0.720000,1.610980,0.000000,0.000000,0.000000,0.000000,9.803819,-0.000821,-0.000135,0.000352,0.000000,0.000000,0.000000
1788402314003702637,25.323795,-1,-1.019848,0.847179,-3.339890,-1.019848,0.847179,-3.339890,0.000000,0.000000,0.000000,0.000000,0.002043,-0.001147,0.006564,2.109113,0.905333,171.075881,0.000000,0.000000,171.075881,2.109113,0.905333,0.000000,9.806600,0.000000,0.000000,0.000000,0.720000,0.720000,1.610980,0.000000,0.000000,0.000000,0.000000,9.799819,-0.000407,-0.000523,0.000016,0.000000,0.000000,0.000000
1788402314036707749,25.356800,-1,-1.019933,0.847156,-3.339798,-1.019933,0.847156,-3.339798,0.000000,0.000000,0.000000,0.000000,0.002008,-0.000980,0.006542,2.109060,0.905210,171.076392,0.000000,0.000000,171.076392,2.109060,0.905210,0.000000,9.806600,0.000000,0.000000,0.000000,0.720000,0.720000,1.610980,0.000000,0.000000,0.000000,0.000000,9.797274,0.000271,0.000364,-0.000634,0.000000,0.000000,0.000000
1788402314069700713,25.389793,-1,-1.020038,0.847112,-3.339645,-1.020038,0.847112,-3.339645,0.000000,0.000000,0.000000,0.000000,0.002038,-0.000883,0.006610,2.109342,0.905934,171.076145,0.000000,0.000000,171.076145,2.109342,0.905934,0.000000,9.806600,0.000000,0.000000,0.000000,0.720000,0.720000,1.610980,0.000000,0.000000,0.000000,0.000000,9.798042,-0.000216,-0.000512,-0.000812,0.000000,0.000000,0.000000
1788402314102655013,25.422748,-1,-1.020116,0.847086,-3.339539,-1.020116,0.847086,-3.339539,0.000000,0.000000,0.000000,0.000000,0.002084,-0.000888,0.006509,2.109055,0.905845,171.075942,0.000000,0.000000,171.075942,2.109055,0.905845,0.000000,9.806600,0.000000,0.000000,0.000000,0.720000,0.720000,1.610980,0.000000,0.000000,0.000000,0.000000,9.806026,0.000022,0.000299,-0.000179,0.000000,0.000000,0.000000
1788402314135661409,25.455754,-1,-1.020220,0.847067,-3.339355,-1.020220,0.847067,-3.339355,0.000000,0.000000,0.000000,0.000000,0.002140,-0.000901,0.006607,2.109230,0.906026,171.075362,0.000000,0.000000,171.075362,2.109230,0.906026,0.000000,9.806600,0.000000,0.000000,0.000000,0.720000,0.720000,1.610980,0.000000,0.000000,0.000000,0.000000,9.799355,0.000278,0.000017,0.000080,0.000000,0.000000,0.000000
1788402314168680405,25.488773,-1,-1.020287,0.847038,-3.339218,-1.020287,0.847038,-3.339218,0.000000,0.000000,0.000000,0.000000,0.002108,-0.000950,0.006467,2.109872,0.905826,171.076187,0.000000,0.000000,171.076187,2.109872,0.905826,0.000000,9.806600,0.000000,0.000000,0.000000,0.720000,0.720000,1.610980,0.000000,0.000000,0.000000,0.000000,9.796115,-0.000718,-0.000586,-0.000383,0.000000,0.000000,0.000000
1788402314201597704,25.521690,-1,-1.020352,0.847007,-3.339096,-1.020352,0.847007,-3.339096,0.000000,0.000000,0.000000,0.000000,0.002233,-0.000871,0.006535,2.109690,0.905567,171.076344,0.000000,0.000000,171.076344,2.109690,0.905567,0.000000,9.806600,0.000000,0.000000,0.000000,0.720000,0.720000,1.610980,0.000000,0.000000,0.000000,0.000000,9.797697,-0.000062,-0.000259,-0.000116,0.000000,0.000000,0.000000
1788402314234592555,25.554685,-1,-1.020445,0.846977,-3.338943,-1.020445,0.846977,-3.338943,0.000000,0.000000,0.000000,0.000000,0.002357,-0.000765,0.006607,2.110311,0.905107,171.076852,0.000000,0.000000,171.076852,2.110311,0.905107,0.000000,9.806600,0.000000,0.000000,0.000000,0.720000,0.720000,1.610980,0.000000,0.000000,0.000000,0.000000,9.798810,0.000166,-0.000244,-0.000341,0.000000,0.000000,0.000000
1788402314267570617,25.587663,-1,-1.020512,0.846957,-3.338837,-1.020512,0.846957,-3.338837,0.000000,0.000000,0.000000,0.000000,0.002392,-0.000682,0.006586,2.111029,0.905526,171.076927,0.000000,0.000000,171.076927,2.111029,0.905526,0.000000,9.806600,0.000000,0.000000,0.000000,0.720000,0.720000,1.610980,0.000000,0.000000,0.000000,0.000000,9.796446,-0.000333,0.000306,-0.000505,0.000000,0.000000,0.000000
1788402314300517817,25.620610,-1,-1.020578,0.846944,-3.338745,-1.020578,0.846944,-3.338745,0.000000,0.000000,0.000000,0.000000,0.002398,-0.000747,0.006564,2.110677,0.905742,171.076602,0.000000,0.000000,171.076602,2.110677,0.905742,0.000000,9.806600,0.000000,0.000000,0.000000,0.720000,0.720000,1.610980,0.000000,0.000000,0.000000,0.000000,9.806859,-0.000310,0.000555,-0.000730,0.000000,0.000000,0.000000
1788402314333523254,25.653616,-1,-1.020644,0.846940,-3.338623,-1.020644,0.846940,-3.338623,0.000000,0.000000,0.000000,0.000000,0.002436,-0.000747,0.006560,2.110695,0.905575,171.076047,0.000000,0.000000,171.076047,2.110695,0.905575,0.000000,9.806600,0.000000,0.000000,0.000000,0.720000,0.720000,1.610980,0.000000,0.000000,0.000000,0.000000,9.792747,0.000441,-0.000195,0.000448,0.000000,0.000000,0.000000
1788402314366476338,25.686569,-1,-1.020727,0.846907,-3.338470,-1.020727,0.846907,-3.338470,0.000000,0.000000,0.000000,0.000000,0.002390,-0.000852,0.006484,2.110987,0.906402,171.076795,0.000000,0.000000,171.076795,2.110987,0.906402,0.000000,9.806600,0.000000,0.000000,0.000000,0.720000,0.720000,1.610980,0.000000,0.000000,0.000000,0.000000,9.798312,-0.000434,-0.000548,-0.000338,0.000000,0.000000,0.000000
1788402314399466360,25.719559,-1,-1.020786,0.846886,-3.338364,-1.020786,0.846886,-3.338364,0.000000,0.000000,0.000000,0.000000,0.002384,-0.000797,0.006429,2.110968,0.906673,171.076281,0.000000,0.000000,171.076281,2.110968,0.906673,0.000000,9.806600,0.000000,0.000000,0.000000,0.720000,0.720000,1.610980,0.000000,0.000000,0.000000,0.000000,9.800825,0.000288,0.000106,-0.000261,0.000000,0.000000,0.000000
1788402314432538540,25.752631,-1,-1.020846,0.846871,-3.338242,-1.020846,0.846871,-3.338242,0.000000,0.000000,0.000000,0.000000,0.002395,-0.000715,0.006490,2.111237,0.907189,171.077322,0.000000,0.000000,171.077322,2.111237,0.907189,0.000000,9.806600,0.000000,0.000000,0.000000,0.720000,0.720000,1.610980,0.000000,0.000000,0.000000,0.000000,9.797217,0.000481,0.000552,-0.000045,0.000000,0.000000,0.000000
1788402314466630345,25.786723,-1,-1.020911,0.846812,-3.338104,-1.020911,0.846812,-3.338104,0.000000,0.000000,0.000000,0.000000,0.002301,-0.000662,0.006467,2.112085,0.908063,171.076712,0.000000,0.000000,171.076712,2.112085,0.908063,0.000000,9.806600,0.000000,0.000000,0.000000,0.720000,0.720000,1.610980,0.000000,0.000000,0.000000,0.000000,9.805620,-0.000344,0.000337,0.000614,0.000000,0.000000,0.000000
1788402314498443046,25.818536,-1,-1.020959,0.846766,-3.337997,-1.020959,0.846766,-3.337997,0.000000,0.000000,0.000000,0.000000,0.002345,-0.000719,0.006495,2.111679,0.908252,171.077126,0.000000,0.000000,171.077126,2.111679,0.908252,0.000000,9.806600,0.000000,0.000000,0.000000,0.720000,0.720000,1.610980,0.000000,0.000000,0.000000,0.000000,9.802640,0.000043,-0.000216,-0.000539,0.000000,0.000000,0.000000
1788402314531416183,25.851509,-1,-1.021031,0.846721,-3.337860,-1.021031,0.846721,-3.337860,0.000000,0.000000,0.000000,0.000000,0.002463,-0.000674,0.006633,2.112908,0.907682,171.077129,0.000000,0.000000,171.077129,2.112908,0.907682,0.000000,9.806600,0.000000,0.000000,0.000000,0.720000,0.720000,1.610980,0.000000,0.000000,0.000000,0.000000,9.800203,-0.000786,0.000322,0.000035,0.000000,0.000000,0.000000
1788402314564398210,25.884491,-1,-1.021077,0.846718,-3.337769,-1.021077,0.846718,-3.337769,0.000000,0.000000,0.000000,0.000000,0.002619,-0.000805,0.006645,2.112388,0.908337,171.076482,0.000000,0.000000,171.076482,2.112388,0.908337,0.000000,9.806600,0.000000,0.000000,0.000000,0.720000,0.720000,1.610980,0.000000,0.000000,0.000000,0.000000,9.801147,0.000302,-0.000261,-0.000719,0.000000,0.000000,0.000000
1788402314597461019,25.917554,-1,-1.021128,0.846724,-3.337662,-1.021128,0.846724,-3.337662,0.000000,0.000000,0.000000,0.000000,0.002709,-0.000762,0.006622,2.112866,0.908957,171.075743,0.000000,0.000000,171.075743,2.112866,0.908957,0.000000,9.806600,0.000000,0.000000,0.000000,0.720000,0.720000,1.610980,0.000000,0.000000,0.000000,0.000000,9.795946,0.000216,0.000302,-0.000507,0.000000,0.000000,0.000000
1788402314630591946,25.950685,-1,-1.021183,0.846739,-3.337570,-1.021183,0.846739,-3.337570,0.000000,0.000000,0.000000,0.000000,0.002700,-0.000915,0.006825,2.112943,0.908544,171.076045,0.000000,0.000000,171.076045,2.112943,0.908544,0.000000,9.806600,0.000000,0.000000,0.000000,0.720000,0.720000,1.610980,0.000000,0.000000,0.000000,0.000000,9.805180,-0.000337,0.000098,-0.001052,0.000000,0.000000,0.000000
1788402314663308697,25.983401,-1,-1.021252,0.846769,-3.337448,-1.021252,0.846769,-3.337448,0.000000,0.000000,0.000000,0.000000,0.002788,-0.000960,0.006883,2.112762,0.907758,171.075209,0.000000,0.000000,171.075209,2.112762,0.907758,0.000000,9.806600,0.000000,0.000000,0.000000,0.720000,0.720000,1.610980,0.000000,0.000000,0.000000,0.000000,9.802191,0.000212,-0.000039,-0.000979,0.000000,0.000000,0.000000
1788402314696312406,26.016405,-1,-1.021303,0.846799,-3.337372,-1.021303,0.846799,-3.337372,0.000000,0.000000,0.000000,0.000000,0.002862,-0.001043,0.006856,2.112556,0.907965,171.074587,0.000000,0.000000,171.074587,2.112556,0.907965,0.000000,9.806600,0.000000,0.000000,0.000000,0.720000,0.720000,1.610980,0.000000,0.000000,0.000000,0.000000,9.793306,-0.000236,-0.000351,-0.000232,0.000000,0.000000,0.000000
1788402314729291715,26.049384,-1,-1.021358,0.846836,-3.337341,-1.021358,0.846836,-3.337341,0.000000,0.000000,0.000000,0.000000,0.002910,-0.001096,0.006934,2.112163,0.907608,171.074073,0.000000,0.000000,171.074073,2.112163,0.907608,0.000000,9.806600,0.000000,0.000000,0.000000,0.720000,0.720000,1.610980,0.000000,0.000000,0.000000,0.000000,9.796822,-0.000363,0.000396,-0.000387,0.000000,0.000000,0.000000
1788402314762236677,26.082329,-1,-1.021423,0.846852,-3.337326,-1.021423,0.846852,-3.337326,0.000000,0.000000,0.000000,0.000000,0.002854,-0.001181,0.007062,2.111926,0.907440,171.074162,0.000000,0.000000,171.074162,2.111926,0.907440,0.000000,9.806600,0.000000,0.000000,0.000000,0.720000,0.720000,1.610980,0.000000,0.000000,0.000000,0.000000,9.806690,-0.000422,0.000043,0.000222,0.000000,0.000000,0.000000
1788402314795247134,26.115340,-1,-1.021469,0.846843,-3.337341,-1.021469,0.846843,-3.337341,0.000000,0.000000,0.000000,0.000000,0.002991,-0.001198,0.007033,2.111916,0.906332,171.074305,0.000000,0.000000,171.074305,2.111916,0.906332,0.000000,9.806600,0.000000,0.000000,0.000000,0.720000,0.720000,1.610980,0.000000,0.000000,0.000000,0.000000,9.801564,0.000350,0.000197,-0.000288,0.000000,0.000000,0.000000
1788402314828222701,26.148315,-1,-1.021521,0.846845,-3.337341,-1.021521,0.846845,-3.337341,0.000000,0.000000,0.000000,0.000000,0.002974,-0.001153,0.007081,2.112399,0.906445,171.074430,0.000000,0.000000,171.074430,2.112399,0.906445,0.000000,9.806600,0.000000,0.000000,0.000000,0.720000,0.720000,1.610980,0.000000,0.000000,0.000000,0.000000,9.797624,0.000190,-0.000672,0.000192,0.000000,0.000000,0.000000
1788402314861530351,26.181623,-1,-1.021583,0.846809,-3.337341,-1.021583,0.846809,-3.337341,0.000000,0.000000,0.000000,0.000000,0.002937,-0.001269,0.007067,2.112708,0.906175,171.074329,0.000000,0.000000,171.074329,2.112708,0.906175,0.000000,9.806600,0.000000,0.000000,0.000000,0.720000,0.720000,1.610980,0.000000,0.000000,0.000000,0.000000,9.802987,0.000167,-0.000173,0.000483,0.000000,0.000000,0.000000
1788402314894183013,26.214276,-1,-1.021633,0.846784,-3.337326,-1.021633,0.846784,-3.337326,0.000000,0.000000,0.000000,0.000000,0.003052,-0.001207,0.007128,2.112677,0.906737,171.074658,0.000000,0.000000,171.074658,2.112677,0.906737,0.000000,9.806600,0.000000,0.000000,0.000000,0.720000,0.720000,1.610980,0.000000,0.000000,0.000000,0.000000,9.801771,-0.000209,0.000389,-0.000343,0.000000,0.000000,0.000000
1788402314927158068,26.247251,-1,-1.021688,0.846767,-3.337280,-1.021688,0.846767,-3.337280,0.000000,0.000000,0.000000,0.000000,0.003087,-0.001187,0.007031,2.112657,0.906631,171.074442,0.000000,0.000000,171.074442,2.112657,0.906631,0.000000,9.806600,0.000000,0.000000,0.000000,0.720000,0.720000,1.610980,0.000000,0.000000,0.000000,0.000000,9.795263,0.000185,-0.000522,-0.000217,0.000000,0.000000,0.000000
1788402314960083618,26.280176,-1,-1.021762,0.846709,-3.337219,-1.021762,0.846709,-3.337219,0.000000,0.000000,0.000000,0.000000,0.003070,-0.001147,0.007123,2.113110,0.906647,171.074205,0.000000,0.000000,171.074205,2.113110,0.906647,0.000000,9.806600,0.000000,0.000000,0.000000,0.720000,0.720000,1.610980,0.000000,0.000000,0.000000,0.000000,9.787815,-0.000184,-0.000333,-0.000545,0.000000,0.000000,0.000000
1788402314993132772,26.313225,-1,-1.021821,0.846668,-3.337158,-1.021821,0.846668,-3.337158,0.000000,0.000000,0.000000,0.000000,0.003036,-0.001127,0.007042,2.113270,0.906227,171.073914,0.000000,0.000000,171.073914,2.113270,0.906227,0.000000,9.806600,0.000000,0.000000,0.000000,0.720000,0.720000,1.610980,0.000000,0.000000,0.000000,0.000000,9.795916,0.000137,-0.000332,-0.000131,0.000000,0.000000,0.000000
1788402315026079716,26.346172,-1,-1.021880,0.846640,-3.337082,-1.021880,0.846640,-3.337082,0.000000,0.000000,0.000000,0.000000,0.003006,-0.001207,0.007159,2.113173,0.906227,171.073932,0.000000,0.000000,171.073932,2.113173,0.906227,0.000000,9.806600,0.000000,0.000000,0.000000,0.720000,0.720000,1.610980,0.000000,0.000000,0.000000,0.000000,9.799970,0.000005,-0.000270,0.000235,0.000000,0.000000,0.000000
1788402315059080278,26.379173,-1,-1.021953,0.846631,-3.337051,-1.021953,0.846631,-3.337051,0.000000,0.000000,0.000000,0.000000,0.003068,-0.001331,0.007263,2.113394,0.905961,171.073811,0.000000,0.000000,171.073811,2.113394,0.905961,0.000000,9.806600,0.000000,0.000000,0.000000,0.720000,0.720000,1.610980,0.000000,0.000000,0.000000,0.000000,9.803102,0.000632,-0.000332,-0.000642,0.000000,0.000000,0.000000
1788402315092069838,26.412163,-1,-1.022007,0.846640,-3.337036,-1.022007,0.846640,-3.337036,0.000000,0.000000,0.000000,0.000000,0.003058,-0.001456,0.007252,2.113479,0.905734,171.074330,0.000000,0.000000,171.074330,2.113479,0.905734,0.000000,9.806600,0.000000,0.000000,0.000000,0.720000,0.720000,1.610980,0.000000,0.000000,0.000000,0.000000,9.800640,-0.000302,-0.000396,-0.000157,0.000000,0.000000,0.000000
1788402315125056360,26.445149,-1,-1.022064,0.846660,-3.336990,-1.022064,0.846660,-3.336990,0.000000,0.000000,0.000000,0.000000,0.003087,-0.001525,0.007142,2.112858,0.906312,171.074724,0.000000,0.000000,171.074724,2.112858,0.906312,0.000000,9.806600,0.000000,0.000000,0.000000,0.720000,0.720000,1.610980,0.000000,0.000000,0.000000,0.000000,9.795610,0.000011,0.000416,-0.000149,0.000000,0.000000,0.000000
1788402315158030442,26.478123,-1,-1.022101,0.846660,-3.336945,-1.022101,0.846660,-3.336945,0.000000,0.000000,0.000000,0.000000,0.003146,-0.001479,0.006983,2.112601,0.907257,171.075171,0.000000,0.000000,171.075171,2.112601,0.907257,0.000000,9.806600,0.000000,0.000000,0.000000,0.720000,0.720000,1.610980,0.000000,0.000000,0.000000,0.000000,9.800940,-0.000602,0.000177,0.000335,0.000000,0.000000,0.000000
1788402315191002190,26.511095,-1,-1.022142,0.846661,-3.336884,-1.022142,0.846661,-3.336884,0.000000,0.000000,0.000000,0.000000,0.002984,-0.001638,0.006834,2.112719,0.907144,171.075186,0.000000,0.000000,171.075186,2.112719,0.907144,0.000000,9.806600,0.000000,0.000000,0.000000,0.720000,0.720000,1.610980,0.000000,0.000000,0.000000,0.000000,9.784217,-0.000094,0.000246,-0.000260,0.000000,0.000000,0.000000
1788402315223982316,26.544075,-1,-1.022173,0.846673,-3.336807,-1.022173,0.846673,-3.336807,0.000000,0.000000,0.000000,0.000000,0.002928,-0.001632,0.006884,2.112510,0.907319,171.075513,0.000000,0.000000,171.075513,2.112510,0.907319,0.000000,9.806600,0.000000,0.000000,0.000000,0.720000,0.720000,1.610980,0.000000,0.000000,0.000000,0.000000,9.798190,-0.000084,-0.000588,-0.000207,0.000000,0.000000,0.000000
1788402315256947859,26.577041,-1,-1.022194,0.846689,-3.336700,-1.022194,0.846689,-3.336700,0.000000,0.000000,0.000000,0.000000,0.002965,-0.001711,0.006915,2.112318,0.907527,171.076113,0.000000,0.000000,171.076113,2.112318,0.907527,0.000000,9.806600,0.000000,0.000000,0.000000,0.720000,0.720000,1.610980,0.000000,0.000000,0.000000,0.000000,9.797976,-0.000577,0.000332,-0.000300,0.000000,0.000000,0.000000
1788402315289973270,26.610066,-1,-1.022211,0.846708,-3.336609,-1.022211,0.846708,-3.336609,0.000000,0.000000,0.000000,0.000000,0.003046,-0.001625,0.006986,2.112570,0.907321,171.075779,0.000000,0.000000,171.075779,2.112570,0.907321,0.000000,9.806600,0.000000,0.000000,0.000000,0.720000,0.720000,1.610980,0.000000,0.000000,0.000000,0.000000,9.809563,0.000062,0.000283,-0.000445,0.000000,0.000000,0.000000
1788402315322896503,26.642989,-1,-1.022236,0.846734,-3.336517,-1.022236,0.846734,-3.336517,0.000000,0.000000,0.000000,0.000000,0.003045,-0.001574,0.006943,2.112210,0.907243,171.076022,0.000000,0.000000,171.076022,2.112210,0.907243,0.000000,9.806600,0.000000,0.000000,0.000000,0.720000,0.720000,1.610980,0.000000,0.000000,0.000000,0.000000,9.808310,0.000072,0.000274,0.000332,0.000000,0.000000,0.000000
1788402315355902597,26.675995,-1,-1.022241,0.846743,-3.336426,-1.022241,0.846743,-3.336426,0.000000,0.000000,0.000000,0.000000,0.003097,-0.001448,0.007057,2.111896,0.907867,171.076544,0.000000,0.000000,171.076544,2.111896,0.907867,0.000000,9.806600,0.000000,0.000000,0.000000,0.720000,0.720000,1.610980,0.000000,0.000000,0.000000,0.000000,9.800743,-0.000356,0.000225,-0.000368,0.000000,0.000000,0.000000
1788402315388998013,26.709091,-1,-1.022241,0.846754,-3.336304,-1.022241,0.846754,-3.336304,0.000000,0.000000,0.000000,0.000000,0.002966,-0.001549,0.007055,2.111907,0.907838,171.076307,0.000000,0.000000,171.076307,2.111907,0.907838,0.000000,9.806600,0.000000,0.000000,0.000000,0.720000,0.720000,1.610980,0.000000,0.000000,0.000000,0.000000,9.797027,-0.000553,0.000390,-0.000460,0.000000,0.000000,0.000000
1788402315421848522,26.741941,-1,-1.022248,0.846774,-3.336212,-1.022248,0.846774,-3.336212,0.000000,0.000000,0.000000,0.000000,0.002936,-0.001625,0.007174,2.111785,0.907314,171.076204,0.000000,0.000000,171.076204,2.111785,0.907314,0.000000,9.806600,0.000000,0.000000,0.000000,0.720000,0.720000,1.610980,0.000000,0.000000,0.000000,0.000000,9.792534,0.000823,-0.000137,-0.000138,0.000000,0.000000,0.000000
1788402315454779974,26.774873,-1,-1.022239,0.846790,-3.336121,-1.022239,0.846790,-3.336121,0.000000,0.000000,0.000000,0.000000,0.002990,-0.001694,0.007131,2.112049,0.906890,171.076038,0.000000,0.000000,171.076038,2.112049,0.906890,0.000000,9.806600,0.000000,0.000000,0.000000,0.720000,0.720000,1.610980,0.000000,0.000000,0.000000,0.000000,9.805246,-0.000093,-0.000558,-0.000331,0.000000,0.000000,0.000000
1788402315487793904,26.807887,-1,-1.022231,0.846817,-3.336060,-1.022231,0.846817,-3.336060,0.000000,0.000000,0.000000,0.000000,0.003045,-0.001765,0.006966,2.111583,0.908159,171.076253,0.000000,0.000000,171.076253,2.111583,0.908159,0.000000,9.806600,0.000000,0.000000,0.000000,0.720000,0.720000,1.610980,0.000000,0.000000,0.000000,0.000000,9.794636,0.000260,0.000689,-0.000169,0.000000,0.000000,0.000000
1788402315520787014,26.840880,-1,-1.022234,0.846850,-3.335999,-1.022234,0.846850,-3.335999,0.000000,0.000000,0.000000,0.000000,0.003048,-0.001873,0.007001,2.112361,0.908468,171.076160,0.000000,0.000000,171.076160,2.112361,0.908468,0.000000,9.806600,0.000000,0.000000,0.000000,0.720000,0.720000,1.610980,0.000000,0.000000,0.000000,0.000000,9.795527,0.000071,-0.000446,-0.000769,0.000000,0.000000,0.000000
1788402315553811337,26.873904,-1,-1.022223,0.846863,-3.335953,-1.022223,0.846863,-3.335953,0.000000,0.000000,0.000000,0.000000,0.002944,-0.002034,0.007052,2.112757,0.907758,171.075442,0.000000,0.000000,171.075442,2.112757,0.907758,0.000000,9.806600,0.000000,0.000000,0.000000,0.720000,0.720000,1.610980,0.000000,0.000000,0.000000,0.000000,9.806700,-0.000145,-0.001079,-0.000203,0.000000,0.000000,0.000000
1788402315586770005,26.906863,-1,-1.022207,0.846880,-3.335907,-1.022207,0.846880,-3.335907,0.000000,0.000000,0.000000,0.000000,0.002964,-0.001977,0.007183,2.112055,0.907389,171.075214,0.000000,0.000000,171.075214,2.112055,0.907389,0.000000,9.806600,0.000000,0.000000,0.000000,0.720000,0.720000,1.610980,0.000000,0.000000,0.000000,0.000000,9.804530,-0.000616,-0.001066,0.000124,0.000000,0.000000,0.000000
1788402315619705071,26.939798,-1,-1.022206,0.846901,-3.335846,-1.022206,0.846901,-3.335846,0.000000,0.000000,0.000000,0.000000,0.002957,-0.001956,0.007208,2.111550,0.906601,171.075560,0.000000,0.000000,171.075560,2.111550,0.906601,0.000000,9.806600,0.000000,0.000000,0.000000,0.720000,0.720000,1.610980,0.000000,0.000000,0.000000,0.000000,9.799709,-0.000235,-0.000260,-0.000417,0.000000,0.000000,0.000000
1788402315652732176,26.972825,-1,-1.022203,0.846915,-3.335770,-1.022203,0.846915,-3.335770,0.000000,0.000000,0.000000,0.000000,0.002883,-0.002029,0.007164,2.111698,0.906285,171.075376,0.000000,0.000000,171.075376,2.111698,0.906285,0.000000,9.806600,0.000000,0.000000,0.000000,0.720000,0.720000,1.610980,0.000000,0.000000,0.000000,0.000000,9.807839,-0.000003,0.000115,-0.000543,0.000000,0.000000,0.000000
1788402315685722152,27.005815,-1,-1.022191,0.846908,-3.335709,-1.022191,0.846908,-3.335709,0.000000,0.000000,0.000000,0.000000,0.002824,-0.001949,0.007136,2.111757,0.906189,171.074881,0.000000,0.000000,171.074881,2.111757,0.906189,0.000000,9.806600,0.000000,0.000000,0.000000,0.720000,0.720000,1.610980,0.000000,0.000000,0.000000,0.000000,9.790171,0.000304,-0.000316,0.000160,0.000000,0.000000,0.000000
1788402315718692908,27.038786,-1,-1.022192,0.846912,-3.335663,-1.022192,0.846912,-3.335663,0.000000,0.000000,0.000000,0.000000,0.002874,-0.001880,0.007178,2.111856,0.906354,171.074659,0.000000,0.000000,171.074659,2.111856,0.906354,0.000000,9.806600,0.000000,0.000000,0.000000,0.720000,0.720000,1.610980,0.000000,0.000000,0.000000,0.000000,9.799002,0.000154,0.000361,-0.000170,0.000000,0.000000,0.000000
1788402315751699610,27.071792,-1,-1.022186,0.846901,-3.335602,-1.022186,0.846901,-3.335602,0.000000,0.000000,0.000000,0.000000,0.002890,-0.001911,0.007080,2.112327,0.906241,171.075723,0.000000,0.000000,171.075723,2.112327,0.906241,0.000000,9.806600,0.000000,0.000000,0.000000,0.720000,0.720000,1.610980,0.000000,0.000000,0.000000,0.000000,9.798962,-0.000051,0.000075,-0.000129,0.000000,0.000000,0.000000
1788402315784596939,27.104690,-1,-1.022180,0.846888,-3.335541,-1.022180,0.846888,-3.335541,0.000000,0.000000,0.000000,0.000000,0.002817,-0.001891,0.006973,2.112764,0.906379,171.075324,0.000000,0.000000,171.075324,2.112764,0.906379,0.000000,9.806600,0.000000,0.000000,0.000000,0.720000,0.720000,1.610980,0.000000,0.000000,0.000000,0.000000,9.807934,-0.000234,0.000116,0.000028,0.000000,0.000000,0.000000
1788402315817739398,27.137832,-1,-1.022183,0.846892,-3.335464,-1.022183,0.846892,-3.335464,0.000000,0.000000,0.000000,0.000000,0.002841,-0.002052,0.006934,2.113120,0.907463,171.075175,0.000000,0.000000,171.075175,2.113120,0.907463,0.000000,9.806600,0.000000,0.000000,0.000000,0.720000,0.720000,1.610980,0.000000,0.000000,0.000000,0.000000,9.791127,0.000245,0.000690,0.000262,0.000000,0.000000,0.000000
1788402315850595376,27.170688,-1,-1.022182,0.846869,-3.335419,-1.022182,0.846869,-3.335419,0.000000,0.000000,0.000000,0.000000,0.002829,-0.002063,0.006832,2.113036,0.907986,171.075211,0.000000,0.000000,171.075211,2.113036,0.907986,0.000000,9.806600,0.000000,0.000000,0.000000,0.720000,0.720000,1.610980,0.000000,0.000000,0.000000,0.000000,9.795654,0.000294,0.000036,-0.000023,0.000000,0.000000,0.000000
1788402315883580971,27.203674,-1,-1.022186,0.846832,-3.335388,-1.022186,0.846832,-3.335388,0.000000,0.000000,0.000000,0.000000,0.002652,-0.001968,0.006772,2.113067,0.908477,171.075217,0.000000,0.000000,171.075217,2.113067,0.908477,0.000000,9.806600,0.000000,0.000000,0.000000,0.720000,0.720000,1.610980,0.000000,0.000000,0.000000,0.000000,9.797265,-0.000064,-0.000441,-0.000437,0.000000,0.000000,0.000000
1788402315916550544,27.236643,-1,-1.022193,0.846813,-3.335358,-1.022193,0.846813,-3.335358,0.000000,0.000000,0.000000,0.000000,0.002646,-0.001894,0.006839,2.113026,0.907557,171.074855,0.000000,0.000000,171.074855,2.113026,0.907557,0.000000,9.806600,0.000000,0.000000,0.000000,0.720000,0.720000,1.610980,0.000000,0.000000,0.000000,0.000000,9.794489,-0.000068,-0.000317,-0.000402,0.000000,0.000000,0.000000
1788402315949542311,27.269635,-1,-1.022190,0.846779,-3.335327,-1.022190,0.846779,-3.335327,0.000000,0.000000,0.000000,0.000000,0.002694,-0.001826,0.006917,2.112927,0.907889,171.075324,0.000000,0.000000,171.075324,2.112927,0.907889,0.000000,9.806600,0.000000,0.000000,0.000000,0.720000,0.720000,1.610980,0.000000,0.000000,0.000000,0.000000,9.805120,-0.000157,0.000268,0.000105,0.000000,0.000000,0.000000
1788402315982826124,27.302919,-1,-1.022190,0.846734,-3.335327,-1.022190,0.846734,-3.335327,0.000000,0.000000,0.000000,0.000000,0.002728,-0.001644,0.006978,2.113235,0.908113,171.075784,0.000000,0.000000,171.075784,2.113235,0.908113,0.000000,9.806600,0.000000,0.000000,0.000000,0.720000,0.720000,1.610980,0.000000,0.000000,0.000000,0.000000,9.805443,0.000133,-0.000663,-0.000269,0.000000,0.000000,0.000000
1788402316015543096,27.335636,-1,-1.022198,0.846708,-3.335297,-1.022198,0.846708,-3.335297,0.000000,0.000000,0.000000,0.000000,0.002629,-0.001612,0.006952,2.113033,0.908210,171.076354,0.000000,0.000000,171.076354,2.113033,0.908210,0.000000,9.806600,0.000000,0.000000,0.000000,0.720000,0.720000,1.610980,0.000000,0.000000,0.000000,0.000000,9.799426,0.000058,0.000474,0.000080,0.000000,0.000000,0.000000
1788402316048460991,27.368554,-1,-1.022184,0.846710,-3.335297,-1.022184,0.846710,-3.335297,0.000000,0.000000,0.000000,0.000000,0.002617,-0.001790,0.007054,2.112918,0.907868,171.075433,0.000000,0.000000,171.075433,2.112918,0.907868,0.000000,9.806600,0.000000,0.000000,0.000000,0.720000,0.720000,1.610980,0.000000,0.000000,0.000000,0.000000,9.797212,-0.000131,0.000168,0.000049,0.000000,0.000000,0.000000
1788402316081451258,27.401544,-1,-1.022161,0.846739,-3.335281,-1.022161,0.846739,-3.335281,0.000000,0.000000,0.000000,0.000000,0.002675,-0.001863,0.006924,2.113269,0.907253,171.075457,0.000000,0.000000,171.075457,2.113269,0.907253,0.000000,9.806600,0.000000,0.000000,0.000000,0.720000,0.720000,1.610980,0.000000,0.000000,0.000000,0.000000,9.805476,-0.000132,-0.000328,0.000494,0.000000,0.000000,0.000000
1788402316114441109,27.434534,-1,-1.022156,0.846771,-3.335266,-1.022156,0.846771,-3.335266,0.000000,0.000000,0.000000,0.000000,0.002752,-0.001826,0.006891,2.112967,0.907084,171.075468,0.000000,0.000000,171.075468,2.112967,0.907084,0.000000,9.806600,0.000000,0.000000,0.000000,0.720000,0.720000,1.610980,0.000000,0.000000,0.000000,0.000000,9.817963,-0.001082,-0.000350,0.000330,0.000000,0.000000,0.000000
1788402316147377521,27.467470,-1,-1.022129,0.846771,-3.335251,-1.022129,0.846771,-3.335251,0.000000,0.000000,0.000000,0.000000,0.002750,-0.001899,0.006843,2.112849,0.907487,171.076026,0.000000,0.000000,171.076026,2.112849,0.907487,0.000000,9.806600,0.000000,0.000000,0.000000,0.720000,0.720000,1.610980,0.000000,0.000000,0.000000,0.000000,9.805131,-0.000205,0.000117,-0.000205,0.000000,0.000000,0.000000
1788402316180454104,27.500547,-1,-1.022090,0.846765,-3.335205,-1.022090,0.846765,-3.335205,0.000000,0.000000,0.000000,0.000000,0.002694,-0.001952,0.006626,2.112719,0.907074,171.076045,0.000000,0.000000,171.076045,2.112719,0.907074,0.000000,9.806600,0.000000,0.000000,0.000000,0.720000,0.720000,1.610980,0.000000,0.000000,0.000000,0.000000,9.793376,-0.000253,-0.000346,-0.000159,0.000000,0.000000,0.000000
1788402316213337267,27.533430,-1,-1.022069,0.846771,-3.335159,-1.022069,0.846771,-3.335159,0.000000,0.000000,0.000000,0.000000,0.002600,-0.001996,0.006591,2.112439,0.907044,171.076330,0.000000,0.000000,171.076330,2.112439,0.907044,0.000000,9.806600,0.000000,0.000000,0.000000,0.720000,0.720000,1.610980,0.000000,0.000000,0.000000,0.000000,9.798101,-0.000160,0.000404,0.000319,0.000000,0.000000,0.000000
1788402316246367542,27.566460,-1,-1.022043,0.846759,-3.335129,-1.022043,0.846759,-3.335129,0.000000,0.000000,0.000000,0.000000,0.002484,-0.001909,0.006569,2.112273,0.906784,171.076319,0.000000,0.000000,171.076319,2.112273,0.906784,0.000000,9.806600,0.000000,0.000000,0.000000,0.720000,0.720000,1.610980,0.000000,0.000000,0.000000,0.000000,9.799066,-0.000031,-0.000709,-0.000045,0.000000,0.000000,0.000000
1788402316279287420,27.599380,-1,-1.022043,0.846759,-3.335129,-1.022043,0.846759,-3.335129,0.000000,0.000000,0.000000,0.000000,0.002484,-0.001909,0.006569,2.112273,0.906784,171.076319,0.000000,0.000000,171.076319,2.112273,0.906784,0.000000,9.806600,0.000000,0.000000,0.000000,0.720000,0.720000,1.610980,0.000000,0.000000,0.000000,0.000000,9.801443,-0.000906,-0.000574,-0.000140,0.000000,0.000000,0.000000
1788402316312271131,27.632364,-1,-1.022002,0.846732,-3.335037,-1.022002,0.846732,-3.335037,0.000000,0.000000,0.000000,0.000000,0.002455,-0.001942,0.006580,2.111157,0.906409,171.076194,0.000000,0.000000,171.076194,2.111157,0.906409,0.000000,9.806600,0.000000,0.000000,0.000000,0.720000,0.720000,1.610980,0.000000,0.000000,0.000000,0.000000,9.795816,0.000404,-0.000029,0.000163,0.000000,0.000000,0.000000
1788402316345264149,27.665357,-1,-1.021977,0.846696,-3.335022,-1.021977,0.846696,-3.335022,0.000000,0.000000,0.000000,0.000000,0.002375,-0.002001,0.006692,2.111098,0.906205,171.076825,0.000000,0.000000,171.076825,2.111098,0.906205,0.000000,9.806600,0.000000,0.000000,0.000000,0.720000,0.720000,1.610980,0.000000,0.000000,0.000000,0.000000,9.809211,0.000587,-0.000123,0.000607,0.000000,0.000000,0.000000
1788402316378332481,27.698425,-1,-1.021977,0.846696,-3.335022,-1.021977,0.846696,-3.335022,0.000000,0.000000,0.000000,0.000000,0.002375,-0.002001,0.006692,2.111098,0.906205,171.076825,0.000000,0.000000,171.076825,2.111098,0.906205,0.000000,9.806600,0.000000,0.000000,0.000000,0.720000,0.720000,1.610980,0.000000,0.000000,0.000000,0.000000,9.803926,-0.000028,-0.000013,-0.000177,0.000000,0.000000,0.000000
1788402316411222904,27.731316,-1,-1.021929,0.846611,-3.334976,-1.021929,0.846611,-3.334976,0.000000,0.000000,0.000000,0.000000,0.002345,-0.001864,0.006585,2.111756,0.905624,171.076345,0.000000,0.000000,171.076345,2.111756,0.905624,0.000000,9.806600,0.000000,0.000000,0.000000,0.720000,0.720000,1.610980,0.000000,0.000000,0.000000,0.000000,9.798499,0.000598,-0.000173,0.000030,0.000000,0.000000,0.000000
1788402316444124297,27.764217,-1,-1.021907,0.846589,-3.334991,-1.021907,0.846589,-3.334991,0.000000,0.000000,0.000000,0.000000,0.002212,-0.001886,0.006587,2.111631,0.905599,171.076431,0.000000,0.000000,171.076431,2.111631,0.905599,0.000000,9.806600,0.000000,0.000000,0.000000,0.720000,0.720000,1.610980,0.000000,0.000000,0.000000,0.000000,9.803922,0.000376,0.000155,0.000121,0.000000,0.000000,0.000000
1788402316477265225,27.797358,-1,-1.021907,0.846589,-3.334991,-1.021907,0.846589,-3.334991,0.000000,0.000000,0.000000,0.000000,0.002212,-0.001886,0.006587,2.111631,0.905599,171.076431,0.000000,0.000000,171.076431,2.111631,0.905599,0.000000,9.806600,0.000000,0.000000,0.000000,0.720000,0.720000,1.610980,0.000000,0.000000,0.000000,0.000000,9.795951,0.000068,0.000298,-0.000821,0.000000,0.000000,0.000000
1788402316510245738,27.830338,-1,-1.021885,0.846575,-3.334991,-1.021885,0.846575,-3.334991,0.000000,0.000000,0.000000,0.000000,0.002103,-0.001813,0.006478,2.111624,0.906133,171.075922,0.000000,0.000000,171.075922,2.111624,0.906133,0.000000,9.806600,0.000000,0.000000,0.000000,0.720000,0.720000,1.610980,0.000000,0.000000,0.000000,0.000000,9.804822,0.000100,-0.000334,-0.000391,0.000000,0.000000,0.000000
1788402316543166383,27.863259,-1,-1.021867,0.846572,-3.334930,-1.021867,0.846572,-3.334930,0.000000,0.000000,0.000000,0.000000,0.002117,-0.001825,0.006599,2.112033,0.905607,171.075420,0.000000,0.000000,171.075420,2.112033,0.905607,0.000000,9.806600,0.000000,0.000000,0.000000,0.720000,0.720000,1.610980,0.000000,0.000000,0.000000,0.000000,9.788322,0.000952,-0.000046,-0.000305,0.000000,0.000000,0.000000
1788402316576150574,27.896243,-1,-1.021849,0.846571,-3.334915,-1.021849,0.846571,-3.334915,0.000000,0.000000,0.000000,0.000000,0.002034,-0.001945,0.006547,2.112548,0.904925,171.074685,0.000000,0.000000,171.074685,2.112548,0.904925,0.000000,9.806600,0.000000,0.000000,0.000000,0.720000,0.720000,1.610980,0.000000,0.000000,0.000000,0.000000,9.804062,0.000717,-0.000021,0.000246,0.000000,0.000000,0.000000
1788402316609142664,27.929235,-1,-1.021827,0.846581,-3.334869,-1.021827,0.846581,-3.334869,0.000000,0.000000,0.000000,0.000000,0.001860,-0.001959,0.006562,2.113260,0.904478,171.074111,0.000000,0.000000,171.074111,2.113260,0.904478,0.000000,9.806600,0.000000,0.000000,0.000000,0.720000,0.720000,1.610980,0.000000,0.000000,0.000000,0.000000,9.789144,0.000182,-0.000350,-0.000685,0.000000,0.000000,0.000000
1788402316642182821,27.962275,-1,-1.021814,0.846597,-3.334839,-1.021814,0.846597,-3.334839,0.000000,0.000000,0.000000,0.000000,0.001878,-0.001984,0.006526,2.113514,0.904755,171.073558,0.000000,0.000000,171.073558,2.113514,0.904755,0.000000,9.806600,0.000000,0.000000,0.000000,0.720000,0.720000,1.610980,0.000000,0.000000,0.000000,0.000000,9.792075,-0.000359,-0.000048,-0.000473,0.000000,0.000000,0.000000
1788402316675128635,27.995221,-1,-1.021795,0.846641,-3.334824,-1.021795,0.846641,-3.334824,0.000000,0.000000,0.000000,0.000000,0.001948,-0.002139,0.006595,2.113173,0.905260,171.073717,0.000000,0.000000,171.073717,2.113173,0.905260,0.000000,9.806600,0.000000,0.000000,0.000000,0.720000,0.720000,1.610980,0.000000,0.000000,0.000000,0.000000,9.796662,0.000399,0.000275,0.000074,0.000000,0.000000,0.000000
1788402316708037799,28.028130,-1,-1.021770,0.846727,-3.334778,-1.021770,0.846727,-3.334778,0.000000,0.000000,0.000000,0.000000,0.001931,-0.002257,0.006539,2.113563,0.905529,171.073108,0.000000,0.000000,171.073108,2.113563,0.905529,0.000000,9.806600,0.000000,0.000000,0.000000,0.720000,0.720000,1.610980,0.000000,0.000000,0.000000,0.000000,9.799889,0.000389,-0.000027,-0.000465,0.000000,0.000000,0.000000
1788402316741040986,28.061134,-1,-1.021758,0.846798,-3.334732,-1.021758,0.846798,-3.334732,0.000000,0.000000,0.000000,0.000000,0.001868,-0.002300,0.006530,2.113782,0.905526,171.073129,0.000000,0.000000,171.073129,2.113782,0.905526,0.000000,9.806600,0.000000,0.000000,0.000000,0.720000,0.720000,1.610980,0.000000,0.000000,0.000000,0.000000,9.808346,0.000477,0.000120,0.000017,0.000000,0.000000,0.000000
1788402316774050921,28.094144,-1,-1.021736,0.846879,-3.334717,-1.021736,0.846879,-3.334717,0.000000,0.000000,0.000000,0.000000,0.001901,-0.002369,0.006538,2.113797,0.905872,171.072825,0.000000,0.000000,171.072825,2.113797,0.905872,0.000000,9.806600,0.000000,0.000000,0.000000,0.720000,0.720000,1.610980,0.000000,0.000000,0.000000,0.000000,9.795835,0.000039,0.000010,-0.000521,0.000000,0.000000,0.000000
1788402316806984423,28.127077,-1,-1.021714,0.846969,-3.334702,-1.021714,0.846969,-3.334702,0.000000,0.000000,0.000000,0.000000,0.001893,-0.002505,0.006422,2.114003,0.906090,171.072199,0.000000,0.000000,171.072199,2.114003,0.906090,0.000000,9.806600,0.000000,0.000000,0.000000,0.720000,0.720000,1.610980,0.000000,0.000000,0.000000,0.000000,9.798207,-0.000178,-0.001108,-0.000479,0.000000,0.000000,0.000000
1788402316839961929,28.160055,-1,-1.021695,0.847103,-3.334656,-1.021695,0.847103,-3.334656,0.000000,0.000000,0.000000,0.000000,0.001894,-0.002615,0.006461,2.114646,0.905685,171.072324,0.000000,0.000000,171.072324,2.114646,0.905685,0.000000,9.806600,0.000000,0.000000,0.000000,0.720000,0.720000,1.610980,0.000000,0.000000,0.000000,0.000000,9.793882,0.000355,0.000528,-0.000602,0.000000,0.000000,0.000000
1788402316873068638,28.193161,-1,-1.021669,0.847173,-3.334656,-1.021669,0.847173,-3.334656,0.000000,0.000000,0.000000,0.000000,0.001842,-0.002752,0.006542,2.115741,0.905617,171.072469,0.000000,0.000000,171.072469,2.115741,0.905617,0.000000,9.806600,0.000000,0.000000,0.000000,0.720000,0.720000,1.610980,0.000000,0.000000,0.000000,0.000000,9.799535,-0.000096,-0.000343,-0.000305,0.000000,0.000000,0.000000
1788402316905969232,28.226062,-1,-1.021638,0.847235,-3.334656,-1.021638,0.847235,-3.334656,0.000000,0.000000,0.000000,0.000000,0.001849,-0.002885,0.006440,2.115911,0.905464,171.072113,0.000000,0.000000,171.072113,2.115911,0.905464,0.000000,9.806600,0.000000,0.000000,0.000000,0.720000,0.720000,1.610980,0.000000,0.000000,0.000000,0.000000,9.797700,-0.000042,-0.000682,0.000422,0.000000,0.000000,0.000000
1788402316938915941,28.259009,-1,-1.021609,0.847335,-3.334641,-1.021609,0.847335,-3.334641,0.000000,0.000000,0.000000,0.000000,0.001880,-0.002992,0.006475,2.116327,0.905561,171.072787,0.000000,0.000000,171.072787,2.116327,0.905561,0.000000,9.806600,0.000000,0.000000,0.000000,0.720000,0.720000,1.610980,0.000000,0.000000,0.000000,0.000000,9.805264,-0.000038,0.000621,-0.000408,0.000000,0.000000,0.000000
1788402316971928307,28.292021,-1,-1.021582,0.847372,-3.334625,-1.021582,0.847372,-3.334625,0.000000,0.000000,0.000000,0.000000,0.001785,-0.003051,0.006446,2.116222,0.906352,171.072465,0.000000,0.000000,171.072465,2.116222,0.906352,0.000000,9.806600,0.000000,0.000000,0.000000,0.720000,0.720000,1.610980,0.000000,0.000000,0.000000,0.000000,9.797335,0.000082,-0.000330,-0.000948,0.000000,0.000000,0.000000
1788402317004958867,28.325052,-1,-1.021553,0.847396,-3.334610,-1.021553,0.847396,-3.334610,0.000000,0.000000,0.000000,0.000000,0.001692,-0.003071,0.006458,2.116712,0.906800,171.072348,0.000000,0.000000,171.072348,2.116712,0.906800,0.000000,9.806600,0.000000,0.000000,0.000000,0.720000,0.720000,1.610980,0.000000,0.000000,0.000000,0.000000,9.809872,0.000049,-0.000132,-0.000435,0.000000,0.000000,0.000000
1788402317037951650,28.358044,-1,-1.021522,0.847444,-3.334534,-1.021522,0.847444,-3.334534,0.000000,0.000000,0.000000,0.000000,0.001695,-0.003115,0.006574,2.117014,0.906741,171.072048,0.000000,0.000000,171.072048,2.117014,0.906741,0.000000,9.806600,0.000000,0.000000,0.000000,0.720000,0.720000,1.610980,0.000000,0.000000,0.000000,0.000000,9.813053,0.000715,-0.000178,-0.000138,0.000000,0.000000,0.000000
1788402317070925084,28.391018,-1,-1.021500,0.847452,-3.334457,-1.021500,0.847452,-3.334457,0.000000,0.000000,0.000000,0.000000,0.001729,-0.003191,0.006627,2.117292,0.906242,171.071926,0.000000,0.000000,171.071926,2.117292,0.906242,0.000000,9.806600,0.000000,0.000000,0.000000,0.720000,0.720000,1.610980,0.000000,0.000000,0.000000,0.000000,9.803420,0.000669,-0.000154,0.000109,0.000000,0.000000,0.000000
1788402317103845525,28.423938,-1,-1.021480,0.847451,-3.334381,-1.021480,0.847451,-3.334381,0.000000,0.000000,0.000000,0.000000,0.001702,-0.003105,0.006687,2.118213,0.905852,171.072565,0.000000,0.000000,171.072565,2.118213,0.905852,0.000000,9.806600,0.000000,0.000000,0.000000,0.720000,0.720000,1.610980,0.000000,0.000000,0.000000,0.000000,9.788883,0.000187,-0.000325,-0.000213,0.000000,0.000000,0.000000
1788402317136876205,28.456969,-1,-1.021460,0.847469,-3.334274,-1.021460,0.847469,-3.334274,0.000000,0.000000,0.000000,0.000000,0.001570,-0.003271,0.006726,2.118255,0.905821,171.072577,0.000000,0.000000,171.072577,2.118255,0.905821,0.000000,9.806600,0.000000,0.000000,0.000000,0.720000,0.720000,1.610980,0.000000,0.000000,0.000000,0.000000,9.810244,0.000130,0.000309,-0.000659,0.000000,0.000000,0.000000
1788402317169804482,28.489897,-1,-1.021441,0.847470,-3.334198,-1.021441,0.847470,-3.334198,0.000000,0.000000,0.000000,0.000000,0.001624,-0.003350,0.006734,2.118658,0.906202,171.072510,0.000000,0.000000,171.072510,2.118658,0.906202,0.000000,9.806600,0.000000,0.000000,0.000000,0.720000,0.720000,1.610980,0.000000,0.000000,0.000000,0.000000,9.800540,-0.000098,-0.000328,0.000401,0.000000,0.000000,0.000000
1788402317202748750,28.522841,-1,-1.021424,0.847469,-3.334106,-1.021424,0.847469,-3.334106,0.000000,0.000000,0.000000,0.000000,0.001784,-0.003304,0.006678,2.118579,0.905895,171.072986,0.000000,0.000000,171.072986,2.118579,0.905895,0.000000,9.806600,0.000000,0.000000,0.000000,0.720000,0.720000,1.610980,0.000000,0.000000,0.000000,0.000000,9.809594,-0.000403,0.000101,-0.000191,0.000000,0.000000,0.000000
1788402317235772937,28.555866,-1,-1.021415,0.847480,-3.334015,-1.021415,0.847480,-3.334015,0.000000,0.000000,0.000000,0.000000,0.001719,-0.003293,0.006771,2.118031,0.905144,171.073920,0.000000,0.000000,171.073920,2.118031,0.905144,0.000000,9.806600,0.000000,0.000000,0.000000,0.720000,0.720000,1.610980,0.000000,0.000000,0.000000,0.000000,9.810725,-0.000980,-0.000118,-0.000558,0.000000,0.000000,0.000000
1788402317268750209,28.588843,-1,-1.021387,0.847470,-3.333908,-1.021387,0.847470,-3.333908,0.000000,0.000000,0.000000,0.000000,0.001705,-0.003332,0.006643,2.117694,0.905399,171.073575,0.000000,0.000000,171.073575,2.117694,0.905399,0.000000,9.806600,0.000000,0.000000,0.000000,0.720000,0.720000,1.610980,0.000000,0.000000,0.000000,0.000000,9.802977,-0.000259,0.000141,-0.000056,0.000000,0.000000,0.000000
1788402317301690255,28.621783,-1,-1.021354,0.847444,-3.333832,-1.021354,0.847444,-3.333832,0.000000,0.000000,0.000000,0.000000,0.001536,-0.003183,0.006689,2.118198,0.906117,171.073559,0.000000,0.000000,171.073559,2.118198,0.906117,0.000000,9.806600,0.000000,0.000000,0.000000,0.720000,0.720000,1.610980,0.000000,0.000000,0.000000,0.000000,9.807950,-0.001162,-0.000381,0.000208,0.000000,0.000000,0.000000
1788402317334728802,28.654821,-1,-1.021317,0.847425,-3.333740,-1.021317,0.847425,-3.333740,0.000000,0.000000,0.000000,0.000000,0.001549,-0.003140,0.006656,2.117389,0.905730,171.073245,0.000000,0.000000,171.073245,2.117389,0.905730,0.000000,9.806600,0.000000,0.000000,0.000000,0.720000,0.720000,1.610980,0.000000,0.000000,0.000000,0.000000,9.803402,-0.000309,-0.000671,-0.000167,0.000000,0.000000,0.000000
1788402317367666450,28.687759,-1,-1.021283,0.847398,-3.333664,-1.021283,0.847398,-3.333664,0.000000,0.000000,0.000000,0.000000,0.001584,-0.003189,0.006839,2.116834,0.904987,171.074144,0.000000,0.000000,171.074144,2.116834,0.904987,0.000000,9.806600,0.000000,0.000000,0.000000,0.720000,0.720000,1.610980,0.000000,0.000000,0.000000,0.000000,9.800636,-0.000282,0.000332,-0.000180,0.000000,0.000000,0.000000
1788402317400640267,28.720733,-1,-1.021248,0.847370,-3.333603,-1.021248,0.847370,-3.333603,0.000000,0.000000,0.000000,0.000000,0.001543,-0.003141,0.006745,2.116201,0.905025,171.074521,0.000000,0.000000,171.074521,2.116201,0.905025,0.000000,9.806600,0.000000,0.000000,0.000000,0.720000,0.720000,1.610980,0.000000,0.000000,0.000000,0.000000,9.795327,0.000314,0.000584,-0.000820,0.000000,0.000000,0.000000
1788402317433664615,28.753757,-1,-1.021215,0.847354,-3.333511,-1.021215,0.847354,-3.333511,0.000000,0.000000,0.000000,0.000000,0.001565,-0.003191,0.006635,2.116754,0.905240,171.074083,0.000000,0.000000,171.074083,2.116754,0.905240,0.000000,9.806600,0.000000,0.000000,0.000000,0.720000,0.720000,1.610980,0.000000,0.000000,0.000000,0.000000,9.802822,0.000263,0.000469,0.000014,0.000000,0.000000,0.000000
1788402317466635491,28.786728,-1,-1.021186,0.847315,-3.333466,-1.021186,0.847315,-3.333466,0.000000,0.000000,0.000000,0.000000,0.001614,-0.003100,0.006717,2.116817,0.907003,171.073912,0.000000,0.000000,171.073912,2.116817,0.907003,0.000000,9.806600,0.000000,0.000000,0.000000,0.720000,0.720000,1.610980,0.000000,0.000000,0.000000,0.000000,9.804942,0.000871,0.000507,-0.000326,0.000000,0.000000,0.000000
1788402317499605311,28.819698,-1,-1.021159,0.847273,-3.333389,-1.021159,0.847273,-3.333389,0.000000,0.000000,0.000000,0.000000,0.001687,-0.003277,0.006771,2.117254,0.907487,171.074069,0.000000,0.000000,171.074069,2.117254,0.907487,0.000000,9.806600,0.000000,0.000000,0.000000,0.720000,0.720000,1.610980,0.000000,0.000000,0.000000,0.000000,9.798692,0.000237,-0.000460,-0.000823,0.000000,0.000000,0.000000
1788402317532610438,28.852703,-1,-1.021139,0.847245,-3.333298,-1.021139,0.847245,-3.333298,0.000000,0.000000,0.000000,0.000000,0.001603,-0.003126,0.006844,2.117308,0.907439,171.074475,0.000000,0.000000,171.074475,2.117308,0.907439,0.000000,9.806600,0.000000,0.000000,0.000000,0.720000,0.720000,1.610980,0.000000,0.000000,0.000000,0.000000,9.796760,-0.000672,-0.000634,0.000079,0.000000,0.000000,0.000000
1788402317565552819,28.885645,-1,-1.021114,0.847185,-3.333221,-1.021114,0.847185,-3.333221,0.000000,0.000000,0.000000,0.000000,0.001444,-0.003013,0.006888,2.116745,0.906439,171.074470,0.000000,0.000000,171.074470,2.116745,0.906439,0.000000,9.806600,0.000000,0.000000,0.000000,0.720000,0.720000,1.610980,0.000000,0.000000,0.000000,0.000000,9.799779,0.000607,-0.000078,-0.000507,0.000000,0.000000,0.000000
1788402317598478409,28.918571,-1,-1.021099,0.847128,-3.333176,-1.021099,0.847128,-3.333176,0.000000,0.000000,0.000000,0.000000,0.001467,-0.002950,0.006814,2.116930,0.906192,171.074467,0.000000,0.000000,171.074467,2.116930,0.906192,0.000000,9.806600,0.000000,0.000000,0.000000,0.720000,0.720000,1.610980,0.000000,0.000000,0.000000,0.000000,9.792012,0.000308,0.000228,-0.000508,0.000000,0.000000,0.000000
1788402317631528821,28.951621,-1,-1.021086,0.847072,-3.333115,-1.021086,0.847072,-3.333115,0.000000,0.000000,0.000000,0.000000,0.001405,-0.002882,0.006675,2.117467,0.905995,171.074876,0.000000,0.000000,171.074876,2.117467,0.905995,0.000000,9.806600,0.000000,0.000000,0.000000,0.720000,0.720000,1.610980,0.000000,0.000000,0.000000,0.000000,9.802422,-0.000112,0.000601,-0.000159,0.000000,0.000000,0.000000
1788402317664476766,28.984569,-1,-1.021088,0.847049,-3.333099,-1.021088,0.847049,-3.333099,0.000000,0.000000,0.000000,0.000000,0.001470,-0.002823,0.006662,2.117915,0.907192,171.075009,0.000000,0.000000,171.075009,2.117915,0.907192,0.000000,9.806600,0.000000,0.000000,0.000000,0.720000,0.720000,1.610980,0.000000,0.000000,0.000000,0.000000,9.805648,0.000524,0.000453,-0.000394,0.000000,0.000000,0.000000
1788402317697471883,29.017565,-1,-1.021099,0.847037,-3.333099,-1.021099,0.847037,-3.333099,0.000000,0.000000,0.000000,0.000000,0.001533,-0.002663,0.006541,2.118553,0.908043,171.074638,0.000000,0.000000,171.074638,2.118553,0.908043,0.000000,9.806600,0.000000,0.000000,0.000000,0.720000,0.720000,1.610980,0.000000,0.000000,0.000000,0.000000,9.805900,-0.000385,-0.000136,-0.000787,0.000000,0.000000,0.000000
1788402317730466105,29.050559,-1,-1.021112,0.847034,-3.333099,-1.021112,0.847034,-3.333099,0.000000,0.000000,0.000000,0.000000,0.001524,-0.002650,0.006732,2.118273,0.907870,171.074687,0.000000,0.000000,171.074687,2.118273,0.907870,0.000000,9.806600,0.000000,0.000000,0.000000,0.720000,0.720000,1.610980,0.000000,0.000000,0.000000,0.000000,9.812552,-0.000276,-0.000514,0.000121,0.000000,0.000000,0.000000
1788402317763602642,29.083695,-1,-1.021127,0.847022,-3.333099,-1.021127,0.847022,-3.333099,0.000000,0.000000,0.000000,0.000000,0.001499,-0.002760,0.006972,2.118085,0.906812,171.074840,0.000000,0.000000,171.074840,2.118085,0.906812,0.000000,9.806600,0.000000,0.000000,0.000000,0.720000,0.720000,1.610980,0.000000,0.000000,0.000000,0.000000,9.801934,0.000279,-0.000220,-0.000405,0.000000,0.000000,0.000000
1788402317796373221,29.116466,-1,-1.021137,0.847009,-3.333069,-1.021137,0.847009,-3.333069,0.000000,0.000000,0.000000,0.000000,0.001491,-0.002847,0.006981,2.118286,0.906596,171.074668,0.000000,0.000000,171.074668,2.118286,0.906596,0.000000,9.806600,0.000000,0.000000,0.000000,0.720000,0.720000,1.610980,0.000000,0.000000,0.000000,0.000000,9.798347,-0.000936,-0.000084,-0.000299,0.000000,0.000000,0.000000
1788402317829367954,29.149461,-1,-1.021150,0.847011,-3.333038,-1.021150,0.847011,-3.333038,0.000000,0.000000,0.000000,0.000000,0.001578,-0.002959,0.007029,2.116762,0.906654,171.074095,0.000000,0.000000,171.074095,2.116762,0.906654,0.000000,9.806600,0.000000,0.000000,0.000000,0.720000,0.720000,1.610980,0.000000,0.000000,0.000000,0.000000,9.790211,0.000801,0.000459,-0.000144,0.000000,0.000000,0.000000
1788402317862390095,29.182483,-1,-1.021156,0.847009,-3.332962,-1.021156,0.847009,-3.332962,0.000000,0.000000,0.000000,0.000000,0.001626,-0.002844,0.006956,2.116847,0.907027,171.074643,0.000000,0.000000,171.074643,2.116847,0.907027,0.000000,9.806600,0.000000,0.000000,0.000000,0.720000,0.720000,1.610980,0.000000,0.000000,0.000000,0.000000,9.807952,-0.000072,0.000712,-0.000460,0.000000,0.000000,0.000000
1788402317895661431,29.215754,-1,-1.021151,0.847007,-3.332886,-1.021151,0.847007,-3.332886,0.000000,0.000000,0.000000,0.000000,0.001581,-0.002895,0.006951,2.116709,0.907511,171.074682,0.000000,0.000000,171.074682,2.116709,0.907511,0.000000,9.806600,0.000000,0.000000,0.000000,0.720000,0.720000,1.610980,0.000000,0.000000,0.000000,0.000000,9.800701,0.000218,-0.000278,0.000373,0.000000,0.000000,0.000000
1788402317928400573,29.248493,-1,-1.021150,0.847016,-3.332794,-1.021150,0.847016,-3.332794,0.000000,0.000000,0.000000,0.000000,0.001623,-0.002905,0.007028,2.116517,0.907781,171.074397,0.000000,0.000000,171.074397,2.116517,0.907781,0.000000,9.806600,0.000000,0.000000,0.000000,0.720000,0.720000,1.610980,0.000000,0.000000,0.000000,0.000000,9.799383,-0.000622,-0.000566,0.000219,0.000000,0.000000,0.000000
1788402317961323190,29.281416,-1,-1.021129,0.847044,-3.332672,-1.021129,0.847044,-3.332672,0.000000,0.000000,0.000000,0.000000,0.001566,-0.002905,0.006894,2.116579,0.907697,171.074522,0.000000,0.000000,171.074522,2.116579,0.907697,0.000000,9.806600,0.000000,0.000000,0.000000,0.720000,0.720000,1.610980,0.000000,0.000000,0.000000,0.000000,9.799290,0.000091,-0.000639,-0.000013,0.000000,0.000000,0.000000
1788402317994338647,29.314431,-1,-1.021111,0.847075,-3.332550,-1.021111,0.847075,-3.332550,0.000000,0.000000,0.000000,0.000000,0.001481,-0.002998,0.006860,2.116762,0.907012,171.074600,0.000000,0.000000,171.074600,2.116762,0.907012,0.000000,9.806600,0.000000,0.000000,0.000000,0.720000,0.720000,1.610980,0.000000,0.000000,0.000000,0.000000,9.801986,0.000220,-0.000516,0.000421,0.000000,0.000000,0.000000
1788402318027296421,29.347389,-1,-1.021099,0.847117,-3.332413,-1.021099,0.847117,-3.332413,0.000000,0.000000,0.000000,0.000000,0.001579,-0.002944,0.006780,2.116903,0.906910,171.074922,0.000000,0.000000,171.074922,2.116903,0.906910,0.000000,9.806600,0.000000,0.000000,0.000000,0.720000,0.720000,1.610980,0.000000,0.000000,0.000000,0.000000,9.793390,0.000263,0.000426,-0.000231,0.000000,0.000000,0.000000
1788402318060244373,29.380337,-1,-1.021085,0.847168,-3.332275,-1.021085,0.847168,-3.332275,0.000000,0.000000,0.000000,0.000000,0.001540,-0.002954,0.006692,2.117456,0.907827,171.075064,0.000000,0.000000,171.075064,2.117456,0.907827,0.000000,9.806600,0.000000,0.000000,0.000000,0.720000,0.720000,1.610980,0.000000,0.000000,0.000000,0.000000,9.802927,-0.000154,0.000987,-0.000651,0.000000,0.000000,0.000000
1788402318093264891,29.413358,-1,-1.021078,0.847212,-3.332169,-1.021078,0.847212,-3.332169,0.000000,0.000000,0.000000,0.000000,0.001567,-0.002844,0.006716,2.117445,0.909072,171.074903,0.000000,0.000000,171.074903,2.117445,0.909072,0.000000,9.806600,0.000000,0.000000,0.000000,0.720000,0.720000,1.610980,0.000000,0.000000,0.000000,0.000000,9.798973,-0.000162,0.000604,-0.000043,0.000000,0.000000,0.000000
1788402318126222630,29.446315,-1,-1.021080,0.847263,-3.332062,-1.021080,0.847263,-3.332062,0.000000,0.000000,0.000000,0.000000,0.001748,-0.002912,0.006721,2.117316,0.909213,171.074545,0.000000,0.000000,171.074545,2.117316,0.909213,0.000000,9.806600,0.000000,0.000000,0.000000,0.720000,0.720000,1.610980,0.000000,0.000000,0.000000,0.000000,9.797386,-0.000603,-0.000905,0.000145,0.000000,0.000000,0.000000
1788402318159147620,29.479240,-1,-1.021084,0.847358,-3.331909,-1.021084,0.847358,-3.331909,0.000000,0.000000,0.000000,0.000000,0.001639,-0.003120,0.006712,2.117221,0.909177,171.073467,0.000000,0.000000,171.073467,2.117221,0.909177,0.000000,9.806600,0.000000,0.000000,0.000000,0.720000,0.720000,1.610980,0.000000,0.000000,0.000000,0.000000,9.802420,0.000375,-0.000390,-0.000482,0.000000,0.000000,0.000000
1788402318192236673,29.512329,-1,-1.021087,0.847446,-3.331787,-1.021087,0.847446,-3.331787,0.000000,0.000000,0.000000,0.000000,0.001692,-0.003106,0.006741,2.117756,0.908804,171.073347,0.000000,0.000000,171.073347,2.117756,0.908804,0.000000,9.806600,0.000000,0.000000,0.000000,0.720000,0.720000,1.610980,0.000000,0.000000,0.000000,0.000000,9.810753,0.000998,0.000442,0.000300,0.000000,0.000000,0.000000
1788402318225190030,29.545283,-1,-1.021095,0.847543,-3.331665,-1.021095,0.847543,-3.331665,0.000000,0.000000,0.000000,0.000000,0.001722,-0.003287,0.006835,2.118955,0.909542,171.073631,0.000000,0.000000,171.073631,2.118955,0.909542,0.000000,9.806600,0.000000,0.000000,0.000000,0.720000,0.720000,1.610980,0.000000,0.000000,0.000000,0.000000,9.800406,0.000245,-0.000093,0.000153,0.000000,0.000000,0.000000
1788402318258131427,29.578224,-1,-1.021108,0.847610,-3.331528,-1.021108,0.847610,-3.331528,0.000000,0.000000,0.000000,0.000000,0.001773,-0.003286,0.006850,2.119678,0.908908,171.074040,0.000000,0.000000,171.074040,2.119678,0.908908,0.000000,9.806600,0.000000,0.000000,0.000000,0.720000,0.720000,1.610980,0.000000,0.000000,0.000000,0.000000,9.802787,-0.000009,-0.000176,-0.000648,0.000000,0.000000,0.000000
1788402318291241907,29.611335,-1,-1.021122,0.847655,-3.331436,-1.021122,0.847655,-3.331436,0.000000,0.000000,0.000000,0.000000,0.001755,-0.003305,0.006935,2.120060,0.908546,171.073896,0.000000,0.000000,171.073896,2.120060,0.908546,0.000000,9.806600,0.000000,0.000000,0.000000,0.720000,0.720000,1.610980,0.000000,0.000000,0.000000,0.000000,9.803310,-0.000551,-0.000474,0.000057,0.000000,0.000000,0.000000
1788402318324117103,29.644210,-1,-1.021138,0.847709,-3.331345,-1.021138,0.847709,-3.331345,0.000000,0.000000,0.000000,0.000000,0.001771,-0.003299,0.006873,2.119720,0.908686,171.073844,0.000000,0.000000,171.073844,2.119720,0.908686,0.000000,9.806600,0.000000,0.000000,0.000000,0.720000,0.720000,1.610980,0.000000,0.000000,0.000000,0.000000,9.794825,0.000194,0.000271,-0.000429,0.000000,0.000000,0.000000
1788402318357101738,29.677194,-1,-1.021110,0.847804,-3.331253,-1.021110,0.847804,-3.331253,0.000000,0.000000,0.000000,0.000000,0.001748,-0.003488,0.006821,2.119874,0.908946,171.072927,0.000000,0.000000,171.072927,2.119874,0.908946,0.000000,9.806600,0.000000,0.000000,0.000000,0.720000,0.720000,1.610980,0.000000,0.000000,0.000000,0.000000,9.803691,-0.000050,-0.000820,-0.001077,0.000000,0.000000,0.000000
1788402318390085061,29.710178,-1,-1.021084,0.847887,-3.331177,-1.021084,0.847887,-3.331177,0.000000,0.000000,0.000000,0.000000,0.001785,-0.003447,0.006858,2.119936,0.909203,171.071667,0.000000,0.000000,171.071667,2.119936,0.909203,0.000000,9.806600,0.000000,0.000000,0.000000,0.720000,0.720000,1.610980,0.000000,0.000000,0.000000,0.000000,9.795423,-0.000152,0.000051,-0.000790,0.000000,0.000000,0.000000
1788402318423044399,29.743137,-1,-1.021065,0.847977,-3.331177,-1.021065,0.847977,-3.331177,0.000000,0.000000,0.000000,0.000000,0.001771,-0.003559,0.006829,2.120033,0.909310,171.071340,0.000000,0.000000,171.071340,2.120033,0.909310,0.000000,9.806600,0.000000,0.000000,0.000000,0.720000,0.720000,1.610980,0.000000,0.000000,0.000000,0.000000,9.798545,0.000471,0.000306,-0.000676,0.000000,0.000000,0.000000
1788402318456110458,29.776203,-1,-1.021005,0.848074,-3.331146,-1.021005,0.848074,-3.331146,0.000000,0.000000,0.000000,0.000000,0.001728,-0.003743,0.006770,2.121146,0.909629,171.071001,0.000000,0.000000,171.071001,2.121146,0.909629,0.000000,9.806600,0.000000,0.000000,0.000000,0.720000,0.720000,1.610980,0.000000,0.000000,0.000000,0.000000,9.800314,0.000408,-0.000420,-0.000382,0.000000,0.000000,0.000000
1788402318489065414,29.809158,-1,-1.020957,0.848152,-3.331100,-1.020957,0.848152,-3.331100,0.000000,0.000000,0.000000,0.000000,0.001725,-0.003899,0.006672,2.120808,0.909426,171.071039,0.000000,0.000000,171.071039,2.120808,0.909426,0.000000,9.806600,0.000000,0.000000,0.000000,0.720000,0.720000,1.610980,0.000000,0.000000,0.000000,0.000000,9.794999,0.000275,-0.000535,0.000445,0.000000,0.000000,0.000000
1788402318521948925,29.842042,-1,-1.020918,0.848240,-3.331039,-1.020918,0.848240,-3.331039,0.000000,0.000000,0.000000,0.000000,0.001731,-0.003853,0.006643,2.121072,0.908412,171.071375,0.000000,0.000000,171.071375,2.121072,0.908412,0.000000,9.806600,0.000000,0.000000,0.000000,0.720000,0.720000,1.610980,0.000000,0.000000,0.000000,0.000000,9.805307,0.000151,-0.000432,-0.000205,0.000000,0.000000,0.000000
1788402318554985273,29.875078,-1,-1.020831,0.848317,-3.330963,-1.020831,0.848317,-3.330963,0.000000,0.000000,0.000000,0.000000,0.001644,-0.003870,0.006860,2.121374,0.908751,171.071206,0.000000,0.000000,171.071206,2.121374,0.908751,0.000000,9.806600,0.000000,0.000000,0.000000,0.720000,0.720000,1.610980,0.000000,0.000000,0.000000,0.000000,9.802162,0.000608,-0.000289,-0.000410,0.000000,0.000000,0.000000
1788402318587984012,29.908077,-1,-1.020767,0.848375,-3.330933,-1.020767,0.848375,-3.330933,0.000000,0.000000,0.000000,0.000000,0.001689,-0.003933,0.006801,2.121668,0.907848,171.071090,0.000000,0.000000,171.071090,2.121668,0.907848,0.000000,9.806600,0.000000,0.000000,0.000000,0.720000,0.720000,1.610980,0.000000,0.000000,0.000000,0.000000,9.796961,0.000700,0.000366,-0.000435,0.000000,0.000000,0.000000
1788402318620924193,29.941017,-1,-1.020713,0.848443,-3.330872,-1.020713,0.848443,-3.330872,0.000000,0.000000,0.000000,0.000000,0.001636,-0.003912,0.006924,2.122278,0.907922,171.071824,0.000000,0.000000,171.071824,2.122278,0.907922,0.000000,9.806600,0.000000,0.000000,0.000000,0.720000,0.720000,1.610980,0.000000,0.000000,0.000000,0.000000,9.816426,0.000099,-0.000416,-0.000417,0.000000,0.000000,0.000000
1788402318653921844,29.974015,-1,-1.020655,0.848522,-3.330811,-1.020655,0.848522,-3.330811,0.000000,0.000000,0.000000,0.000000,0.001692,-0.004026,0.007152,2.122527,0.907281,171.071152,0.000000,0.000000,171.071152,2.122527,0.907281,0.000000,9.806600,0.000000,0.000000,0.000000,0.720000,0.720000,1.610980,0.000000,0.000000,0.000000,0.000000,9.810003,0.000322,0.000108,-0.000080,0.000000,0.000000,0.000000
1788402318686910317,30.007003,-1,-1.020568,0.848648,-3.330765,-1.020568,0.848648,-3.330765,0.000000,0.000000,0.000000,0.000000,0.001743,-0.004045,0.007141,2.122603,0.907109,171.071516,0.000000,0.000000,171.071516,2.122603,0.907109,0.000000,9.806600,0.000000,0.000000,0.000000,0.720000,0.720000,1.610980,0.000000,0.000000,0.000000,0.000000,9.800564,0.000398,0.000634,-0.000245,0.000000,0.000000,0.000000
1788402318719876786,30.039969,-1,-1.020516,0.848754,-3.330688,-1.020516,0.848754,-3.330688,0.000000,0.000000,0.000000,0.000000,0.001829,-0.004152,0.007077,2.123118,0.907888,171.072580,0.000000,0.000000,171.072580,2.123118,0.907888,0.000000,9.806600,0.000000,0.000000,0.000000,0.720000,0.720000,1.610980,0.000000,0.000000,0.000000,0.000000,9.800549,0.000131,0.000483,0.000294,0.000000,0.000000,0.000000
1788402318752870504,30.072963,-1,-1.020422,0.848915,-3.330643,-1.020422,0.848915,-3.330643,0.000000,0.000000,0.000000,0.000000,0.001759,-0.004206,0.007145,2.123562,0.908023,171.073246,0.000000,0.000000,171.073246,2.123562,0.908023,0.000000,9.806600,0.000000,0.000000,0.000000,0.720000,0.720000,1.610980,0.000000,0.000000,0.000000,0.000000,9.806130,0.000098,0.000240,-0.000251,0.000000,0.000000,0.000000
1788402318785861439,30.105954,-1,-1.020354,0.849045,-3.330612,-1.020354,0.849045,-3.330612,0.000000,0.000000,0.000000,0.000000,0.001794,-0.004223,0.007202,2.123496,0.909117,171.073671,0.000000,0.000000,171.073671,2.123496,0.909117,0.000000,9.806600,0.000000,0.000000,0.000000,0.720000,0.720000,1.610980,0.000000,0.000000,0.000000,0.000000,9.797171,0.000165,0.000074,-0.000173,0.000000,0.000000,0.000000
1788402318818812494,30.138905,-1,-1.020296,0.849182,-3.330551,-1.020296,0.849182,-3.330551,0.000000,0.000000,0.000000,0.000000,0.001793,-0.004365,0.007248,2.124223,0.909230,171.073883,0.000000,0.000000,171.073883,2.124223,0.909230,0.000000,9.806600,0.000000,0.000000,0.000000,0.720000,0.720000,1.610980,0.000000,0.000000,0.000000,0.000000,9.797879,0.000271,-0.000412,-0.000062,0.000000,0.000000,0.000000
1788402318851801446,30.171894,-1,-1.020197,0.849394,-3.330521,-1.020197,0.849394,-3.330521,0.000000,0.000000,0.000000,0.000000,0.001725,-0.004746,0.007201,2.124548,0.909521,171.074173,0.000000,0.000000,171.074173,2.124548,0.909521,0.000000,9.806600,0.000000,0.000000,0.000000,0.720000,0.720000,1.610980,0.000000,0.000000,0.000000,0.000000,9.796730,0.000147,0.000275,0.000467,0.000000,0.000000,0.000000
1788402318884787840,30.204881,-1,-1.020126,0.849567,-3.330475,-1.020126,0.849567,-3.330475,0.000000,0.000000,0.000000,0.000000,0.001859,-0.004809,0.007329,2.124365,0.909291,171.074853,0.000000,0.000000,171.074853,2.124365,0.909291,0.000000,9.806600,0.000000,0.000000,0.000000,0.720000,0.720000,1.610980,0.000000,0.000000,0.000000,0.000000,9.813395,-0.000654,0.000577,0.000114,0.000000,0.000000,0.000000
1788402318917765822,30.237858,-1,-1.020068,0.849750,-3.330429,-1.020068,0.849750,-3.330429,0.000000,0.000000,0.000000,0.000000,0.001898,-0.005046,0.007272,2.124763,0.910158,171.075235,0.000000,0.000000,171.075235,2.124763,0.910158,0.000000,9.806600,0.000000,0.000000,0.000000,0.720000,0.720000,1.610980,0.000000,0.000000,0.000000,0.000000,9.806998,0.000230,0.000528,-0.000284,0.000000,0.000000,0.000000
1788402318950748698,30.270841,-1,-1.019989,0.849921,-3.330383,-1.019989,0.849921,-3.330383,0.000000,0.000000,0.000000,0.000000,0.001934,-0.005154,0.007310,2.125047,0.911441,171.075715,0.000000,0.000000,171.075715,2.125047,0.911441,0.000000,9.806600,0.000000,0.000000,0.000000,0.720000,0.720000,1.610980,0.000000,0.000000,0.000000,0.000000,9.800104,-0.000048,0.000050,-0.000153,0.000000,0.000000,0.000000
1788402318983717407,30.303810,-1,-1.019880,0.850148,-3.330353,-1.019880,0.850148,-3.330353,0.000000,0.000000,0.000000,0.000000,0.001906,-0.005359,0.007209,2.126181,0.911534,171.075568,0.000000,0.000000,171.075568,2.126181,0.911534,0.000000,9.806600,0.000000,0.000000,0.000000,0.720000,0.720000,1.610980,0.000000,0.000000,0.000000,0.000000,9.789931,0.000101,-0.000409,-0.000473,0.000000,0.000000,0.000000
1788402319016664310,30.336757,-1,-1.019811,0.850328,-3.330307,-1.019811,0.850328,-3.330307,0.000000,0.000000,0.000000,0.000000,0.001844,-0.005351,0.007298,2.127018,0.910322,171.075034,0.000000,0.000000,171.075034,2.127018,0.910322,0.000000,9.806600,0.000000,0.000000,0.000000,0.720000,0.720000,1.610980,0.000000,0.000000,0.000000,0.000000,9.805964,0.000550,-0.000915,-0.000584,0.000000,0.000000,0.000000
1788402319049684247,30.369777,-1,-1.019724,0.850456,-3.330307,-1.019724,0.850456,-3.330307,0.000000,0.000000,0.000000,0.000000,0.002046,-0.005309,0.007279,2.127514,0.909742,171.075173,0.000000,0.000000,171.075173,2.127514,0.909742,0.000000,9.806600,0.000000,0.000000,0.000000,0.720000,0.720000,1.610980,0.000000,0.000000,0.000000,0.000000,9.794681,-0.000067,-0.000328,0.000144,0.000000,0.000000,0.000000
1788402319082658707,30.402751,-1,-1.019611,0.850610,-3.330261,-1.019611,0.850610,-3.330261,0.000000,0.000000,0.000000,0.000000,0.002064,-0.005466,0.007123,2.128207,0.909313,171.074950,0.000000,0.000000,171.074950,2.128207,0.909313,0.000000,9.806600,0.000000,0.000000,0.000000,0.720000,0.720000,1.610980,0.000000,0.000000,0.000000,0.000000,9.788946,-0.000122,0.000224,-0.000856,0.000000,0.000000,0.000000
1788402319115639755,30.435732,-1,-1.019540,0.850739,-3.330170,-1.019540,0.850739,-3.330170,0.000000,0.000000,0.000000,0.000000,0.002058,-0.005508,0.007256,2.127969,0.909431,171.073475,0.000000,0.000000,171.073475,2.127969,0.909431,0.000000,9.806600,0.000000,0.000000,0.000000,0.720000,0.720000,1.610980,0.000000,0.000000,0.000000,0.000000,9.805980,0.000270,0.000172,-0.000929,0.000000,0.000000,0.000000
1788402319148643925,30.468737,-1,-1.019461,0.850861,-3.330109,-1.019461,0.850861,-3.330109,0.000000,0.000000,0.000000,0.000000,0.001864,-0.005606,0.007316,2.129202,0.909452,171.072917,0.000000,0.000000,171.072917,2.129202,0.909452,0.000000,9.806600,0.000000,0.000000,0.000000,0.720000,0.720000,1.610980,0.000000,0.000000,0.000000,0.000000,9.787904,0.000079,-0.000378,0.000056,0.000000,0.000000,0.000000
1788402319181644802,30.501737,-1,-1.019356,0.851034,-3.330032,-1.019356,0.851034,-3.330032,0.000000,0.000000,0.000000,0.000000,0.001684,-0.005764,0.007303,2.129315,0.909107,171.073139,0.000000,0.000000,171.073139,2.129315,0.909107,0.000000,9.806600,0.000000,0.000000,0.000000,0.720000,0.720000,1.610980,0.000000,0.000000,0.000000,0.000000,9.808016,-0.000685,-0.001042,0.000173,0.000000,0.000000,0.000000
1788402319214579413,30.534672,-1,-1.019289,0.851174,-3.329941,-1.019289,0.851174,-3.329941,0.000000,0.000000,0.000000,0.000000,0.001818,-0.005731,0.007296,2.128675,0.907618,171.073513,0.000000,0.000000,171.073513,2.128675,0.907618,0.000000,9.806600,0.000000,0.000000,0.000000,0.720000,0.720000,1.610980,0.000000,0.000000,0.000000,0.000000,9.798926,-0.000052,-0.000538,0.000347,0.000000,0.000000,0.000000
1788402319249323077,30.569416,-1,-1.019289,0.851174,-3.329941,-1.019289,0.851174,-3.329941,0.000000,0.000000,0.000000,0.000000,0.001818,-0.005731,0.007296,2.128675,0.907618,171.073513,0.000000,0.000000,171.073513,2.128675,0.907618,0.000000,9.806600,0.000000,0.000000,0.000000,0.720000,0.720000,1.610980,0.000000,0.000000,0.000000,0.000000,9.801838,-0.000378,-0.000306,-0.000339,0.000000,0.000000,0.000000
1788402319280565847,30.600659,-1,-1.019137,0.851384,-3.329849,-1.019137,0.851384,-3.329849,0.000000,0.000000,0.000000,0.000000,0.001861,-0.006059,0.007125,2.128024,0.908420,171.071988,0.000000,0.000000,171.071988,2.128024,0.908420,0.000000,9.806600,0.000000,0.000000,0.000000,0.720000,0.720000,1.610980,0.000000,0.000000,0.000000,0.000000,9.785897,0.000137,0.000787,-0.000656,0.000000,0.000000,0.000000
1788402319313523133,30.633616,-1,-1.019082,0.851489,-3.329803,-1.019082,0.851489,-3.329803,0.000000,0.000000,0.000000,0.000000,0.001812,-0.006241,0.007079,2.128423,0.908796,171.071698,0.000000,0.000000,171.071698,2.128423,0.908796,0.000000,9.806600,0.000000,0.000000,0.000000,0.720000,0.720000,1.610980,0.000000,0.000000,0.000000,0.000000,9.790486,0.000380,0.000068,-0.000293,0.000000,0.000000,0.000000
1788402319346508178,30.666601,-1,-1.019004,0.851548,-3.329803,-1.019004,0.851548,-3.329803,0.000000,0.000000,0.000000,0.000000,0.001649,-0.006262,0.007122,2.128724,0.908724,171.070774,0.000000,0.000000,171.070774,2.128724,0.908724,0.000000,9.806600,0.000000,0.000000,0.000000,0.720000,0.720000,1.610980,0.000000,0.000000,0.000000,0.000000,9.799520,0.000401,-0.000895,-0.001101,0.000000,0.000000,0.000000
1788402319379486828,30.699580,-1,-1.018896,0.851608,-3.329803,-1.018896,0.851608,-3.329803,0.000000,0.000000,0.000000,0.000000,0.001628,-0.006219,0.007020,2.128543,0.908138,171.070902,0.000000,0.000000,171.070902,2.128543,0.908138,0.000000,9.806600,0.000000,0.000000,0.000000,0.720000,0.720000,1.610980,0.000000,0.000000,0.000000,0.000000,9.794733,-0.000416,-0.000606,0.000866,0.000000,0.000000,0.000000
1788402319412450158,30.732543,-1,-1.018830,0.851673,-3.329788,-1.018830,0.851673,-3.329788,0.000000,0.000000,0.000000,0.000000,0.001741,-0.006309,0.007012,2.128131,0.907385,171.071043,0.000000,0.000000,171.071043,2.128131,0.907385,0.000000,9.806600,0.000000,0.000000,0.000000,0.720000,0.720000,1.610980,0.000000,0.000000,0.000000,0.000000,9.796897,0.000048,-0.000250,-0.000211,0.000000,0.000000,0.000000
1788402319445456183,30.765549,-1,-1.018772,0.851739,-3.329773,-1.018772,0.851739,-3.329773,0.000000,0.000000,0.000000,0.000000,0.001865,-0.006239,0.006913,2.128004,0.907321,171.071424,0.000000,0.000000,171.071424,2.128004,0.907321,0.000000,9.806600,0.000000,0.000000,0.000000,0.720000,0.720000,1.610980,0.000000,0.000000,0.000000,0.000000,9.808995,-0.000305,0.000292,-0.000108,0.000000,0.000000,0.000000
1788402319478429748,30.798522,-1,-1.018706,0.851845,-3.329758,-1.018706,0.851845,-3.329758,0.000000,0.000000,0.000000,0.000000,0.001764,-0.006450,0.006831,2.128044,0.907869,171.071193,0.000000,0.000000,171.071193,2.128044,0.907869,0.000000,9.806600,0.000000,0.000000,0.000000,0.720000,0.720000,1.610980,0.000000,0.000000,0.000000,0.000000,9.809483,0.000302,0.000483,-0.000520,0.000000,0.000000,0.000000
1788402319511411116,30.831504,-1,-1.018663,0.851941,-3.329742,-1.018663,0.851941,-3.329742,0.000000,0.000000,0.000000,0.000000,0.001705,-0.006371,0.006889,2.127442,0.907838,171.071682,0.000000,0.000000,171.071682,2.127442,0.907838,0.000000,9.806600,0.000000,0.000000,0.000000,0.720000,0.720000,1.610980,0.000000,0.000000,0.000000,0.000000,9.804683,-0.000260,-0.000110,0.000083,0.000000,0.000000,0.000000
1788402319544283715,30.864376,-1,-1.018613,0.852033,-3.329727,-1.018613,0.852033,-3.329727,0.000000,0.000000,0.000000,0.000000,0.001713,-0.006419,0.006959,2.127025,0.906727,171.072557,0.000000,0.000000,171.072557,2.127025,0.906727,0.000000,9.806600,0.000000,0.000000,0.000000,0.720000,0.720000,1.610980,0.000000,0.000000,0.000000,0.000000,9.806183,0.000392,-0.000690,0.000032,0.000000,0.000000,0.000000
1788402319577349194,30.897442,-1,-1.018552,0.852169,-3.329666,-1.018552,0.852169,-3.329666,0.000000,0.000000,0.000000,0.000000,0.001831,-0.006479,0.006806,2.126524,0.906139,171.072294,0.000000,0.000000,171.072294,2.126524,0.906139,0.000000,9.806600,0.000000,0.000000,0.000000,0.720000,0.720000,1.610980,0.000000,0.000000,0.000000,0.000000,9.792375,0.000214,-0.000031,-0.000599,0.000000,0.000000,0.000000
1788402319610237176,30.930330,-1,-1.018518,0.852291,-3.329636,-1.018518,0.852291,-3.329636,0.000000,0.000000,0.000000,0.000000,0.001882,-0.006674,0.006797,2.126922,0.906167,171.072242,0.000000,0.000000,171.072242,2.126922,0.906167,0.000000,9.806600,0.000000,0.000000,0.000000,0.720000,0.720000,1.610980,0.000000,0.000000,0.000000,0.000000,9.806574,-0.000010,0.000031,-0.000275,0.000000,0.000000,0.000000
1788402319643240227,30.963333,-1,-1.018467,0.852355,-3.329681,-1.018467,0.852355,-3.329681,0.000000,0.000000,0.000000,0.000000,0.001908,-0.006637,0.006587,2.127886,0.907347,171.072754,0.000000,0.000000,171.072754,2.127886,0.907347,0.000000,9.806600,0.000000,0.000000,0.000000,0.720000,0.720000,1.610980,0.000000,0.000000,0.000000,0.000000,9.796298,0.000367,0.000984,0.000035,0.000000,0.000000,0.000000
1788402319676312070,30.996405,-1,-1.018467,0.852355,-3.329681,-1.018467,0.852355,-3.329681,0.000000,0.000000,0.000000,0.000000,0.001908,-0.006637,0.006587,2.127886,0.907347,171.072754,0.000000,0.000000,171.072754,2.127886,0.907347,0.000000,9.806600,0.000000,0.000000,0.000000,0.720000,0.720000,1.610980,0.000000,0.000000,0.000000,0.000000,9.792953,-0.000071,-0.000134,0.000162,0.000000,0.000000,0.000000
1788402319709294206,31.029387,-1,-1.018393,0.852423,-3.329803,-1.018393,0.852423,-3.329803,0.000000,0.000000,0.000000,0.000000,0.001811,-0.006692,0.006432,2.127822,0.907609,171.073193,0.000000,0.000000,171.073193,2.127822,0.907609,0.000000,9.806600,0.000000,0.000000,0.000000,0.720000,0.720000,1.610980,0.000000,0.000000,0.000000,0.000000,9.802094,-0.000206,0.000612,-0.000108,0.000000,0.000000,0.000000
1788402319742328470,31.062421,-1,-1.018346,0.852494,-3.329865,-1.018346,0.852494,-3.329865,0.000000,0.000000,0.000000,0.000000,0.001743,-0.006687,0.006526,2.127133,0.908234,171.072924,0.000000,0.000000,171.072924,2.127133,0.908234,0.000000,9.806600,0.000000,0.000000,0.000000,0.720000,0.720000,1.610980,0.000000,0.000000,0.000000,0.000000,9.804082,0.000310,-0.000814,0.000471,0.000000,0.000000,0.000000
1788402319775278273,31.095371,-1,-1.018290,0.852504,-3.329926,-1.018290,0.852504,-3.329926,0.000000,0.000000,0.000000,0.000000,0.001755,-0.006791,0.006648,2.127438,0.907114,171.074111,0.000000,0.000000,171.074111,2.127438,0.907114,0.000000,9.806600,0.000000,0.000000,0.000000,0.720000,0.720000,1.610980,0.000000,0.000000,0.000000,0.000000,9.795392,-0.000631,-0.000283,0.000670,0.000000,0.000000,0.000000
1788402319808245025,31.128338,-1,-1.018222,0.852501,-3.330017,-1.018222,0.852501,-3.330017,0.000000,0.000000,0.000000,0.000000,0.001769,-0.006777,0.006411,2.126933,0.906773,171.074899,0.000000,0.000000,171.074899,2.126933,0.906773,0.000000,9.806600,0.000000,0.000000,0.000000,0.720000,0.720000,1.610980,0.000000,0.000000,0.000000,0.000000,9.799343,-0.000262,0.000727,-0.000243,0.000000,0.000000,0.000000
1788402319841326750,31.161419,-1,-1.018180,0.852526,-3.330032,-1.018180,0.852526,-3.330032,0.000000,0.000000,0.000000,0.000000,0.001839,-0.006786,0.006383,2.126381,0.907973,171.074951,0.000000,0.000000,171.074951,2.126381,0.907973,0.000000,9.806600,0.000000,0.000000,0.000000,0.720000,0.720000,1.610980,0.000000,0.000000,0.000000,0.000000,9.804815,-0.000056,0.000628,-0.000008,0.000000,0.000000,0.000000
1788402319874216076,31.194309,-1,-1.018136,0.852578,-3.330078,-1.018136,0.852578,-3.330078,0.000000,0.000000,0.000000,0.000000,0.001915,-0.006890,0.006408,2.126848,0.908930,171.075434,0.000000,0.000000,171.075434,2.126848,0.908930,0.000000,9.806600,0.000000,0.000000,0.000000,0.720000,0.720000,1.610980,0.000000,0.000000,0.000000,0.000000,9.804096,0.000505,0.000826,-0.000733,0.000000,0.000000,0.000000
1788402319907156700,31.227249,-1,-1.018093,0.852656,-3.330124,-1.018093,0.852656,-3.330124,0.000000,0.000000,0.000000,0.000000,0.001935,-0.006963,0.006537,2.126817,0.909323,171.075470,0.000000,0.000000,171.075470,2.126817,0.909323,0.000000,9.806600,0.000000,0.000000,0.000000,0.720000,0.720000,1.610980,0.000000,0.000000,0.000000,0.000000,9.799340,0.000678,-0.000168,-0.000057,0.000000,0.000000,0.000000
1788402319940139858,31.260233,-1,-1.018047,0.852785,-3.330124,-1.018047,0.852785,-3.330124,0.000000,0.000000,0.000000,0.000000,0.001817,-0.006994,0.006457,2.126842,0.909022,171.075999,0.000000,0.000000,171.075999,2.126842,0.909022,0.000000,9.806600,0.000000,0.000000,0.000000,0.720000,0.720000,1.610980,0.000000,0.000000,0.000000,0.000000,9.798860,0.000099,-0.000190,0.000185,0.000000,0.000000,0.000000
1788402319973155254,31.293248,-1,-1.018008,0.852859,-3.330139,-1.018008,0.852859,-3.330139,0.000000,0.000000,0.000000,0.000000,0.001902,-0.007124,0.006273,2.126642,0.908117,171.076655,0.000000,0.000000,171.076655,2.126642,0.908117,0.000000,9.806600,0.000000,0.000000,0.000000,0.720000,0.720000,1.610980,0.000000,0.000000,0.000000,0.000000,9.800711,0.000761,0.000516,-0.000282,0.000000,0.000000,0.000000
1788402320006140150,31.326233,-1,-1.017962,0.852967,-3.330170,-1.017962,0.852967,-3.330170,0.000000,0.000000,0.000000,0.000000,0.001963,-0.007328,0.006383,2.127334,0.908273,171.076287,0.000000,0.000000,171.076287,2.127334,0.908273,0.000000,9.806600,0.000000,0.000000,0.000000,0.720000,0.720000,1.610980,0.000000,0.000000,0.000000,0.000000,9.808746,0.000355,0.000375,0.000274,0.000000,0.000000,0.000000
1788402320039089935,31.359183,-1,-1.017939,0.853072,-3.330139,-1.017939,0.853072,-3.330139,0.000000,0.000000,0.000000,0.000000,0.002093,-0.007403,0.006453,2.127625,0.908609,171.076633,0.000000,0.000000,171.076633,2.127625,0.908609,0.000000,9.806600,0.000000,0.000000,0.000000,0.720000,0.720000,1.610980,0.000000,0.000000,0.000000,0.000000,9.799788,0.000011,-0.000313,-0.000150,0.000000,0.000000,0.000000
1788402320072069751,31.392162,-1,-1.017904,0.853105,-3.330109,-1.017904,0.853105,-3.330109,0.000000,0.000000,0.000000,0.000000,0.002115,-0.007252,0.006503,2.128064,0.909166,171.076657,0.000000,0.000000,171.076657,2.128064,0.909166,0.000000,9.806600,0.000000,0.000000,0.000000,0.720000,0.720000,1.610980,0.000000,0.000000,0.000000,0.000000,9.796078,0.000084,0.000119,-0.000378,0.000000,0.000000,0.000000
1788402320105047616,31.425140,-1,-1.017853,0.853126,-3.330078,-1.017853,0.853126,-3.330078,0.000000,0.000000,0.000000,0.000000,0.002071,-0.007396,0.006483,2.127913,0.909180,171.076482,0.000000,0.000000,171.076482,2.127913,0.909180,0.000000,9.806600,0.000000,0.000000,0.000000,0.720000,0.720000,1.610980,0.000000,0.000000,0.000000,0.000000,9.792096,-0.000076,-0.000392,-0.001054,0.000000,0.000000,0.000000
1788402320138041760,31.458134,-1,-1.017825,0.853172,-3.330048,-1.017825,0.853172,-3.330048,0.000000,0.000000,0.000000,0.000000,0.002150,-0.007571,0.006531,2.127806,0.907947,171.075066,0.000000,0.000000,171.075066,2.127806,0.907947,0.000000,9.806600,0.000000,0.000000,0.000000,0.720000,0.720000,1.610980,0.000000,0.000000,0.000000,0.000000,9.810143,0.000429,0.000234,-0.000411,0.000000,0.000000,0.000000
1788402320171057907,31.491151,-1,-1.017789,0.853148,-3.330063,-1.017789,0.853148,-3.330063,0.000000,0.000000,0.000000,0.000000,0.002158,-0.007721,0.006548,2.127443,0.907895,171.074907,0.000000,0.000000,171.074907,2.127443,0.907895,0.000000,9.806600,0.000000,0.000000,0.000000,0.720000,0.720000,1.610980,0.000000,0.000000,0.000000,0.000000,9.793612,0.000017,0.000303,-0.000145,0.000000,0.000000,0.000000
1788402320203984218,31.524077,-1,-1.017755,0.853106,-3.330093,-1.017755,0.853106,-3.330093,0.000000,0.000000,0.000000,0.000000,0.002255,-0.007691,0.006448,2.127487,0.908252,171.074691,0.000000,0.000000,171.074691,2.127487,0.908252,0.000000,9.806600,0.000000,0.000000,0.000000,0.720000,0.720000,1.610980,0.000000,0.000000,0.000000,0.000000,9.797869,0.000475,0.000532,-0.000061,0.000000,0.000000,0.000000
1788402320236968768,31.557061,-1,-1.017722,0.853088,-3.330124,-1.017722,0.853088,-3.330124,0.000000,0.000000,0.000000,0.000000,0.002255,-0.007660,0.006516,2.128060,0.908838,171.074044,0.000000,0.000000,171.074044,2.128060,0.908838,0.000000,9.806600,0.000000,0.000000,0.000000,0.720000,0.720000,1.610980,0.000000,0.000000,0.000000,0.000000,9.786228,0.000092,-0.000333,0.000177,0.000000,0.000000,0.000000
1788402320269967740,31.590060,-1,-1.017676,0.853036,-3.330154,-1.017676,0.853036,-3.330154,0.000000,0.000000,0.000000,0.000000,0.002160,-0.007745,0.006426,2.128687,0.909824,171.074236,0.000000,0.000000,171.074236,2.128687,0.909824,0.000000,9.806600,0.000000,0.000000,0.000000,0.720000,0.720000,1.610980,0.000000,0.000000,0.000000,0.000000,9.809903,0.000732,0.000660,-0.000373,0.000000,0.000000,0.000000
1788402320302961053,31.623054,-1,-1.017605,0.852964,-3.330185,-1.017605,0.852964,-3.330185,0.000000,0.000000,0.000000,0.000000,0.002076,-0.007751,0.006383,2.128599,0.909514,171.073881,0.000000,0.000000,171.073881,2.128599,0.909514,0.000000,9.806600,0.000000,0.000000,0.000000,0.720000,0.720000,1.610980,0.000000,0.000000,0.000000,0.000000,9.804609,0.000204,-0.000705,-0.000279,0.000000,0.000000,0.000000
1788402320335934281,31.656027,-1,-1.017563,0.852942,-3.330200,-1.017563,0.852942,-3.330200,0.000000,0.000000,0.000000,0.000000,0.002216,-0.007713,0.006444,2.128764,0.909493,171.073789,0.000000,0.000000,171.073789,2.128764,0.909493,0.000000,9.806600,0.000000,0.000000,0.000000,0.720000,0.720000,1.610980,0.000000,0.000000,0.000000,0.000000,9.791311,0.000805,-0.000064,0.000175,0.000000,0.000000,0.000000
1788402320368879269,31.688972,-1,-1.017511,0.852887,-3.330231,-1.017511,0.852887,-3.330231,0.000000,0.000000,0.000000,0.000000,0.002237,-0.007719,0.006253,2.129093,0.908969,171.073240,0.000000,0.000000,171.073240,2.129093,0.908969,0.000000,9.806600,0.000000,0.000000,0.000000,0.720000,0.720000,1.610980,0.000000,0.000000,0.000000,0.000000,9.811493,-0.000028,0.000259,0.000238,0.000000,0.000000,0.000000
1788402320401875236,31.721968,-1,-1.017460,0.852830,-3.330246,-1.017460,0.852830,-3.330246,0.000000,0.000000,0.000000,0.000000,0.002254,-0.007616,0.006303,2.128514,0.908903,171.073558,0.000000,0.000000,171.073558,2.128514,0.908903,0.000000,9.806600,0.000000,0.000000,0.000000,0.720000,0.720000,1.610980,0.000000,0.000000,0.000000,0.000000,9.798130,0.000418,-0.000066,0.000411,0.000000,0.000000,0.000000
1788402320434858793,31.754951,-1,-1.017406,0.852792,-3.330231,-1.017406,0.852792,-3.330231,0.000000,0.000000,0.000000,0.000000,0.002233,-0.007521,0.006386,2.129295,0.908702,171.074812,0.000000,0.000000,171.074812,2.129295,0.908702,0.000000,9.806600,0.000000,0.000000,0.000000,0.720000,0.720000,1.610980,0.000000,0.000000,0.000000,0.000000,9.799813,-0.000465,0.000510,-0.000497,0.000000,0.000000,0.000000
1788402320467880313,31.787973,-1,-1.017350,0.852756,-3.330261,-1.017350,0.852756,-3.330261,0.000000,0.000000,0.000000,0.000000,0.002291,-0.007535,0.006339,2.129002,0.908902,171.074601,0.000000,0.000000,171.074601,2.129002,0.908902,0.000000,9.806600,0.000000,0.000000,0.000000,0.720000,0.720000,1.610980,0.000000,0.000000,0.000000,0.000000,9.800488,0.000071,-0.000412,-0.001194,0.000000,0.000000,0.000000
1788402320500854309,31.820947,-1,-1.017289,0.852731,-3.330276,-1.017289,0.852731,-3.330276,0.000000,0.000000,0.000000,0.000000,0.002210,-0.007595,0.006278,2.128937,0.908334,171.073893,0.000000,0.000000,171.073893,2.128937,0.908334,0.000000,9.806600,0.000000,0.000000,0.000000,0.720000,0.720000,1.610980,0.000000,0.000000,0.000000,0.000000,9.787410,0.000274,0.000054,-0.000163,0.000000,0.000000,0.000000
1788402320533795939,31.853889,-1,-1.017216,0.852738,-3.330261,-1.017216,0.852738,-3.330261,0.000000,0.000000,0.000000,0.000000,0.001951,-0.007559,0.006244,2.129449,0.908544,171.073892,0.000000,0.000000,171.073892,2.129449,0.908544,0.000000,9.806600,0.000000,0.000000,0.000000,0.720000,0.720000,1.610980,0.000000,0.000000,0.000000,0.000000,9.805946,-0.000413,0.000666,-0.000794,0.000000,0.000000,0.000000
1788402320566810039,31.886903,-1,-1.017138,0.852731,-3.330231,-1.017138,0.852731,-3.330231,0.000000,0.000000,0.000000,0.000000,0.001859,-0.007618,0.006328,2.128598,0.908852,171.073244,0.000000,0.000000,171.073244,2.128598,0.908852,0.000000,9.806600,0.000000,0.000000,0.000000,0.720000,0.720000,1.610980,0.000000,0.000000,0.000000,0.000000,9.799400,-0.000835,0.000112,0.000192,0.000000,0.000000,0.000000
1788402320599771242,31.919864,-1,-1.017054,0.852732,-3.330231,-1.017054,0.852732,-3.330231,0.000000,0.000000,0.000000,0.000000,0.001931,-0.007592,0.006351,2.127945,0.908702,171.073595,0.000000,0.000000,171.073595,2.127945,0.908702,0.000000,9.806600,0.000000,0.000000,0.000000,0.720000,0.720000,1.610980,0.000000,0.000000,0.000000,0.000000,9.806391,-0.000177,-0.000166,0.000025,0.000000,0.000000,0.000000
1788402320632820394,31.952913,-1,-1.016962,0.852765,-3.330215,-1.016962,0.852765,-3.330215,0.000000,0.000000,0.000000,0.000000,0.001882,-0.007490,0.006394,2.128154,0.908560,171.073689,0.000000,0.000000,171.073689,2.128154,0.908560,0.000000,9.806600,0.000000,0.000000,0.000000,0.720000,0.720000,1.610980,0.000000,0.000000,0.000000,0.000000,9.795899,0.000616,0.000329,-0.000367,0.000000,0.000000,0.000000
1788402320665750735,31.985843,-1,-1.016879,0.852777,-3.330200,-1.016879,0.852777,-3.330200,0.000000,0.000000,0.000000,0.000000,0.001930,-0.007504,0.006340,2.127808,0.908746,171.073714,0.000000,0.000000,171.073714,2.127808,0.908746,0.000000,9.806600,0.000000,0.000000,0.000000,0.720000,0.720000,1.610980,0.000000,0.000000,0.000000,0.000000,9.797423,-0.000579,0.000112,-0.000797,0.000000,0.000000,0.000000
1788402320698713409,32.018806,-1,-1.016795,0.852793,-3.330170,-1.016795,0.852793,-3.330170,0.000000,0.000000,0.000000,0.000000,0.001875,-0.007501,0.006225,2.127740,0.908881,171.073049,0.000000,0.000000,171.073049,2.127740,0.908881,0.000000,9.806600,0.000000,0.000000,0.000000,0.720000,0.720000,1.610980,0.000000,0.000000,0.000000,0.000000,9.802406,0.000542,-0.000324,-0.000280,0.000000,0.000000,0.000000
1788402320731693736,32.051786,-1,-1.016700,0.852849,-3.330078,-1.016700,0.852849,-3.330078,0.000000,0.000000,0.000000,0.000000,0.001856,-0.007479,0.006369,2.127427,0.909090,171.072447,0.000000,0.000000,171.072447,2.127427,0.909090,0.000000,9.806600,0.000000,0.000000,0.000000,0.720000,0.720000,1.610980,0.000000,0.000000,0.000000,0.000000,9.816184,-0.000155,-0.000253,-0.000414,0.000000,0.000000,0.000000
1788402320764711323,32.084804,-1,-1.016618,0.852836,-3.329971,-1.016618,0.852836,-3.329971,0.000000,0.000000,0.000000,0.000000,0.001848,-0.007368,0.006394,2.127705,0.908998,171.071927,0.000000,0.000000,171.071927,2.127705,0.908998,0.000000,9.806600,0.000000,0.000000,0.000000,0.720000,0.720000,1.610980,0.000000,0.000000,0.000000,0.000000,9.815332,-0.000270,-0.001271,0.000031,0.000000,0.000000,0.000000
1788402320797661748,32.117754,-1,-1.016539,0.852811,-3.329849,-1.016539,0.852811,-3.329849,0.000000,0.000000,0.000000,0.000000,0.002010,-0.007364,0.006546,2.127602,0.908273,171.071725,0.000000,0.000000,171.071725,2.127602,0.908273,0.000000,9.806600,0.000000,0.000000,0.000000,0.720000,0.720000,1.610980,0.000000,0.000000,0.000000,0.000000,9.788428,0.000282,-0.000660,0.000042,0.000000,0.000000,0.000000
1788402320830653493,32.150746,-1,-1.016452,0.852815,-3.329666,-1.016452,0.852815,-3.329666,0.000000,0.000000,0.000000,0.000000,0.001828,-0.007318,0.006457,2.127687,0.907580,171.072321,0.000000,0.000000,171.072321,2.127687,0.907580,0.000000,9.806600,0.000000,0.000000,0.000000,0.720000,0.720000,1.610980,0.000000,0.000000,0.000000,0.000000,9.795502,-0.000169,0.000315,0.000572,0.000000,0.000000,0.000000
1788402320863667497,32.183760,-1,-1.016379,0.852795,-3.329544,-1.016379,0.852795,-3.329544,0.000000,0.000000,0.000000,0.000000,0.001748,-0.007372,0.006413,2.127402,0.908766,171.073677,0.000000,0.000000,171.073677,2.127402,0.908766,0.000000,9.806600,0.000000,0.000000,0.000000,0.720000,0.720000,1.610980,0.000000,0.000000,0.000000,0.000000,9.800070,0.000395,-0.000087,-0.000732,0.000000,0.000000,0.000000
1788402320896648944,32.216742,-1,-1.016308,0.852778,-3.329453,-1.016308,0.852778,-3.329453,0.000000,0.000000,0.000000,0.000000,0.001780,-0.007352,0.006490,2.128303,0.907911,171.073240,0.000000,0.000000,171.073240,2.128303,0.907911,0.000000,9.806600,0.000000,0.000000,0.000000,0.720000,0.720000,1.610980,0.000000,0.000000,0.000000,0.000000,9.799216,-0.000166,-0.000731,0.000473,0.000000,0.000000,0.000000
1788402320929604071,32.249697,-1,-1.016230,0.852792,-3.329346,-1.016230,0.852792,-3.329346,0.000000,0.000000,0.000000,0.000000,0.001737,-0.007284,0.006556,2.127854,0.907209,171.073602,0.000000,0.000000,171.073602,2.127854,0.907209,0.000000,9.806600,0.000000,0.000000,0.000000,0.720000,0.720000,1.610980,0.000000,0.000000,0.000000,0.000000,9.800117,-0.000204,-0.000846,0.000505,0.000000,0.000000,0.000000
1788402320962747824,32.282840,-1,-1.016163,0.852764,-3.329346,-1.016163,0.852764,-3.329346,0.000000,0.000000,0.000000,0.000000,0.001698,-0.007252,0.006465,2.127761,0.906175,171.074602,0.000000,0.000000,171.074602,2.127761,0.906175,0.000000,9.806600,0.000000,0.000000,0.000000,0.720000,0.720000,1.610980,0.000000,0.000000,0.000000,0.000000,9.792625,0.000701,0.000106,-0.000465,0.000000,0.000000,0.000000
1788402320995526764,32.315619,-1,-1.016096,0.852731,-3.329361,-1.016096,0.852731,-3.329361,0.000000,0.000000,0.000000,0.000000,0.001642,-0.007206,0.006389,2.128039,0.906140,171.074274,0.000000,0.000000,171.074274,2.128039,0.906140,0.000000,9.806600,0.000000,0.000000,0.000000,0.720000,0.720000,1.610980,0.000000,0.000000,0.000000,0.000000,9.791481,0.000291,-0.000651,-0.000239,0.000000,0.000000,0.000000
1788402321028556720,32.348649,-1,-1.016022,0.852724,-3.329346,-1.016022,0.852724,-3.329346,0.000000,0.000000,0.000000,0.000000,0.001646,-0.007248,0.006397,2.128280,0.905808,171.074176,0.000000,0.000000,171.074176,2.128280,0.905808,0.000000,9.806600,0.000000,0.000000,0.000000,0.720000,0.720000,1.610980,0.000000,0.000000,0.000000,0.000000,9.799710,0.000400,0.000629,-0.000169,0.000000,0.000000,0.000000
1788402321061529792,32.381622,-1,-1.015964,0.852712,-3.329361,-1.015964,0.852712,-3.329361,0.000000,0.000000,0.000000,0.000000,0.001651,-0.007224,0.006367,2.128361,0.906254,171.074522,0.000000,0.000000,171.074522,2.128361,0.906254,0.000000,9.806600,0.000000,0.000000,0.000000,0.720000,0.720000,1.610980,0.000000,0.000000,0.000000,0.000000,9.806831,0.000592,-0.000493,-0.000309,0.000000,0.000000,0.000000
1788402321094615696,32.414708,-1,-1.015909,0.852706,-3.329376,-1.015909,0.852706,-3.329376,0.000000,0.000000,0.000000,0.000000,0.001562,-0.007142,0.006308,2.128773,0.906040,171.074464,0.000000,0.000000,171.074464,2.128773,0.906040,0.000000,9.806600,0.000000,0.000000,0.000000,0.720000,0.720000,1.610980,0.000000,0.000000,0.000000,0.000000,9.806831,0.000592,-0.000493,-0.000309,0.000000,0.000000,0.000000
1788402321127478367,32.447571,-1,-1.015858,0.852721,-3.329376,-1.015858,0.852721,-3.329376,0.000000,0.000000,0.000000,0.000000,0.001504,-0.007137,0.006264,2.128182,0.905575,171.075499,0.000000,0.000000,171.075499,2.128182,0.905575,0.000000,9.806600,0.000000,0.000000,0.000000,0.720000,0.720000,1.610980,0.000000,0.000000,0.000000,0.000000,9.798439,-0.000207,0.000664,0.000201,0.000000,0.000000,0.000000
1788402321160459691,32.480552,-1,-1.015789,0.852702,-3.329407,-1.015789,0.852702,-3.329407,0.000000,0.000000,0.000000,0.000000,0.001493,-0.007172,0.006155,2.128162,0.905480,171.076113,0.000000,0.000000,171.076113,2.128162,0.905480,0.000000,9.806600,0.000000,0.000000,0.000000,0.720000,0.720000,1.610980,0.000000,0.000000,0.000000,0.000000,9.796859,-0.000105,-0.000007,-0.000699,0.000000,0.000000,0.000000
1788402321193469542,32.513562,-1,-1.015739,0.852663,-3.329453,-1.015739,0.852663,-3.329453,0.000000,0.000000,0.000000,0.000000,0.001588,-0.007199,0.006126,2.127800,0.905971,171.075486,0.000000,0.000000,171.075486,2.127800,0.905971,0.000000,9.806600,0.000000,0.000000,0.000000,0.720000,0.720000,1.610980,0.000000,0.000000,0.000000,0.000000,9.811300,0.000052,0.000614,-0.000516,0.000000,0.000000,0.000000
1788402321226416773,32.546509,-1,-1.015686,0.852651,-3.329483,-1.015686,0.852651,-3.329483,0.000000,0.000000,0.000000,0.000000,0.001483,-0.007070,0.006212,2.128157,0.906302,171.075390,0.000000,0.000000,171.075390,2.128157,0.906302,0.000000,9.806600,0.000000,0.000000,0.000000,0.720000,0.720000,1.610980,0.000000,0.000000,0.000000,0.000000,9.796752,-0.000396,0.000441,-0.000089,0.000000,0.000000,0.000000
1788402321259349357,32.579442,-1,-1.015654,0.852591,-3.329468,-1.015654,0.852591,-3.329468,0.000000,0.000000,0.000000,0.000000,0.001333,-0.007028,0.006285,2.127617,0.906762,171.075251,0.000000,0.000000,171.075251,2.127617,0.906762,0.000000,9.806600,0.000000,0.000000,0.000000,0.720000,0.720000,1.610980,0.000000,0.000000,0.000000,0.000000,9.797663,0.000324,-0.000325,0.000196,0.000000,0.000000,0.000000
1788402321292438586,32.612531,-1,-1.015628,0.852523,-3.329407,-1.015628,0.852523,-3.329407,0.000000,0.000000,0.000000,0.000000,0.001267,-0.006914,0.006308,2.127856,0.906672,171.075652,0.000000,0.000000,171.075652,2.127856,0.906672,0.000000,9.806600,0.000000,0.000000,0.000000,0.720000,0.720000,1.610980,0.000000,0.000000,0.000000,0.000000,9.808024,0.000719,-0.000716,0.000182,0.000000,0.000000,0.000000
1788402321325377055,32.645470,-1,-1.015606,0.852480,-3.329330,-1.015606,0.852480,-3.329330,0.000000,0.000000,0.000000,0.000000,0.001244,-0.006846,0.006422,2.128001,0.905897,171.075946,0.000000,0.000000,171.075946,2.128001,0.905897,0.000000,9.806600,0.000000,0.000000,0.000000,0.720000,0.720000,1.610980,0.000000,0.000000,0.000000,0.000000,9.792463,-0.000058,-0.000828,-0.000394,0.000000,0.000000,0.000000
1788402321358303914,32.678397,-1,-1.015576,0.852394,-3.329269,-1.015576,0.852394,-3.329269,0.000000,0.000000,0.000000,0.000000,0.001196,-0.006850,0.006388,2.127601,0.906305,171.076003,0.000000,0.000000,171.076003,2.127601,0.906305,0.000000,9.806600,0.000000,0.000000,0.000000,0.720000,0.720000,1.610980,0.000000,0.000000,0.000000,0.000000,9.789619,-0.000329,0.000081,0.000426,0.000000,0.000000,0.000000
1788402321391341141,32.711434,-1,-1.015552,0.852312,-3.329224,-1.015552,0.852312,-3.329224,0.000000,0.000000,0.000000,0.000000,0.001073,-0.006813,0.006293,2.127963,0.906645,171.076159,0.000000,0.000000,171.076159,2.127963,0.906645,0.000000,9.806600,0.000000,0.000000,0.000000,0.720000,0.720000,1.610980,0.000000,0.000000,0.000000,0.000000,9.796695,0.000312,0.000324,-0.000884,0.000000,0.000000,0.000000
1788402321424272285,32.744365,-1,-1.015528,0.852260,-3.329178,-1.015528,0.852260,-3.329178,0.000000,0.000000,0.000000,0.000000,0.000951,-0.006880,0.006292,2.127306,0.906289,171.075408,0.000000,0.000000,171.075408,2.127306,0.906289,0.000000,9.806600,0.000000,0.000000,0.000000,0.720000,0.720000,1.610980,0.000000,0.000000,0.000000,0.000000,9.796954,-0.000291,-0.000067,-0.000302,0.000000,0.000000,0.000000
1788402321457271423,32.777364,-1,-1.015483,0.852164,-3.329132,-1.015483,0.852164,-3.329132,0.000000,0.000000,0.000000,0.000000,0.000993,-0.006916,0.006236,2.127167,0.905527,171.075236,0.000000,0.000000,171.075236,2.127167,0.905527,0.000000,9.806600,0.000000,0.000000,0.000000,0.720000,0.720000,1.610980,0.000000,0.000000,0.000000,0.000000,9.799758,0.000309,-0.000493,-0.001007,0.000000,0.000000,0.000000
1788402321490248205,32.810341,-1,-1.015442,0.852080,-3.329086,-1.015442,0.852080,-3.329086,0.000000,0.000000,0.000000,0.000000,0.001014,-0.006809,0.006176,2.127169,0.905022,171.074369,0.000000,0.000000,171.074369,2.127169,0.905022,0.000000,9.806600,0.000000,0.000000,0.000000,0.720000,0.720000,1.610980,0.000000,0.000000,0.000000,0.000000,9.799161,0.000506,-0.000336,-0.000163,0.000000,0.000000,0.000000
1788402321523250189,32.843343,-1,-1.015396,0.852005,-3.329010,-1.015396,0.852005,-3.329010,0.000000,0.000000,0.000000,0.000000,0.000996,-0.006576,0.006165,2.127169,0.905374,171.073939,0.000000,0.000000,171.073939,2.127169,0.905374,0.000000,9.806600,0.000000,0.000000,0.000000,0.720000,0.720000,1.610980,0.000000,0.000000,0.000000,0.000000,9.801695,-0.000375,0.000492,0.000200,0.000000,0.000000,0.000000
1788402321556215425,32.876308,-1,-1.015356,0.851925,-3.328949,-1.015356,0.851925,-3.328949,0.000000,0.000000,0.000000,0.000000,0.001021,-0.006515,0.006162,2.126160,0.905448,171.073867,0.000000,0.000000,171.073867,2.126160,0.905448,0.000000,9.806600,0.000000,0.000000,0.000000,0.720000,0.720000,1.610980,0.000000,0.000000,0.000000,0.000000,9.808950,-0.000609,-0.000584,-0.000616,0.000000,0.000000,0.000000
1788402321589225373,32.909318,-1,-1.015316,0.851851,-3.328888,-1.015316,0.851851,-3.328888,0.000000,0.000000,0.000000,0.000000,0.001055,-0.006670,0.006322,2.125471,0.904862,171.073303,0.000000,0.000000,171.073303,2.125471,0.904862,0.000000,9.806600,0.000000,0.000000,0.000000,0.720000,0.720000,1.610980,0.000000,0.000000,0.000000,0.000000,9.802945,0.000296,0.000472,-0.000265,0.000000,0.000000,0.000000
1788402321622204809,32.942297,-1,-1.015283,0.851807,-3.328812,-1.015283,0.851807,-3.328812,0.000000,0.000000,0.000000,0.000000,0.001108,-0.006607,0.006258,2.125175,0.905179,171.072955,0.000000,0.000000,171.072955,2.125175,0.905179,0.000000,9.806600,0.000000,0.000000,0.000000,0.720000,0.720000,1.610980,0.000000,0.000000,0.000000,0.000000,9.800457,0.000775,0.000070,-0.000031,0.000000,0.000000,0.000000
1788402321655226142,32.975319,-1,-1.015249,0.851714,-3.328690,-1.015249,0.851714,-3.328690,0.000000,0.000000,0.000000,0.000000,0.001011,-0.006540,0.006296,2.125766,0.904883,171.073165,0.000000,0.000000,171.073165,2.125766,0.904883,0.000000,9.806600,0.000000,0.000000,0.000000,0.720000,0.720000,1.610980,0.000000,0.000000,0.000000,0.000000,9.800930,0.000300,-0.000258,0.000253,0.000000,0.000000,0.000000
1788402321688136018,33.008229,-1,-1.015233,0.851622,-3.328613,-1.015233,0.851622,-3.328613,0.000000,0.000000,0.000000,0.000000,0.001064,-0.006424,0.006342,2.125540,0.904441,171.073194,0.000000,0.000000,171.073194,2.125540,0.904441,0.000000,9.806600,0.000000,0.000000,0.000000,0.720000,0.720000,1.610980,0.000000,0.000000,0.000000,0.000000,9.797712,0.000303,-0.000421,0.000208,0.000000,0.000000,0.000000
1788402321721125114,33.041218,-1,-1.015223,0.851555,-3.328537,-1.015223,0.851555,-3.328537,0.000000,0.000000,0.000000,0.000000,0.001142,-0.006368,0.006195,2.124974,0.903995,171.073187,0.000000,0.000000,171.073187,2.124974,0.903995,0.000000,9.806600,0.000000,0.000000,0.000000,0.720000,0.720000,1.610980,0.000000,0.000000,0.000000,0.000000,9.796777,0.000298,0.000069,-0.000008,0.000000,0.000000,0.000000
1788402321754129784,33.074222,-1,-1.015214,0.851370,-3.328476,-1.015214,0.851370,-3.328476,0.000000,0.000000,0.000000,0.000000,0.001158,-0.006223,0.006130,2.124727,0.903717,171.073113,0.000000,0.000000,171.073113,2.124727,0.903717,0.000000,9.806600,0.000000,0.000000,0.000000,0.720000,0.720000,1.610980,0.000000,0.000000,0.000000,0.000000,9.798010,0.000175,-0.000495,0.000034,0.000000,0.000000,0.000000
1788402321787062399,33.107155,-1,-1.015211,0.851233,-3.328430,-1.015211,0.851233,-3.328430,0.000000,0.000000,0.000000,0.000000,0.001181,-0.006077,0.006106,2.124761,0.904117,171.072542,0.000000,0.000000,171.072542,2.124761,0.904117,0.000000,9.806600,0.000000,0.000000,0.000000,0.720000,0.720000,1.610980,0.000000,0.000000,0.000000,0.000000,9.807490,0.000177,0.000463,-0.000024,0.000000,0.000000,0.000000
1788402321820054373,33.140147,-1,-1.015215,0.851126,-3.328400,-1.015215,0.851126,-3.328400,0.000000,0.000000,0.000000,0.000000,0.001348,-0.005979,0.006053,2.124375,0.904445,171.072471,0.000000,0.000000,171.072471,2.124375,0.904445,0.000000,9.806600,0.000000,0.000000,0.000000,0.720000,0.720000,1.610980,0.000000,0.000000,0.000000,0.000000,9.797190,0.000569,0.000106,-0.000220,0.000000,0.000000,0.000000
1788402321853081302,33.173174,-1,-1.015218,0.850956,-3.328400,-1.015218,0.850956,-3.328400,0.000000,0.000000,0.000000,0.000000,0.001401,-0.005887,0.006171,2.124505,0.904682,171.072553,0.000000,0.000000,171.072553,2.124505,0.904682,0.000000,9.806600,0.000000,0.000000,0.000000,0.720000,0.720000,1.610980,0.000000,0.000000,0.000000,0.000000,9.798135,0.000406,0.000111,-0.000040,0.000000,0.000000,0.000000
1788402321886052839,33.206146,-1,-1.015222,0.850848,-3.328384,-1.015222,0.850848,-3.328384,0.000000,0.000000,0.000000,0.000000,0.001359,-0.005917,0.006099,2.124880,0.904554,171.072744,0.000000,0.000000,171.072744,2.124880,0.904554,0.000000,9.806600,0.000000,0.000000,0.000000,0.720000,0.720000,1.610980,0.000000,0.000000,0.000000,0.000000,9.800926,0.000271,0.000121,-0.000441,0.000000,0.000000,0.000000
1788402321919014142,33.239107,-1,-1.015228,0.850769,-3.328369,-1.015228,0.850769,-3.328369,0.000000,0.000000,0.000000,0.000000,0.001356,-0.005951,0.006126,2.125385,0.904284,171.072802,0.000000,0.000000,171.072802,2.125385,0.904284,0.000000,9.806600,0.000000,0.000000,0.000000,0.720000,0.720000,1.610980,0.000000,0.000000,0.000000,0.000000,9.804888,0.000236,0.000395,0.000332,0.000000,0.000000,0.000000
1788402321952027256,33.272120,-1,-1.015230,0.850614,-3.328400,-1.015230,0.850614,-3.328400,0.000000,0.000000,0.000000,0.000000,0.001382,-0.005861,0.006129,2.126170,0.903343,171.073217,0.000000,0.000000,171.073217,2.126170,0.903343,0.000000,9.806600,0.000000,0.000000,0.000000,0.720000,0.720000,1.610980,0.000000,0.000000,0.000000,0.000000,9.800838,0.000268,-0.000713,0.000156,0.000000,0.000000,0.000000
1788402321984966747,33.305059,-1,-1.015234,0.850509,-3.328445,-1.015234,0.850509,-3.328445,0.000000,0.000000,0.000000,0.000000,0.001312,-0.005846,0.006114,2.125116,0.903341,171.073459,0.000000,0.000000,171.073459,2.125116,0.903341,0.000000,9.806600,0.000000,0.000000,0.000000,0.720000,0.720000,1.610980,0.000000,0.000000,0.000000,0.000000,9.799973,-0.000095,0.000864,0.000035,0.000000,0.000000,0.000000
1788402322017906622,33.337999,-1,-1.015240,0.850430,-3.328461,-1.015240,0.850430,-3.328461,0.000000,0.000000,0.000000,0.000000,0.001308,-0.005732,0.006116,2.124544,0.903078,171.073585,0.000000,0.000000,171.073585,2.124544,0.903078,0.000000,9.806600,0.000000,0.000000,0.000000,0.720000,0.720000,1.610980,0.000000,0.000000,0.000000,0.000000,9.797360,-0.000122,-0.000425,-0.000071,0.000000,0.000000,0.000000
1788402322050946147,33.371039,-1,-1.015256,0.850263,-3.328537,-1.015256,0.850263,-3.328537,0.000000,0.000000,0.000000,0.000000,0.001496,-0.005563,0.006170,2.124128,0.903032,171.073702,0.000000,0.000000,171.073702,2.124128,0.903032,0.000000,9.806600,0.000000,0.000000,0.000000,0.720000,0.720000,1.610980,0.000000,0.000000,0.000000,0.000000,9.802631,0.000021,0.000688,0.000002,0.000000,0.000000,0.000000
1788402322083937858,33.404031,-1,-1.015274,0.850145,-3.328583,-1.015274,0.850145,-3.328583,0.000000,0.000000,0.000000,0.000000,0.001418,-0.005446,0.006290,2.124099,0.903198,171.073849,0.000000,0.000000,171.073849,2.124099,0.903198,0.000000,9.806600,0.000000,0.000000,0.000000,0.720000,0.720000,1.610980,0.000000,0.000000,0.000000,0.000000,9.807658,-0.000311,-0.000070,0.000391,0.000000,0.000000,0.000000
1788402322116877280,33.436970,-1,-1.015290,0.850051,-3.328598,-1.015290,0.850051,-3.328598,0.000000,0.000000,0.000000,0.000000,0.001294,-0.005420,0.006306,2.123770,0.903122,171.074383,0.000000,0.000000,171.074383,2.123770,0.903122,0.000000,9.806600,0.000000,0.000000,0.000000,0.720000,0.720000,1.610980,0.000000,0.000000,0.000000,0.000000,9.789234,0.000271,-0.000800,-0.000436,0.000000,0.000000,0.000000
1788402322149882488,33.469975,-1,-1.015312,0.849926,-3.328644,-1.015312,0.849926,-3.328644,0.000000,0.000000,0.000000,0.000000,0.001246,-0.005295,0.006110,2.123494,0.901413,171.074296,0.000000,0.000000,171.074296,2.123494,0.901413,0.000000,9.806600,0.000000,0.000000,0.000000,0.720000,0.720000,1.610980,0.000000,0.000000,0.000000,0.000000,9.794979,-0.000522,-0.000357,0.000158,0.000000,0.000000,0.000000
1788402322182898634,33.502991,-1,-1.015332,0.849832,-3.328705,-1.015332,0.849832,-3.328705,0.000000,0.000000,0.000000,0.000000,0.001333,-0.005229,0.006217,2.123175,0.900963,171.074164,0.000000,0.000000,171.074164,2.123175,0.900963,0.000000,9.806600,0.000000,0.000000,0.000000,0.720000,0.720000,1.610980,0.000000,0.000000,0.000000,0.000000,9.805324,0.000599,0.000867,0.000514,0.000000,0.000000,0.000000
1788402322215826286,33.535919,-1,-1.015356,0.849761,-3.328705,-1.015356,0.849761,-3.328705,0.000000,0.000000,0.000000,0.000000,0.001332,-0.005178,0.006267,2.123683,0.902843,171.074154,0.000000,0.000000,171.074154,2.123683,0.902843,0.000000,9.806600,0.000000,0.000000,0.000000,0.720000,0.720000,1.610980,0.000000,0.000000,0.000000,0.000000,9.797217,-0.000442,0.001073,-0.000279,0.000000,0.000000,0.000000
1788402322248861845,33.568955,-1,-1.015374,0.849672,-3.328720,-1.015374,0.849672,-3.328720,0.000000,0.000000,0.000000,0.000000,0.001293,-0.005173,0.006330,2.123166,0.904253,171.074080,0.000000,0.000000,171.074080,2.123166,0.904253,0.000000,9.806600,0.000000,0.000000,0.000000,0.720000,0.720000,1.610980,0.000000,0.000000,0.000000,0.000000,9.800473,0.000553,-0.000001,0.000495,0.000000,0.000000,0.000000
1788402322281815914,33.601909,-1,-1.015375,0.849608,-3.328735,-1.015375,0.849608,-3.328735,0.000000,0.000000,0.000000,0.000000,0.001145,-0.005186,0.006241,2.123208,0.904100,171.073171,0.000000,0.000000,171.073171,2.123208,0.904100,0.000000,9.806600,0.000000,0.000000,0.000000,0.720000,0.720000,1.610980,0.000000,0.000000,0.000000,0.000000,9.794904,0.000303,-0.000338,-0.000420,0.000000,0.000000,0.000000
1788402322314759429,33.634852,-1,-1.015378,0.849568,-3.328720,-1.015378,0.849568,-3.328720,0.000000,0.000000,0.000000,0.000000,0.001149,-0.005280,0.006167,2.123609,0.903476,171.072810,0.000000,0.000000,171.072810,2.123609,0.903476,0.000000,9.806600,0.000000,0.000000,0.000000,0.720000,0.720000,1.610980,0.000000,0.000000,0.000000,0.000000,9.801883,0.000140,-0.000706,-0.000295,0.000000,0.000000,0.000000
1788402322347776663,33.667869,-1,-1.015354,0.849524,-3.328720,-1.015354,0.849524,-3.328720,0.000000,0.000000,0.000000,0.000000,0.001249,-0.005409,0.006047,2.124358,0.903117,171.073372,0.000000,0.000000,171.073372,2.124358,0.903117,0.000000,9.806600,0.000000,0.000000,0.000000,0.720000,0.720000,1.610980,0.000000,0.000000,0.000000,0.000000,9.797905,0.000621,0.000246,0.000460,0.000000,0.000000,0.000000
1788402322380774835,33.700868,-1,-1.015338,0.849513,-3.328735,-1.015338,0.849513,-3.328735,0.000000,0.000000,0.000000,0.000000,0.001342,-0.005403,0.006150,2.124587,0.903089,171.073267,0.000000,0.000000,171.073267,2.124587,0.903089,0.000000,9.806600,0.000000,0.000000,0.000000,0.720000,0.720000,1.610980,0.000000,0.000000,0.000000,0.000000,9.801652,0.000789,-0.000540,-0.000147,0.000000,0.000000,0.000000
1788402322413714672,33.733807,-1,-1.015329,0.849521,-3.328735,-1.015329,0.849521,-3.328735,0.000000,0.000000,0.000000,0.000000,0.001391,-0.005321,0.006222,2.124859,0.903856,171.073897,0.000000,0.000000,171.073897,2.124859,0.903856,0.000000,9.806600,0.000000,0.000000,0.000000,0.720000,0.720000,1.610980,0.000000,0.000000,0.000000,0.000000,9.814341,-0.000543,0.000488,-0.000448,0.000000,0.000000,0.000000
1788402322446712492,33.766805,-1,-1.015308,0.849482,-3.328720,-1.015308,0.849482,-3.328720,0.000000,0.000000,0.000000,0.000000,0.001213,-0.005371,0.006271,2.124865,0.905098,171.073945,0.000000,0.000000,171.073945,2.124865,0.905098,0.000000,9.806600,0.000000,0.000000,0.000000,0.720000,0.720000,1.610980,0.000000,0.000000,0.000000,0.000000,9.805157,0.000068,0.000041,0.000303,0.000000,0.000000,0.000000
1788402322479690836,33.799784,-1,-1.015290,0.849460,-3.328690,-1.015290,0.849460,-3.328690,0.000000,0.000000,0.000000,0.000000,0.001246,-0.005393,0.006169,2.124869,0.904330,171.074619,0.000000,0.000000,171.074619,2.124869,0.904330,0.000000,9.806600,0.000000,0.000000,0.000000,0.720000,0.720000,1.610980,0.000000,0.000000,0.000000,0.000000,9.801040,-0.000439,-0.000469,-0.000073,0.000000,0.000000,0.000000
1788402322512639244,33.832732,-1,-1.015275,0.849462,-3.328629,-1.015275,0.849462,-3.328629,0.000000,0.000000,0.000000,0.000000,0.001133,-0.005486,0.006205,2.125108,0.903421,171.074137,0.000000,0.000000,171.074137,2.125108,0.903421,0.000000,9.806600,0.000000,0.000000,0.000000,0.720000,0.720000,1.610980,0.000000,0.000000,0.000000,0.000000,9.801467,0.000029,-0.000838,-0.000433,0.000000,0.000000,0.000000
1788402322545696582,33.865789,-1,-1.015246,0.849420,-3.328598,-1.015246,0.849420,-3.328598,0.000000,0.000000,0.000000,0.000000,0.001223,-0.005354,0.006214,2.125093,0.903836,171.073632,0.000000,0.000000,171.073632,2.125093,0.903836,0.000000,9.806600,0.000000,0.000000,0.000000,0.720000,0.720000,1.610980,0.000000,0.000000,0.000000,0.000000,9.803034,0.000146,0.000554,-0.001048,0.000000,0.000000,0.000000
1788402322578677804,33.898770,-1,-1.015212,0.849355,-3.328537,-1.015212,0.849355,-3.328537,0.000000,0.000000,0.000000,0.000000,0.001350,-0.005347,0.006335,2.124826,0.904763,171.072619,0.000000,0.000000,171.072619,2.124826,0.904763,0.000000,9.806600,0.000000,0.000000,0.000000,0.720000,0.720000,1.610980,0.000000,0.000000,0.000000,0.000000,9.803719,0.000990,0.000839,-0.000164,0.000000,0.000000,0.000000
1788402322611629858,33.931723,-1,-1.015195,0.849334,-3.328461,-1.015195,0.849334,-3.328461,0.000000,0.000000,0.000000,0.000000,0.001461,-0.005317,0.006322,2.124668,0.904579,171.072015,0.000000,0.000000,171.072015,2.124668,0.904579,0.000000,9.806600,0.000000,0.000000,0.000000,0.720000,0.720000,1.610980,0.000000,0.000000,0.000000,0.000000,9.808146,-0.000056,0.000019,-0.000720,0.000000,0.000000,0.000000
1788402322644600462,33.964693,-1,-1.015187,0.849274,-3.328369,-1.015187,0.849274,-3.328369,0.000000,0.000000,0.000000,0.000000,0.001578,-0.005442,0.006317,2.125217,0.905584,171.073038,0.000000,0.000000,171.073038,2.125217,0.905584,0.000000,9.806600,0.000000,0.000000,0.000000,0.720000,0.720000,1.610980,0.000000,0.000000,0.000000,0.000000,9.791477,0.000895,0.001001,0.000156,0.000000,0.000000,0.000000
1788402322677587281,33.997680,-1,-1.015187,0.849207,-3.328323,-1.015187,0.849207,-3.328323,0.000000,0.000000,0.000000,0.000000,0.001449,-0.005198,0.006336,2.124581,0.905637,171.073714,0.000000,0.000000,171.073714,2.124581,0.905637,0.000000,9.806600,0.000000,0.000000,0.000000,0.720000,0.720000,1.610980,0.000000,0.000000,0.000000,0.000000,9.804578,-0.000258,-0.000407,0.000731,0.000000,0.000000,0.000000
1788402322710520402,34.030613,-1,-1.015188,0.849159,-3.328247,-1.015188,0.849159,-3.328247,0.000000,0.000000,0.000000,0.000000,0.001342,-0.005210,0.006394,2.124248,0.904556,171.073684,0.000000,0.000000,171.073684,2.124248,0.904556,0.000000,9.806600,0.000000,0.000000,0.000000,0.720000,0.720000,1.610980,0.000000,0.000000,0.000000,0.000000,9.811584,-0.000015,-0.000382,-0.000164,0.000000,0.000000,0.000000
1788402322743539010,34.063632,-1,-1.015191,0.849089,-3.328171,-1.015191,0.849089,-3.328171,0.000000,0.000000,0.000000,0.000000,0.001437,-0.005267,0.006356,2.124223,0.903951,171.073523,0.000000,0.000000,171.073523,2.124223,0.903951,0.000000,9.806600,0.000000,0.000000,0.000000,0.720000,0.720000,1.610980,0.000000,0.000000,0.000000,0.000000,9.797961,-0.000331,-0.000307,-0.000376,0.000000,0.000000,0.000000
1788402322776525541,34.096618,-1,-1.015205,0.849007,-3.328079,-1.015205,0.849007,-3.328079,0.000000,0.000000,0.000000,0.000000,0.001705,-0.005268,0.006280,2.123939,0.903469,171.073800,0.000000,0.000000,171.073800,2.123939,0.903469,0.000000,9.806600,0.000000,0.000000,0.000000,0.720000,0.720000,1.610980,0.000000,0.000000,0.000000,0.000000,9.788948,0.000414,-0.000091,0.000433,0.000000,0.000000,0.000000
1788402322809543894,34.129637,-1,-1.015223,0.848974,-3.327988,-1.015223,0.848974,-3.327988,0.000000,0.000000,0.000000,0.000000,0.001719,-0.005261,0.006271,2.124166,0.903762,171.073566,0.000000,0.000000,171.073566,2.124166,0.903762,0.000000,9.806600,0.000000,0.000000,0.000000,0.720000,0.720000,1.610980,0.000000,0.000000,0.000000,0.000000,9.805844,0.000040,0.000522,-0.000419,0.000000,0.000000,0.000000
1788402322842501385,34.162594,-1,-1.015240,0.848946,-3.327988,-1.015240,0.848946,-3.327988,0.000000,0.000000,0.000000,0.000000,0.001592,-0.005316,0.006262,2.124667,0.904196,171.072656,0.000000,0.000000,171.072656,2.124667,0.904196,0.000000,9.806600,0.000000,0.000000,0.000000,0.720000,0.720000,1.610980,0.000000,0.000000,0.000000,0.000000,9.806412,0.000346,0.000310,-0.001269,0.000000,0.000000,0.000000
1788402322875460283,34.195553,-1,-1.015263,0.848933,-3.327988,-1.015263,0.848933,-3.327988,0.000000,0.000000,0.000000,0.000000,0.001569,-0.005397,0.006212,2.124674,0.903703,171.072432,0.000000,0.000000,171.072432,2.124674,0.903703,0.000000,9.806600,0.000000,0.000000,0.000000,0.720000,0.720000,1.610980,0.000000,0.000000,0.000000,0.000000,9.805158,0.000000,-0.000784,-0.000258,0.000000,0.000000,0.000000
1788402322908415600,34.228508,-1,-1.015279,0.848948,-3.327972,-1.015279,0.848948,-3.327972,0.000000,0.000000,0.000000,0.000000,0.001522,-0.005408,0.006112,2.124477,0.903294,171.072873,0.000000,0.000000,171.072873,2.124477,0.903294,0.000000,9.806600,0.000000,0.000000,0.000000,0.720000,0.720000,1.610980,0.000000,0.000000,0.000000,0.000000,9.803953,0.000124,-0.000152,-0.000131,0.000000,0.000000,0.000000
1788402322941397781,34.261490,-1,-1.015288,0.848970,-3.327957,-1.015288,0.848970,-3.327957,0.000000,0.000000,0.000000,0.000000,0.001470,-0.005367,0.006252,2.124257,0.902562,171.072900,0.000000,0.000000,171.072900,2.124257,0.902562,0.000000,9.806600,0.000000,0.000000,0.000000,0.720000,0.720000,1.610980,0.000000,0.000000,0.000000,0.000000,9.807321,-0.000015,-0.000751,-0.000321,0.000000,0.000000,0.000000
1788402322974426080,34.294519,-1,-1.015299,0.849019,-3.327911,-1.015299,0.849019,-3.327911,0.000000,0.000000,0.000000,0.000000,0.001589,-0.005456,0.006328,2.124453,0.902557,171.073517,0.000000,0.000000,171.073517,2.124453,0.902557,0.000000,9.806600,0.000000,0.000000,0.000000,0.720000,0.720000,1.610980,0.000000,0.000000,0.000000,0.000000,9.806615,0.000026,0.000091,0.000697,0.000000,0.000000,0.000000
1788402323007400023,34.327493,-1,-1.015312,0.849081,-3.327866,-1.015312,0.849081,-3.327866,0.000000,0.000000,0.000000,0.000000,0.001598,-0.005607,0.006286,2.124765,0.903272,171.073749,0.000000,0.000000,171.073749,2.124765,0.903272,0.000000,9.806600,0.000000,0.000000,0.000000,0.720000,0.720000,1.610980,0.000000,0.000000,0.000000,0.000000,9.801087,0.000730,0.000593,0.000149,0.000000,0.000000,0.000000
1788402323040420759,34.360513,-1,-1.015312,0.849081,-3.327866,-1.015312,0.849081,-3.327866,0.000000,0.000000,0.000000,0.000000,0.001598,-0.005607,0.006286,2.124765,0.903272,171.073749,0.000000,0.000000,171.073749,2.124765,0.903272,0.000000,9.806600,0.000000,0.000000,0.000000,0.720000,0.720000,1.610980,0.000000,0.000000,0.000000,0.000000,9.805412,-0.000100,-0.000407,0.000042,0.000000,0.000000,0.000000
1788402323073270008,34.393363,-1,-1.015332,0.849092,-3.327835,-1.015332,0.849092,-3.327835,0.000000,0.000000,0.000000,0.000000,0.001699,-0.005715,0.006335,2.125364,0.903909,171.073908,0.000000,0.000000,171.073908,2.125364,0.903909,0.000000,9.806600,0.000000,0.000000,0.000000,0.720000,0.720000,1.610980,0.000000,0.000000,0.000000,0.000000,9.802161,-0.000472,-0.000434,-0.000206,0.000000,0.000000,0.000000
1788402323106370187,34.426463,-1,-1.015351,0.849101,-3.327789,-1.015351,0.849101,-3.327789,0.000000,0.000000,0.000000,0.000000,0.001722,-0.005683,0.006187,2.125070,0.904118,171.072530,0.000000,0.000000,171.072530,2.125070,0.904118,0.000000,9.806600,0.000000,0.000000,0.000000,0.720000,0.720000,1.610980,0.000000,0.000000,0.000000,0.000000,9.803325,0.000458,-0.000436,-0.000254,0.000000,0.000000,0.000000
1788402323139315030,34.459408,-1,-1.015368,0.849134,-3.327713,-1.015368,0.849134,-3.327713,0.000000,0.000000,0.000000,0.000000,0.001563,-0.005799,0.006199,2.125251,0.903582,171.072335,0.000000,0.000000,171.072335,2.125251,0.903582,0.000000,9.806600,0.000000,0.000000,0.000000,0.720000,0.720000,1.610980,0.000000,0.000000,0.000000,0.000000,9.795051,-0.000558,-0.000293,-0.000501,0.000000,0.000000,0.000000
1788402323172289328,34.492382,-1,-1.015387,0.849125,-3.327667,-1.015387,0.849125,-3.327667,0.000000,0.000000,0.000000,0.000000,0.001613,-0.005664,0.006140,2.124711,0.903295,171.072282,0.000000,0.000000,171.072282,2.124711,0.903295,0.000000,9.806600,0.000000,0.000000,0.000000,0.720000,0.720000,1.610980,0.000000,0.000000,0.000000,0.000000,9.797668,0.000381,-0.000860,0.000391,0.000000,0.000000,0.000000
1788402323205296727,34.525389,-1,-1.015416,0.849109,-3.327637,-1.015416,0.849109,-3.327637,0.000000,0.000000,0.000000,0.000000,0.001722,-0.005788,0.006121,2.124885,0.902895,171.072578,0.000000,0.000000,171.072578,2.124885,0.902895,0.000000,9.806600,0.000000,0.000000,0.000000,0.720000,0.720000,1.610980,0.000000,0.000000,0.000000,0.000000,9.802831,0.000209,-0.000299,-0.000385,0.000000,0.000000,0.000000
1788402323238283626,34.558376,-1,-1.015443,0.849126,-3.327591,-1.015443,0.849126,-3.327591,0.000000,0.000000,0.000000,0.000000,0.001777,-0.005851,0.006198,2.124631,0.902017,171.072378,0.000000,0.000000,171.072378,2.124631,0.902017,0.000000,9.806600,0.000000,0.000000,0.000000,0.720000,0.720000,1.610980,0.000000,0.000000,0.000000,0.000000,9.805702,0.000526,-0.000935,-0.000343,0.000000,0.000000,0.000000
1788402323271258660,34.591351,-1,-1.015465,0.849130,-3.327560,-1.015465,0.849130,-3.327560,0.000000,0.000000,0.000000,0.000000,0.001752,-0.005883,0.006314,2.124615,0.900889,171.071702,0.000000,0.000000,171.071702,2.124615,0.900889,0.000000,9.806600,0.000000,0.000000,0.000000,0.720000,0.720000,1.610980,0.000000,0.000000,0.000000,0.000000,9.803678,0.000247,0.000347,-0.000221,0.000000,0.000000,0.000000
1788402323304235325,34.624328,-1,-1.015492,0.849150,-3.327515,-1.015492,0.849150,-3.327515,0.000000,0.000000,0.000000,0.000000,0.001872,-0.005981,0.006201,2.124356,0.900142,171.071429,0.000000,0.000000,171.071429,2.124356,0.900142,0.000000,9.806600,0.000000,0.000000,0.000000,0.720000,0.720000,1.610980,0.000000,0.000000,0.000000,0.000000,9.809309,-0.000352,0.000294,-0.000494,0.000000,0.000000,0.000000
1788402323337235016,34.657328,-1,-1.015516,0.849191,-3.327438,-1.015516,0.849191,-3.327438,0.000000,0.000000,0.000000,0.000000,0.001858,-0.006039,0.006308,2.123753,0.900025,171.071201,0.000000,0.000000,171.071201,2.123753,0.900025,0.000000,9.806600,0.000000,0.000000,0.000000,0.720000,0.720000,1.610980,0.000000,0.000000,0.000000,0.000000,9.798808,-0.000612,0.000090,0.000004,0.000000,0.000000,0.000000
1788402323370180979,34.690274,-1,-1.015524,0.849214,-3.327362,-1.015524,0.849214,-3.327362,0.000000,0.000000,0.000000,0.000000,0.001817,-0.006048,0.006227,2.123522,0.900356,171.070749,0.000000,0.000000,171.070749,2.123522,0.900356,0.000000,9.806600,0.000000,0.000000,0.000000,0.720000,0.720000,1.610980,0.000000,0.000000,0.000000,0.000000,9.799925,0.000151,-0.000220,-0.001133,0.000000,0.000000,0.000000
1788402323403186299,34.723279,-1,-1.015528,0.849252,-3.327225,-1.015528,0.849252,-3.327225,0.000000,0.000000,0.000000,0.000000,0.001774,-0.005980,0.006265,2.123716,0.900379,171.069696,0.000000,0.000000,171.069696,2.123716,0.900379,0.000000,9.806600,0.000000,0.000000,0.000000,0.720000,0.720000,1.610980,0.000000,0.000000,0.000000,0.000000,9.803504,0.000017,-0.000543,0.000270,0.000000,0.000000,0.000000
1788402323436113360,34.756206,-1,-1.015533,0.849299,-3.327118,-1.015533,0.849299,-3.327118,0.000000,0.000000,0.000000,0.000000,0.001676,-0.005980,0.006405,2.123757,0.900190,171.069830,0.000000,0.000000,171.069830,2.123757,0.900190,0.000000,9.806600,0.000000,0.000000,0.000000,0.720000,0.720000,1.610980,0.000000,0.000000,0.000000,0.000000,9.795358,-0.000354,0.000179,-0.000459,0.000000,0.000000,0.000000
1788402323469146377,34.789239,-1,-1.015514,0.849310,-3.326965,-1.015514,0.849310,-3.326965,0.000000,0.000000,0.000000,0.000000,0.001685,-0.006068,0.006412,2.124140,0.900472,171.069799,0.000000,0.000000,171.069799,2.124140,0.900472,0.000000,9.806600,0.000000,0.000000,0.000000,0.720000,0.720000,1.610980,0.000000,0.000000,0.000000,0.000000,9.799983,-0.000279,0.000176,-0.000078,0.000000,0.000000,0.000000
1788402323502169703,34.822262,-1,-1.015484,0.849321,-3.326767,-1.015484,0.849321,-3.326767,0.000000,0.000000,0.000000,0.000000,0.001805,-0.006010,0.006531,2.124589,0.900737,171.070307,0.000000,0.000000,171.070307,2.124589,0.900737,0.000000,9.806600,0.000000,0.000000,0.000000,0.720000,0.720000,1.610980,0.000000,0.000000,0.000000,0.000000,9.786736,0.000232,-0.000798,0.000258,0.000000,0.000000,0.000000
1788402323535090016,34.855183,-1,-1.015469,0.849352,-3.326614,-1.015469,0.849352,-3.326614,0.000000,0.000000,0.000000,0.000000,0.001797,-0.005974,0.006420,2.124451,0.900775,171.070553,0.000000,0.000000,171.070553,2.124451,0.900775,0.000000,9.806600,0.000000,0.000000,0.000000,0.720000,0.720000,1.610980,0.000000,0.000000,0.000000,0.000000,9.783247,0.000284,-0.000262,-0.001017,0.000000,0.000000,0.000000
1788402323568087597,34.888180,-1,-1.015437,0.849329,-3.326477,-1.015437,0.849329,-3.326477,0.000000,0.000000,0.000000,0.000000,0.001770,-0.006019,0.006298,2.124618,0.899836,171.069454,0.000000,0.000000,171.069454,2.124618,0.899836,0.000000,9.806600,0.000000,0.000000,0.000000,0.720000,0.720000,1.610980,0.000000,0.000000,0.000000,0.000000,9.801696,-0.000182,0.000128,-0.000324,0.000000,0.000000,0.000000
1788402323601076447,34.921169,-1,-1.015387,0.849287,-3.326309,-1.015387,0.849287,-3.326309,0.000000,0.000000,0.000000,0.000000,0.001614,-0.005942,0.006493,2.124055,0.899844,171.069416,0.000000,0.000000,171.069416,2.124055,0.899844,0.000000,9.806600,0.000000,0.000000,0.000000,0.720000,0.720000,1.610980,0.000000,0.000000,0.000000,0.000000,9.793465,0.000602,0.000067,0.000464,0.000000,0.000000,0.000000
1788402323634039679,34.954132,-1,-1.015356,0.849283,-3.326157,-1.015356,0.849283,-3.326157,0.000000,0.000000,0.000000,0.000000,0.001667,-0.005967,0.006456,2.124682,0.899139,171.070483,0.000000,0.000000,171.070483,2.124682,0.899139,0.000000,9.806600,0.000000,0.000000,0.000000,0.720000,0.720000,1.610980,0.000000,0.000000,0.000000,0.000000,9.795645,-0.000262,-0.000484,-0.001465,0.000000,0.000000,0.000000
1788402323667108516,34.987201,-1,-1.015328,0.849259,-3.326019,-1.015328,0.849259,-3.326019,0.000000,0.000000,0.000000,0.000000,0.001686,-0.005950,0.006497,2.124434,0.898724,171.070242,0.000000,0.000000,171.070242,2.124434,0.898724,0.000000,9.806600,0.000000,0.000000,0.000000,0.720000,0.720000,1.610980,0.000000,0.000000,0.000000,0.000000,9.798199,0.000163,0.000965,-0.000809,0.000000,0.000000,0.000000
1788402323699988883,35.020082,-1,-1.015301,0.849178,-3.325882,-1.015301,0.849178,-3.325882,0.000000,0.000000,0.000000,0.000000,0.001664,-0.005844,0.006536,2.124609,0.899550,171.070111,0.000000,0.000000,171.070111,2.124609,0.899550,0.000000,9.806600,0.000000,0.000000,0.000000,0.720000,0.720000,1.610980,0.000000,0.000000,0.000000,0.000000,9.801009,-0.000425,0.000647,0.000181,0.000000,0.000000,0.000000
1788402323732982722,35.053075,-1,-1.015275,0.849111,-3.325729,-1.015275,0.849111,-3.325729,0.000000,0.000000,0.000000,0.000000,0.001615,-0.005843,0.006585,2.123929,0.900967,171.070395,0.000000,0.000000,171.070395,2.123929,0.900967,0.000000,9.806600,0.000000,0.000000,0.000000,0.720000,0.720000,1.610980,0.000000,0.000000,0.000000,0.000000,9.792752,-0.000133,0.000642,-0.000557,0.000000,0.000000,0.000000
1788402323765972468,35.086065,-1,-1.015245,0.849014,-3.325607,-1.015245,0.849014,-3.325607,0.000000,0.000000,0.000000,0.000000,0.001491,-0.005806,0.006456,2.123762,0.901228,171.070266,0.000000,0.000000,171.070266,2.123762,0.901228,0.000000,9.806600,0.000000,0.000000,0.000000,0.720000,0.720000,1.610980,0.000000,0.000000,0.000000,0.000000,9.802723,-0.000316,-0.000419,-0.000063,0.000000,0.000000,0.000000
1788402323798940305,35.119033,-1,-1.015202,0.848881,-3.325439,-1.015202,0.848881,-3.325439,0.000000,0.000000,0.000000,0.000000,0.001364,-0.005728,0.006733,2.123479,0.899886,171.069961,0.000000,0.000000,171.069961,2.123479,0.899886,0.000000,9.806600,0.000000,0.000000,0.000000,0.720000,0.720000,1.610980,0.000000,0.000000,0.000000,0.000000,9.791918,0.000856,-0.000147,-0.000078,0.000000,0.000000,0.000000
1788402323832065846,35.152159,-1,-1.015173,0.848812,-3.325317,-1.015173,0.848812,-3.325317,0.000000,0.000000,0.000000,0.000000,0.001363,-0.005748,0.006628,2.123790,0.899748,171.069921,0.000000,0.000000,171.069921,2.123790,0.899748,0.000000,9.806600,0.000000,0.000000,0.000000,0.720000,0.720000,1.610980,0.000000,0.000000,0.000000,0.000000,9.804507,-0.000575,-0.000096,-0.000501,0.000000,0.000000,0.000000
1788402323864908059,35.185001,-1,-1.015140,0.848724,-3.325241,-1.015140,0.848724,-3.325241,0.000000,0.000000,0.000000,0.000000,0.001320,-0.005751,0.006564,2.123120,0.898870,171.069722,0.000000,0.000000,171.069722,2.123120,0.898870,0.000000,9.806600,0.000000,0.000000,0.000000,0.720000,0.720000,1.610980,0.000000,0.000000,0.000000,0.000000,9.804318,0.000153,0.000434,0.000154,0.000000,0.000000,0.000000
1788402323898485248,35.218578,-1,-1.015106,0.848640,-3.325150,-1.015106,0.848640,-3.325150,0.000000,0.000000,0.000000,0.000000,0.001261,-0.005783,0.006726,2.123322,0.899814,171.069578,0.000000,0.000000,171.069578,2.123322,0.899814,0.000000,9.806600,0.000000,0.000000,0.000000,0.720000,0.720000,1.610980,0.000000,0.000000,0.000000,0.000000,9.811569,-0.000261,0.000256,-0.000298,0.000000,0.000000,0.000000
1788402323930862188,35.250955,-1,-1.015064,0.848570,-3.324997,-1.015064,0.848570,-3.324997,0.000000,0.000000,0.000000,0.000000,0.001049,-0.005692,0.006675,2.123249,0.900826,171.069084,0.000000,0.000000,171.069084,2.123249,0.900826,0.000000,9.806600,0.000000,0.000000,0.000000,0.720000,0.720000,1.610980,0.000000,0.000000,0.000000,0.000000,9.797103,-0.000196,0.000330,-0.000337,0.000000,0.000000,0.000000
1788402323963831305,35.283924,-1,-1.015019,0.848534,-3.324951,-1.015019,0.848534,-3.324951,0.000000,0.000000,0.000000,0.000000,0.000923,-0.005704,0.006642,2.122813,0.900823,171.068736,0.000000,0.000000,171.068736,2.122813,0.900823,0.000000,9.806600,0.000000,0.000000,0.000000,0.720000,0.720000,1.610980,0.000000,0.000000,0.000000,0.000000,9.796405,-0.000236,-0.000334,0.000043,0.000000,0.000000,0.000000
1788402323996831924,35.316925,-1,-1.014952,0.848514,-3.324875,-1.014952,0.848514,-3.324875,0.000000,0.000000,0.000000,0.000000,0.000756,-0.005680,0.006476,2.122278,0.900591,171.069121,0.000000,0.000000,171.069121,2.122278,0.900591,0.000000,9.806600,0.000000,0.000000,0.000000,0.720000,0.720000,1.610980,0.000000,0.000000,0.000000,0.000000,9.800924,-0.000015,-0.000359,-0.000120,0.000000,0.000000,0.000000
1788402324029925189,35.350018,-1,-1.014904,0.848526,-3.324799,-1.014904,0.848526,-3.324799,0.000000,0.000000,0.000000,0.000000,0.000737,-0.005755,0.006386,2.122541,0.900111,171.069450,0.000000,0.000000,171.069450,2.122541,0.900111,0.000000,9.806600,0.000000,0.000000,0.000000,0.720000,0.720000,1.610980,0.000000,0.000000,0.000000,0.000000,9.798254,-0.000263,-0.000440,-0.000300,0.000000,0.000000,0.000000
1788402324062819859,35.382913,-1,-1.014851,0.848481,-3.324783,-1.014851,0.848481,-3.324783,0.000000,0.000000,0.000000,0.000000,0.000802,-0.005803,0.006460,2.121806,0.900098,171.069189,0.000000,0.000000,171.069189,2.121806,0.900098,0.000000,9.806600,0.000000,0.000000,0.000000,0.720000,0.720000,1.610980,0.000000,0.000000,0.000000,0.000000,9.802235,-0.000575,0.000107,0.000283,0.000000,0.000000,0.000000
1788402324095759400,35.415852,-1,-1.014797,0.848425,-3.324783,-1.014797,0.848425,-3.324783,0.000000,0.000000,0.000000,0.000000,0.000688,-0.005768,0.006476,2.121236,0.900473,171.069454,0.000000,0.000000,171.069454,2.121236,0.900473,0.000000,9.806600,0.000000,0.000000,0.000000,0.720000,0.720000,1.610980,0.000000,0.000000,0.000000,0.000000,9.809643,-0.000590,0.000317,0.000104,0.000000,0.000000,0.000000
1788402324128739750,35.448832,-1,-1.014733,0.848388,-3.324738,-1.014733,0.848388,-3.324738,0.000000,0.000000,0.000000,0.000000,0.000687,-0.005710,0.006525,2.120780,0.900740,171.069523,0.000000,0.000000,171.069523,2.120780,0.900740,0.000000,9.806600,0.000000,0.000000,0.000000,0.720000,0.720000,1.610980,0.000000,0.000000,0.000000,0.000000,9.799508,-0.000058,-0.000733,-0.000455,0.000000,0.000000,0.000000
1788402324161742616,35.481835,-1,-1.014678,0.848321,-3.324707,-1.014678,0.848321,-3.324707,0.000000,0.000000,0.000000,0.000000,0.000679,-0.005685,0.006469,2.120357,0.899881,171.069067,0.000000,0.000000,171.069067,2.120357,0.899881,0.000000,9.806600,0.000000,0.000000,0.000000,0.720000,0.720000,1.610980,0.000000,0.000000,0.000000,0.000000,9.795413,0.000101,-0.000281,-0.000408,0.000000,0.000000,0.000000
1788402324194668948,35.514762,-1,-1.014627,0.848251,-3.324692,-1.014627,0.848251,-3.324692,0.000000,0.000000,0.000000,0.000000,0.000782,-0.005702,0.006466,2.120263,0.899537,171.068696,0.000000,0.000000,171.068696,2.120263,0.899537,0.000000,9.806600,0.000000,0.000000,0.000000,0.720000,0.720000,1.610980,0.000000,0.000000,0.000000,0.000000,9.804354,-0.000734,-0.000000,-0.000247,0.000000,0.000000,0.000000
1788402324227716237,35.547809,-1,-1.014570,0.848197,-3.324631,-1.014570,0.848197,-3.324631,0.000000,0.000000,0.000000,0.000000,0.000774,-0.005636,0.006410,2.120364,0.900374,171.068863,0.000000,0.000000,171.068863,2.120364,0.900374,0.000000,9.806600,0.000000,0.000000,0.000000,0.720000,0.720000,1.610980,0.000000,0.000000,0.000000,0.000000,9.800326,-0.000020,-0.000479,-0.000658,0.000000,0.000000,0.000000
1788402324260681331,35.580774,-1,-1.014516,0.848125,-3.324585,-1.014516,0.848125,-3.324585,0.000000,0.000000,0.000000,0.000000,0.000741,-0.005689,0.006390,2.119819,0.899767,171.068717,0.000000,0.000000,171.068717,2.119819,0.899767,0.000000,9.806600,0.000000,0.000000,0.000000,0.720000,0.720000,1.610980,0.000000,0.000000,0.000000,0.000000,9.802902,0.000143,-0.000375,-0.000599,0.000000,0.000000,0.000000
1788402324293593400,35.613686,-1,-1.014460,0.848054,-3.324509,-1.014460,0.848054,-3.324509,0.000000,0.000000,0.000000,0.000000,0.000644,-0.005737,0.006331,2.120603,0.899372,171.069233,0.000000,0.000000,171.069233,2.120603,0.899372,0.000000,9.806600,0.000000,0.000000,0.000000,0.720000,0.720000,1.610980,0.000000,0.000000,0.000000,0.000000,9.809839,0.000480,-0.000025,0.000445,0.000000,0.000000,0.000000
1788402324326631541,35.646724,-1,-1.014389,0.847999,-3.324371,-1.014389,0.847999,-3.324371,0.000000,0.000000,0.000000,0.000000,0.000524,-0.005620,0.006376,2.120608,0.899187,171.069193,0.000000,0.000000,171.069193,2.120608,0.899187,0.000000,9.806600,0.000000,0.000000,0.000000,0.720000,0.720000,1.610980,0.000000,0.000000,0.000000,0.000000,9.800138,-0.000284,-0.000610,-0.000658,0.000000,0.000000,0.000000
1788402324359624716,35.679717,-1,-1.014336,0.847936,-3.324203,-1.014336,0.847936,-3.324203,0.000000,0.000000,0.000000,0.000000,0.000429,-0.005522,0.006374,2.120280,0.898432,171.068635,0.000000,0.000000,171.068635,2.120280,0.898432,0.000000,9.806600,0.000000,0.000000,0.000000,0.720000,0.720000,1.610980,0.000000,0.000000,0.000000,0.000000,9.796964,0.000028,-0.000052,-0.001017,0.000000,0.000000,0.000000
1788402324393019202,35.713112,-1,-1.014287,0.847878,-3.324036,-1.014287,0.847878,-3.324036,0.000000,0.000000,0.000000,0.000000,0.000374,-0.005656,0.006352,2.120050,0.898461,171.068557,0.000000,0.000000,171.068557,2.120050,0.898461,0.000000,9.806600,0.000000,0.000000,0.000000,0.720000,0.720000,1.610980,0.000000,0.000000,0.000000,0.000000,9.795972,0.000129,0.000157,-0.000533,0.000000,0.000000,0.000000
1788402324425607420,35.745700,-1,-1.014223,0.847842,-3.323822,-1.014223,0.847842,-3.323822,0.000000,0.000000,0.000000,0.000000,0.000304,-0.005603,0.006254,2.119612,0.899220,171.067922,0.000000,0.000000,171.067922,2.119612,0.899220,0.000000,9.806600,0.000000,0.000000,0.000000,0.720000,0.720000,1.610980,0.000000,0.000000,0.000000,0.000000,9.797018,0.000470,0.000110,0.000416,0.000000,0.000000,0.000000
1788402324458571268,35.778664,-1,-1.014175,0.847779,-3.323669,-1.014175,0.847779,-3.323669,0.000000,0.000000,0.000000,0.000000,0.000143,-0.005549,0.006299,2.119973,0.899594,171.068561,0.000000,0.000000,171.068561,2.119973,0.899594,0.000000,9.806600,0.000000,0.000000,0.000000,0.720000,0.720000,1.610980,0.000000,0.000000,0.000000,0.000000,9.799000,-0.000076,-0.000390,-0.000229,0.000000,0.000000,0.000000
1788402324491574517,35.811667,-1,-1.014127,0.847709,-3.323502,-1.014127,0.847709,-3.323502,0.000000,0.000000,0.000000,0.000000,0.000079,-0.005402,0.006213,2.119897,0.899219,171.068826,0.000000,0.000000,171.068826,2.119897,0.899219,0.000000,9.806600,0.000000,0.000000,0.000000,0.720000,0.720000,1.610980,0.000000,0.000000,0.000000,0.000000,9.808543,0.000264,-0.000573,-0.000930,0.000000,0.000000,0.000000
1788402324524592542,35.844685,-1,-1.014069,0.847650,-3.323242,-1.014069,0.847650,-3.323242,0.000000,0.000000,0.000000,0.000000,0.000135,-0.005339,0.006165,2.120360,0.898312,171.068134,0.000000,0.000000,171.068134,2.120360,0.898312,0.000000,9.806600,0.000000,0.000000,0.000000,0.720000,0.720000,1.610980,0.000000,0.000000,0.000000,0.000000,9.801366,-0.000097,-0.000842,0.000115,0.000000,0.000000,0.000000
1788402324557500069,35.877593,-1,-1.014057,0.847574,-3.323074,-1.014057,0.847574,-3.323074,0.000000,0.000000,0.000000,0.000000,0.000257,-0.005268,0.006146,2.120409,0.897413,171.068258,0.000000,0.000000,171.068258,2.120409,0.897413,0.000000,9.806600,0.000000,0.000000,0.000000,0.720000,0.720000,1.610980,0.000000,0.000000,0.000000,0.000000,9.807832,0.000197,-0.000399,-0.000762,0.000000,0.000000,0.000000
1788402324590508244,35.910601,-1,-1.014061,0.847497,-3.322937,-1.014061,0.847497,-3.322937,0.000000,0.000000,0.000000,0.000000,0.000398,-0.005172,0.006308,2.120748,0.897141,171.067586,0.000000,0.000000,171.067586,2.120748,0.897141,0.000000,9.806600,0.000000,0.000000,0.000000,0.720000,0.720000,1.610980,0.000000,0.000000,0.000000,0.000000,9.800732,-0.000061,0.000413,-0.000281,0.000000,0.000000,0.000000
1788402324623452998,35.943546,-1,-1.014067,0.847430,-3.322723,-1.014067,0.847430,-3.322723,0.000000,0.000000,0.000000,0.000000,0.000252,-0.005208,0.006267,2.121128,0.898152,171.067518,0.000000,0.000000,171.067518,2.121128,0.898152,0.000000,9.806600,0.000000,0.000000,0.000000,0.720000,0.720000,1.610980,0.000000,0.000000,0.000000,0.000000,9.796580,-0.000674,0.000467,-0.000440,0.000000,0.000000,0.000000
1788402324656481417,35.976574,-1,-1.014059,0.847413,-3.322601,-1.014059,0.847413,-3.322601,0.000000,0.000000,0.000000,0.000000,0.000172,-0.005177,0.006274,2.119871,0.898507,171.067480,0.000000,0.000000,171.067480,2.119871,0.898507,0.000000,9.806600,0.000000,0.000000,0.000000,0.720000,0.720000,1.610980,0.000000,0.000000,0.000000,0.000000,9.787717,0.000088,-0.000728,-0.000434,0.000000,0.000000,0.000000
1788402324689464294,36.009557,-1,-1.014046,0.847422,-3.322510,-1.014046,0.847422,-3.322510,0.000000,0.000000,0.000000,0.000000,0.000068,-0.005285,0.006178,2.119986,0.898109,171.067328,0.000000,0.000000,171.067328,2.119986,0.898109,0.000000,9.806600,0.000000,0.000000,0.000000,0.720000,0.720000,1.610980,0.000000,0.000000,0.000000,0.000000,9.812064,-0.000001,-0.000525,0.000080,0.000000,0.000000,0.000000
1788402324722427309,36.042520,-1,-1.014026,0.847463,-3.322357,-1.014026,0.847463,-3.322357,0.000000,0.000000,0.000000,0.000000,-0.000042,-0.005144,0.006305,2.120325,0.897528,171.067450,0.000000,0.000000,171.067450,2.120325,0.897528,0.000000,9.806600,0.000000,0.000000,0.000000,0.720000,0.720000,1.610980,0.000000,0.000000,0.000000,0.000000,9.801855,0.000328,-0.000013,-0.000157,0.000000,0.000000,0.000000
1788402324755371104,36.075464,-1,-1.014009,0.847483,-3.322296,-1.014009,0.847483,-3.322296,0.000000,0.000000,0.000000,0.000000,0.000021,-0.005162,0.006268,2.120986,0.897902,171.067378,0.000000,0.000000,171.067378,2.120986,0.897902,0.000000,9.806600,0.000000,0.000000,0.000000,0.720000,0.720000,1.610980,0.000000,0.000000,0.000000,0.000000,9.801875,-0.000672,0.000389,0.000293,0.000000,0.000000,0.000000
1788402324788418361,36.108511,-1,-1.013994,0.847508,-3.322250,-1.013994,0.847508,-3.322250,0.000000,0.000000,0.000000,0.000000,0.000086,-0.005100,0.006355,2.120578,0.898254,171.067383,0.000000,0.000000,171.067383,2.120578,0.898254,0.000000,9.806600,0.000000,0.000000,0.000000,0.720000,0.720000,1.610980,0.000000,0.000000,0.000000,0.000000,9.796788,0.000052,0.000574,-0.000261,0.000000,0.000000,0.000000
1788402324821355855,36.141449,-1,-1.013981,0.847548,-3.322189,-1.013981,0.847548,-3.322189,0.000000,0.000000,0.000000,0.000000,-0.000025,-0.005056,0.006374,2.120774,0.899130,171.067054,0.000000,0.000000,171.067054,2.120774,0.899130,0.000000,9.806600,0.000000,0.000000,0.000000,0.720000,0.720000,1.610980,0.000000,0.000000,0.000000,0.000000,9.801997,-0.000226,0.001097,0.000256,0.000000,0.000000,0.000000
1788402324854347015,36.174440,-1,-1.013970,0.847546,-3.322128,-1.013970,0.847546,-3.322128,0.000000,0.000000,0.000000,0.000000,-0.000071,-0.005228,0.006374,2.120167,0.899708,171.068428,0.000000,0.000000,171.068428,2.120167,0.899708,0.000000,9.806600,0.000000,0.000000,0.000000,0.720000,0.720000,1.610980,0.000000,0.000000,0.000000,0.000000,9.792114,-0.000499,-0.000693,0.000374,0.000000,0.000000,0.000000
1788402324887352151,36.207445,-1,-1.013964,0.847549,-3.322083,-1.013964,0.847549,-3.322083,0.000000,0.000000,0.000000,0.000000,-0.000087,-0.005189,0.006246,2.120568,0.899289,171.068647,0.000000,0.000000,171.068647,2.120568,0.899289,0.000000,9.806600,0.000000,0.000000,0.000000,0.720000,0.720000,1.610980,0.000000,0.000000,0.000000,0.000000,9.798891,0.000194,0.000262,-0.000359,0.000000,0.000000,0.000000
1788402324920290477,36.240383,-1,-1.013957,0.847585,-3.322006,-1.013957,0.847585,-3.322006,0.000000,0.000000,0.000000,0.000000,0.000054,-0.005189,0.006330,2.121360,0.899179,171.068815,0.000000,0.000000,171.068815,2.121360,0.899179,0.000000,9.806600,0.000000,0.000000,0.000000,0.720000,0.720000,1.610980,0.000000,0.000000,0.000000,0.000000,9.804150,0.000489,0.000071,0.000022,0.000000,0.000000,0.000000
1788402324953334791,36.273427,-1,-1.013947,0.847576,-3.322006,-1.013947,0.847576,-3.322006,0.000000,0.000000,0.000000,0.000000,0.000138,-0.005204,0.006406,2.122482,0.899366,171.069072,0.000000,0.000000,171.069072,2.122482,0.899366,0.000000,9.806600,0.000000,0.000000,0.000000,0.720000,0.720000,1.610980,0.000000,0.000000,0.000000,0.000000,9.815126,0.000068,0.000153,-0.000413,0.000000,0.000000,0.000000
1788402324986603747,36.306696,-1,-1.013936,0.847562,-3.321991,-1.013936,0.847562,-3.321991,0.000000,0.000000,0.000000,0.000000,0.000077,-0.005139,0.006333,2.122478,0.899679,171.068880,0.000000,0.000000,171.068880,2.122478,0.899679,0.000000,9.806600,0.000000,0.000000,0.000000,0.720000,0.720000,1.610980,0.000000,0.000000,0.000000,0.000000,9.794369,0.000279,0.000628,-0.000081,0.000000,0.000000,0.000000
1788402325019227171,36.339320,-1,-1.013919,0.847575,-3.321930,-1.013919,0.847575,-3.321930,0.000000,0.000000,0.000000,0.000000,0.000047,-0.005166,0.006319,2.122702,0.899877,171.068944,0.000000,0.000000,171.068944,2.122702,0.899877,0.000000,9.806600,0.000000,0.000000,0.000000,0.720000,0.720000,1.610980,0.000000,0.000000,0.000000,0.000000,9.798296,0.000337,-0.000076,-0.000446,0.000000,0.000000,0.000000
1788402325052229780,36.372322,-1,-1.013898,0.847514,-3.321915,-1.013898,0.847514,-3.321915,0.000000,0.000000,0.000000,0.000000,-0.000034,-0.005167,0.006307,2.122646,0.900314,171.069663,0.000000,0.000000,171.069663,2.122646,0.900314,0.000000,9.806600,0.000000,0.000000,0.000000,0.720000,0.720000,1.610980,0.000000,0.000000,0.000000,0.000000,9.799634,-0.000031,0.000548,0.000077,0.000000,0.000000,0.000000
1788402325085203541,36.405296,-1,-1.013878,0.847480,-3.321884,-1.013878,0.847480,-3.321884,0.000000,0.000000,0.000000,0.000000,0.000021,-0.005311,0.006306,2.122597,0.900577,171.070137,0.000000,0.000000,171.070137,2.122597,0.900577,0.000000,9.806600,0.000000,0.000000,0.000000,0.720000,0.720000,1.610980,0.000000,0.000000,0.000000,0.000000,9.809381,-0.000184,-0.000038,-0.000259,0.000000,0.000000,0.000000
1788402325118190414,36.438283,-1,-1.013860,0.847471,-3.321823,-1.013860,0.847471,-3.321823,0.000000,0.000000,0.000000,0.000000,0.000092,-0.005315,0.006210,2.122624,0.900719,171.070022,0.000000,0.000000,171.070022,2.122624,0.900719,0.000000,9.806600,0.000000,0.000000,0.000000,0.720000,0.720000,1.610980,0.000000,0.000000,0.000000,0.000000,9.803172,-0.000651,-0.000722,-0.000358,0.000000,0.000000,0.000000
1788402325151209366,36.471302,-1,-1.013838,0.847426,-3.321762,-1.013838,0.847426,-3.321762,0.000000,0.000000,0.000000,0.000000,0.000117,-0.005251,0.006213,2.121751,0.900996,171.070541,0.000000,0.000000,171.070541,2.121751,0.900996,0.000000,9.806600,0.000000,0.000000,0.000000,0.720000,0.720000,1.610980,0.000000,0.000000,0.000000,0.000000,9.799206,-0.000285,0.000468,0.000803,0.000000,0.000000,0.000000
1788402325184153639,36.504246,-1,-1.013821,0.847367,-3.321732,-1.013821,0.847367,-3.321732,0.000000,0.000000,0.000000,0.000000,0.000152,-0.005159,0.006203,2.121409,0.900875,171.070631,0.000000,0.000000,171.070631,2.121409,0.900875,0.000000,9.806600,0.000000,0.000000,0.000000,0.720000,0.720000,1.610980,0.000000,0.000000,0.000000,0.000000,9.802821,0.000017,0.000891,0.000105,0.000000,0.000000,0.000000
1788402325217104628,36.537197,-1,-1.013806,0.847329,-3.321671,-1.013806,0.847329,-3.321671,0.000000,0.000000,0.000000,0.000000,0.000091,-0.005120,0.006226,2.121614,0.902102,171.070241,0.000000,0.000000,171.070241,2.121614,0.902102,0.000000,9.806600,0.000000,0.000000,0.000000,0.720000,0.720000,1.610980,0.000000,0.000000,0.000000,0.000000,9.801458,-0.000154,0.000735,0.000010,0.000000,0.000000,0.000000
1788402325250179293,36.570272,-1,-1.013777,0.847209,-3.321625,-1.013777,0.847209,-3.321625,0.000000,0.000000,0.000000,0.000000,0.000112,-0.005015,0.006373,2.121298,0.901720,171.070614,0.000000,0.000000,171.070614,2.121298,0.901720,0.000000,9.806600,0.000000,0.000000,0.000000,0.720000,0.720000,1.610980,0.000000,0.000000,0.000000,0.000000,9.798448,0.000769,-0.000079,-0.000202,0.000000,0.000000,0.000000
1788402325283127340,36.603220,-1,-1.013756,0.847124,-3.321579,-1.013756,0.847124,-3.321579,0.000000,0.000000,0.000000,0.000000,0.000125,-0.004964,0.006246,2.120536,0.901614,171.070344,0.000000,0.000000,171.070344,2.120536,0.901614,0.000000,9.806600,0.000000,0.000000,0.000000,0.720000,0.720000,1.610980,0.000000,0.000000,0.000000,0.000000,9.800370,0.000492,-0.000457,-0.000145,0.000000,0.000000,0.000000
1788402325316064033,36.636157,-1,-1.013736,0.847063,-3.321518,-1.013736,0.847063,-3.321518,0.000000,0.000000,0.000000,0.000000,0.000085,-0.004965,0.006217,2.119954,0.901832,171.070446,0.000000,0.000000,171.070446,2.119954,0.901832,0.000000,9.806600,0.000000,0.000000,0.000000,0.720000,0.720000,1.610980,0.000000,0.000000,0.000000,0.000000,9.806578,-0.000547,0.000115,-0.000073,0.000000,0.000000,0.000000
1788402325349066546,36.669159,-1,-1.013719,0.846925,-3.321548,-1.013719,0.846925,-3.321548,0.000000,0.000000,0.000000,0.000000,0.000236,-0.004841,0.006305,2.119274,0.902090,171.070442,0.000000,0.000000,171.070442,2.119274,0.902090,0.000000,9.806600,0.000000,0.000000,0.000000,0.720000,0.720000,1.610980,0.000000,0.000000,0.000000,0.000000,9.789818,0.000146,-0.000153,-0.000626,0.000000,0.000000,0.000000
1788402325382043185,36.702136,-1,-1.013711,0.846829,-3.321548,-1.013711,0.846829,-3.321548,0.000000,0.000000,0.000000,0.000000,0.000253,-0.004708,0.006225,2.118851,0.902360,171.070140,0.000000,0.000000,171.070140,2.118851,0.902360,0.000000,9.806600,0.000000,0.000000,0.000000,0.720000,0.720000,1.610980,0.000000,0.000000,0.000000,0.000000,9.782883,0.000167,0.000161,-0.000077,0.000000,0.000000,0.000000
1788402325415017970,36.735111,-1,-1.013706,0.846756,-3.321518,-1.013706,0.846756,-3.321518,0.000000,0.000000,0.000000,0.000000,0.000451,-0.004730,0.006282,2.118542,0.902360,171.069969,0.000000,0.000000,171.069969,2.118542,0.902360,0.000000,9.806600,0.000000,0.000000,0.000000,0.720000,0.720000,1.610980,0.000000,0.000000,0.000000,0.000000,9.807130,-0.000289,0.000282,-0.000432,0.000000,0.000000,0.000000
1788402325448032923,36.768126,-1,-1.013695,0.846668,-3.321472,-1.013695,0.846668,-3.321472,0.000000,0.000000,0.000000,0.000000,0.000411,-0.004648,0.006294,2.118873,0.903095,171.069419,0.000000,0.000000,171.069419,2.118873,0.903095,0.000000,9.806600,0.000000,0.000000,0.000000,0.720000,0.720000,1.610980,0.000000,0.000000,0.000000,0.000000,9.797855,0.000289,0.000017,-0.000607,0.000000,0.000000,0.000000
1788402325480969681,36.801062,-1,-1.013681,0.846605,-3.321426,-1.013681,0.846605,-3.321426,0.000000,0.000000,0.000000,0.000000,0.000389,-0.004569,0.006503,2.118254,0.902918,171.069007,0.000000,0.000000,171.069007,2.118254,0.902918,0.000000,9.806600,0.000000,0.000000,0.000000,0.720000,0.720000,1.610980,0.000000,0.000000,0.000000,0.000000,9.787874,0.000333,0.000237,-0.000415,0.000000,0.000000,0.000000
1788402325513964742,36.834057,-1,-1.013666,0.846567,-3.321350,-1.013666,0.846567,-3.321350,0.000000,0.000000,0.000000,0.000000,0.000246,-0.004709,0.006437,2.118666,0.902771,171.068424,0.000000,0.000000,171.068424,2.118666,0.902771,0.000000,9.806600,0.000000,0.000000,0.000000,0.720000,0.720000,1.610980,0.000000,0.000000,0.000000,0.000000,9.800135,-0.000274,0.000300,0.000208,0.000000,0.000000,0.000000
1788402325546988651,36.867081,-1,-1.013635,0.846534,-3.321289,-1.013635,0.846534,-3.321289,0.000000,0.000000,0.000000,0.000000,0.000259,-0.004713,0.006328,2.118699,0.901829,171.068450,0.000000,0.000000,171.068450,2.118699,0.901829,0.000000,9.806600,0.000000,0.000000,0.000000,0.720000,0.720000,1.610980,0.000000,0.000000,0.000000,0.000000,9.807240,0.000015,-0.000620,-0.000117,0.000000,0.000000,0.000000
1788402325579946836,36.900040,-1,-1.013611,0.846530,-3.321259,-1.013611,0.846530,-3.321259,0.000000,0.000000,0.000000,0.000000,0.000175,-0.004697,0.006439,2.118849,0.901716,171.067837,0.000000,0.000000,171.067837,2.118849,0.901716,0.000000,9.806600,0.000000,0.000000,0.000000,0.720000,0.720000,1.610980,0.000000,0.000000,0.000000,0.000000,9.802176,-0.000460,-0.000763,0.000027,0.000000,0.000000,0.000000
1788402325612915672,36.933008,-1,-1.013588,0.846545,-3.321228,-1.013588,0.846545,-3.321228,0.000000,0.000000,0.000000,0.000000,0.000217,-0.004704,0.006411,2.118419,0.901322,171.066774,0.000000,0.000000,171.066774,2.118419,0.901322,0.000000,9.806600,0.000000,0.000000,0.000000,0.720000,0.720000,1.610980,0.000000,0.000000,0.000000,0.000000,9.802973,0.000317,0.000311,0.000267,0.000000,0.000000,0.000000
1788402325645919368,36.966012,-1,-1.013557,0.846557,-3.321182,-1.013557,0.846557,-3.321182,0.000000,0.000000,0.000000,0.000000,0.000323,-0.004712,0.006316,2.118416,0.901619,171.066625,0.000000,0.000000,171.066625,2.118416,0.901619,0.000000,9.806600,0.000000,0.000000,0.000000,0.720000,0.720000,1.610980,0.000000,0.000000,0.000000,0.000000,9.802267,-0.000132,-0.000050,-0.000369,0.000000,0.000000,0.000000
1788402325678870325,36.998963,-1,-1.013531,0.846564,-3.321121,-1.013531,0.846564,-3.321121,0.000000,0.000000,0.000000,0.000000,0.000267,-0.004758,0.006499,2.118759,0.902498,171.066411,0.000000,0.000000,171.066411,2.118759,0.902498,0.000000,9.806600,0.000000,0.000000,0.000000,0.720000,0.720000,1.610980,0.000000,0.000000,0.000000,0.000000,9.810782,0.000325,-0.000237,-0.000141,0.000000,0.000000,0.000000
1788402325711854032,37.031947,-1,-1.013508,0.846589,-3.321060,-1.013508,0.846589,-3.321060,0.000000,0.000000,0.000000,0.000000,0.000228,-0.004712,0.006575,2.118195,0.902155,171.066507,0.000000,0.000000,171.066507,2.118195,0.902155,0.000000,9.806600,0.000000,0.000000,0.000000,0.720000,0.720000,1.610980,0.000000,0.000000,0.000000,0.000000,9.811802,0.000032,-0.000354,-0.000557,0.000000,0.000000,0.000000
1788402325744877302,37.064970,-1,-1.013469,0.846577,-3.320999,-1.013469,0.846577,-3.320999,0.000000,0.000000,0.000000,0.000000,0.000297,-0.004907,0.006529,2.118486,0.902712,171.066809,0.000000,0.000000,171.066809,2.118486,0.902712,0.000000,9.806600,0.000000,0.000000,0.000000,0.720000,0.720000,1.610980,0.000000,0.000000,0.000000,0.000000,9.802170,0.000045,0.000495,0.000256,0.000000,0.000000,0.000000
1788402325777838493,37.097931,-1,-1.013441,0.846575,-3.320969,-1.013441,0.846575,-3.320969,0.000000,0.000000,0.000000,0.000000,0.000407,-0.004802,0.006629,2.118742,0.903280,171.066726,0.000000,0.000000,171.066726,2.118742,0.903280,0.000000,9.806600,0.000000,0.000000,0.000000,0.720000,0.720000,1.610980,0.000000,0.000000,0.000000,0.000000,9.806998,0.000199,0.000459,-0.000116,0.000000,0.000000,0.000000
1788402325810836752,37.130929,-1,-1.013420,0.846590,-3.320908,-1.013420,0.846590,-3.320908,0.000000,0.000000,0.000000,0.000000,0.000468,-0.004797,0.006734,2.119249,0.903395,171.067405,0.000000,0.000000,171.067405,2.119249,0.903395,0.000000,9.806600,0.000000,0.000000,0.000000,0.720000,0.720000,1.610980,0.000000,0.000000,0.000000,0.000000,9.797553,0.000311,-0.000031,0.000216,0.000000,0.000000,0.000000
1788402325843838913,37.163932,-1,-1.013391,0.846575,-3.320847,-1.013391,0.846575,-3.320847,0.000000,0.000000,0.000000,0.000000,0.000429,-0.004803,0.006732,2.119200,0.903441,171.066999,0.000000,0.000000,171.066999,2.119200,0.903441,0.000000,9.806600,0.000000,0.000000,0.000000,0.720000,0.720000,1.610980,0.000000,0.000000,0.000000,0.000000,9.800831,-0.000247,-0.000655,-0.000752,0.000000,0.000000,0.000000
1788402325876757473,37.196850,-1,-1.013369,0.846574,-3.320801,-1.013369,0.846574,-3.320801,0.000000,0.000000,0.000000,0.000000,0.000421,-0.004915,0.006748,2.118730,0.903501,171.067344,0.000000,0.000000,171.067344,2.118730,0.903501,0.000000,9.806600,0.000000,0.000000,0.000000,0.720000,0.720000,1.610980,0.000000,0.000000,0.000000,0.000000,9.802669,-0.000271,-0.000240,-0.000358,0.000000,0.000000,0.000000
1788402325909758515,37.229851,-1,-1.013349,0.846593,-3.320755,-1.013349,0.846593,-3.320755,0.000000,0.000000,0.000000,0.000000,0.000409,-0.004854,0.006878,2.118483,0.903576,171.067812,0.000000,0.000000,171.067812,2.118483,0.903576,0.000000,9.806600,0.000000,0.000000,0.000000,0.720000,0.720000,1.610980,0.000000,0.000000,0.000000,0.000000,9.802047,0.000510,0.000484,-0.000100,0.000000,0.000000,0.000000
1788402325942745292,37.262838,-1,-1.013337,0.846630,-3.320724,-1.013337,0.846630,-3.320724,0.000000,0.000000,0.000000,0.000000,0.000396,-0.005012,0.006772,2.118265,0.904718,171.068399,0.000000,0.000000,171.068399,2.118265,0.904718,0.000000,9.806600,0.000000,0.000000,0.000000,0.720000,0.720000,1.610980,0.000000,0.000000,0.000000,0.000000,9.801295,-0.000066,0.000622,-0.000093,0.000000,0.000000,0.000000
1788402325975720972,37.295814,-1,-1.013333,0.846678,-3.320694,-1.013333,0.846678,-3.320694,0.000000,0.000000,0.000000,0.000000,0.000450,-0.005116,0.006751,2.118608,0.905524,171.069144,0.000000,0.000000,171.069144,2.118608,0.905524,0.000000,9.806600,0.000000,0.000000,0.000000,0.720000,0.720000,1.610980,0.000000,0.000000,0.000000,0.000000,9.807234,0.000143,0.000489,0.000189,0.000000,0.000000,0.000000
1788402326008651188,37.328744,-1,-1.013330,0.846743,-3.320663,-1.013330,0.846743,-3.320663,0.000000,0.000000,0.000000,0.000000,0.000508,-0.005098,0.006687,2.119062,0.905752,171.069240,0.000000,0.000000,171.069240,2.119062,0.905752,0.000000,9.806600,0.000000,0.000000,0.000000,0.720000,0.720000,1.610980,0.000000,0.000000,0.000000,0.000000,9.787966,0.000153,0.000138,-0.000256,0.000000,0.000000,0.000000
1788402326041696069,37.361789,-1,-1.013365,0.846885,-3.320679,-1.013365,0.846885,-3.320679,0.000000,0.000000,0.000000,0.000000,0.000713,-0.005043,0.006788,2.118439,0.905833,171.069844,0.000000,0.000000,171.069844,2.118439,0.905833,0.000000,9.806600,0.000000,0.000000,0.000000,0.720000,0.720000,1.610980,0.000000,0.000000,0.000000,0.000000,9.806265,-0.000025,0.000342,-0.000121,0.000000,0.000000,0.000000
1788402326074702776,37.394795,-1,-1.013400,0.847018,-3.320663,-1.013400,0.847018,-3.320663,0.000000,0.000000,0.000000,0.000000,0.000811,-0.005215,0.006852,2.118174,0.905384,171.070112,0.000000,0.000000,171.070112,2.118174,0.905384,0.000000,9.806600,0.000000,0.000000,0.000000,0.720000,0.720000,1.610980,0.000000,0.000000,0.000000,0.000000,9.799571,-0.000446,-0.000602,0.000067,0.000000,0.000000,0.000000
1788402326107631560,37.427724,-1,-1.013436,0.847164,-3.320633,-1.013436,0.847164,-3.320633,0.000000,0.000000,0.000000,0.000000,0.000817,-0.005328,0.006743,2.118444,0.905195,171.070196,0.000000,0.000000,171.070196,2.118444,0.905195,0.000000,9.806600,0.000000,0.000000,0.000000,0.720000,0.720000,1.610980,0.000000,0.000000,0.000000,0.000000,9.795951,-0.000552,-0.000443,0.000071,0.000000,0.000000,0.000000
1788402326140647288,37.460740,-1,-1.013486,0.847295,-3.320602,-1.013486,0.847295,-3.320602,0.000000,0.000000,0.000000,0.000000,0.000895,-0.005348,0.006827,2.118994,0.905923,171.070575,0.000000,0.000000,171.070575,2.118994,0.905923,0.000000,9.806600,0.000000,0.000000,0.000000,0.720000,0.720000,1.610980,0.000000,0.000000,0.000000,0.000000,9.801349,0.000188,0.000647,0.000067,0.000000,0.000000,0.000000
1788402326173629844,37.493723,-1,-1.013560,0.847474,-3.320557,-1.013560,0.847474,-3.320557,0.000000,0.000000,0.000000,0.000000,0.000920,-0.005491,0.006764,2.119870,0.905762,171.070336,0.000000,0.000000,171.070336,2.119870,0.905762,0.000000,9.806600,0.000000,0.000000,0.000000,0.720000,0.720000,1.610980,0.000000,0.000000,0.000000,0.000000,9.802811,0.000667,-0.000318,-0.000102,0.000000,0.000000,0.000000
1788402326206588506,37.526681,-1,-1.013613,0.847624,-3.320511,-1.013613,0.847624,-3.320511,0.000000,0.000000,0.000000,0.000000,0.001080,-0.005548,0.006778,2.120023,0.905246,171.070353,0.000000,0.000000,171.070353,2.120023,0.905246,0.000000,9.806600,0.000000,0.000000,0.000000,0.720000,0.720000,1.610980,0.000000,0.000000,0.000000,0.000000,9.796054,0.000024,-0.000387,-0.000398,0.000000,0.000000,0.000000
1788402326239626882,37.559720,-1,-1.013651,0.847694,-3.320465,-1.013651,0.847694,-3.320465,0.000000,0.000000,0.000000,0.000000,0.001179,-0.005610,0.006654,2.119968,0.905702,171.070606,0.000000,0.000000,171.070606,2.119968,0.905702,0.000000,9.806600,0.000000,0.000000,0.000000,0.720000,0.720000,1.610980,0.000000,0.000000,0.000000,0.000000,9.796382,-0.000192,-0.000108,-0.000300,0.000000,0.000000,0.000000
1788402326272597570,37.592690,-1,-1.013694,0.847759,-3.320374,-1.013694,0.847759,-3.320374,0.000000,0.000000,0.000000,0.000000,0.001277,-0.005678,0.006757,2.119775,0.905726,171.070841,0.000000,0.000000,171.070841,2.119775,0.905726,0.000000,9.806600,0.000000,0.000000,0.000000,0.720000,0.720000,1.610980,0.000000,0.000000,0.000000,0.000000,9.805919,-0.000036,0.000121,0.000680,0.000000,0.000000,0.000000
1788402326305577984,37.625671,-1,-1.013726,0.847830,-3.320282,-1.013726,0.847830,-3.320282,0.000000,0.000000,0.000000,0.000000,0.001310,-0.005622,0.006655,2.120490,0.906226,171.070615,0.000000,0.000000,171.070615,2.120490,0.906226,0.000000,9.806600,0.000000,0.000000,0.000000,0.720000,0.720000,1.610980,0.000000,0.000000,0.000000,0.000000,9.801003,0.000087,0.000376,0.000153,0.000000,0.000000,0.000000
1788402326338511950,37.658605,-1,-1.013726,0.847830,-3.320282,-1.013726,0.847830,-3.320282,0.000000,0.000000,0.000000,0.000000,0.001310,-0.005622,0.006655,2.120490,0.906226,171.070615,0.000000,0.000000,171.070615,2.120490,0.906226,0.000000,9.806600,0.000000,0.000000,0.000000,0.720000,0.720000,1.610980,0.000000,0.000000,0.000000,0.000000,9.797532,0.000134,0.000512,0.000209,0.000000,0.000000,0.000000
1788402326371610208,37.691703,-1,-1.013756,0.847835,-3.320190,-1.013756,0.847835,-3.320190,0.000000,0.000000,0.000000,0.000000,0.001374,-0.005557,0.006634,2.120960,0.906850,171.070712,0.000000,0.000000,171.070712,2.120960,0.906850,0.000000,9.806600,0.000000,0.000000,0.000000,0.720000,0.720000,1.610980,0.000000,0.000000,0.000000,0.000000,9.803144,0.000054,-0.000147,-0.000099,0.000000,0.000000,0.000000
1788402326404537201,37.724630,-1,-1.013829,0.847832,-3.319962,-1.013829,0.847832,-3.319962,0.000000,0.000000,0.000000,0.000000,0.001422,-0.005476,0.006666,2.120593,0.906898,171.070516,0.000000,0.000000,171.070516,2.120593,0.906898,0.000000,9.806600,0.000000,0.000000,0.000000,0.720000,0.720000,1.610980,0.000000,0.000000,0.000000,0.000000,9.796329,0.000089,-0.000926,-0.000500,0.000000,0.000000,0.000000
1788402326437538246,37.757631,-1,-1.013829,0.847832,-3.319962,-1.013829,0.847832,-3.319962,0.000000,0.000000,0.000000,0.000000,0.001422,-0.005476,0.006666,2.120593,0.906898,171.070516,0.000000,0.000000,171.070516,2.120593,0.906898,0.000000,9.806600,0.000000,0.000000,0.000000,0.720000,0.720000,1.610980,0.000000,0.000000,0.000000,0.000000,9.796414,0.000472,0.000015,-0.000906,0.000000,0.000000,0.000000
1788402326470545274,37.790638,-1,-1.013893,0.847837,-3.319870,-1.013893,0.847837,-3.319870,0.000000,0.000000,0.000000,0.000000,0.001541,-0.005375,0.006583,2.121077,0.905967,171.069990,0.000000,0.000000,171.069990,2.121077,0.905967,0.000000,9.806600,0.000000,0.000000,0.000000,0.720000,0.720000,1.610980,0.000000,0.000000,0.000000,0.000000,9.794061,-0.000098,-0.000110,0.000229,0.000000,0.000000,0.000000
1788402326503559691,37.823652,-1,-1.013946,0.847853,-3.319809,-1.013946,0.847853,-3.319809,0.000000,0.000000,0.000000,0.000000,0.001621,-0.005316,0.006607,2.120616,0.905683,171.070264,0.000000,0.000000,171.070264,2.120616,0.905683,0.000000,9.806600,0.000000,0.000000,0.000000,0.720000,0.720000,1.610980,0.000000,0.000000,0.000000,0.000000,9.792150,0.000285,0.000368,-0.000121,0.000000,0.000000,0.000000
1788402326536520975,37.856614,-1,-1.013997,0.847886,-3.319717,-1.013997,0.847886,-3.319717,0.000000,0.000000,0.000000,0.000000,0.001490,-0.005384,0.006534,2.120672,0.906224,171.070298,0.000000,0.000000,171.070298,2.120672,0.906224,0.000000,9.806600,0.000000,0.000000,0.000000,0.720000,0.720000,1.610980,0.000000,0.000000,0.000000,0.000000,9.813707,-0.000053,-0.000348,0.000466,0.000000,0.000000,0.000000
1788402326569530850,37.889624,-1,-1.014046,0.847883,-3.319611,-1.014046,0.847883,-3.319611,0.000000,0.000000,0.000000,0.000000,0.001600,-0.005369,0.006459,2.120874,0.904879,171.070157,0.000000,0.000000,171.070157,2.120874,0.904879,0.000000,9.806600,0.000000,0.000000,0.000000,0.720000,0.720000,1.610980,0.000000,0.000000,0.000000,0.000000,9.804946,0.000284,-0.000466,0.000254,0.000000,0.000000,0.000000
1788402326602488455,37.922581,-1,-1.014112,0.847872,-3.319473,-1.014112,0.847872,-3.319473,0.000000,0.000000,0.000000,0.000000,0.001690,-0.005308,0.006510,2.120973,0.905108,171.070258,0.000000,0.000000,171.070258,2.120973,0.905108,0.000000,9.806600,0.000000,0.000000,0.000000,0.720000,0.720000,1.610980,0.000000,0.000000,0.000000,0.000000,9.786185,0.000376,-0.000070,-0.000205,0.000000,0.000000,0.000000
1788402326635461671,37.955554,-1,-1.014162,0.847885,-3.319382,-1.014162,0.847885,-3.319382,0.000000,0.000000,0.000000,0.000000,0.001780,-0.005231,0.006439,2.120557,0.905057,171.069879,0.000000,0.000000,171.069879,2.120557,0.905057,0.000000,9.806600,0.000000,0.000000,0.000000,0.720000,0.720000,1.610980,0.000000,0.000000,0.000000,0.000000,9.800528,-0.000337,0.001049,-0.000141,0.000000,0.000000,0.000000
1788402326668461501,37.988554,-1,-1.014209,0.847880,-3.319305,-1.014209,0.847880,-3.319305,0.000000,0.000000,0.000000,0.000000,0.001894,-0.005221,0.006389,2.120658,0.905651,171.069974,0.000000,0.000000,171.069974,2.120658,0.905651,0.000000,9.806600,0.000000,0.000000,0.000000,0.720000,0.720000,1.610980,0.000000,0.000000,0.000000,0.000000,9.800824,0.000888,-0.000115,0.000173,0.000000,0.000000,0.000000
1788402326701446393,38.021539,-1,-1.014259,0.847817,-3.319214,-1.014259,0.847817,-3.319214,0.000000,0.000000,0.000000,0.000000,0.001925,-0.005240,0.006481,2.121317,0.906191,171.070140,0.000000,0.000000,171.070140,2.121317,0.906191,0.000000,9.806600,0.000000,0.000000,0.000000,0.720000,0.720000,1.610980,0.000000,0.000000,0.000000,0.000000,9.809036,-0.000124,-0.000095,0.000339,0.000000,0.000000,0.000000
1788402326734406461,38.054499,-1,-1.014297,0.847798,-3.319122,-1.014297,0.847798,-3.319122,0.000000,0.000000,0.000000,0.000000,0.001888,-0.005275,0.006498,2.121683,0.905895,171.070235,0.000000,0.000000,171.070235,2.121683,0.905895,0.000000,9.806600,0.000000,0.000000,0.000000,0.720000,0.720000,1.610980,0.000000,0.000000,0.000000,0.000000,9.800141,0.000176,-0.000222,0.000126,0.000000,0.000000,0.000000
1788402326767477497,38.087570,-1,-1.014316,0.847760,-3.319046,-1.014316,0.847760,-3.319046,0.000000,0.000000,0.000000,0.000000,0.001890,-0.005363,0.006540,2.122324,0.905872,171.070255,0.000000,0.000000,171.070255,2.122324,0.905872,0.000000,9.806600,0.000000,0.000000,0.000000,0.720000,0.720000,1.610980,0.000000,0.000000,0.000000,0.000000,9.798145,-0.000096,-0.000474,-0.000410,0.000000,0.000000,0.000000
1788402326800511587,38.120604,-1,-1.014334,0.847721,-3.318878,-1.014334,0.847721,-3.318878,0.000000,0.000000,0.000000,0.000000,0.001918,-0.005312,0.006414,2.122274,0.905526,171.069725,0.000000,0.000000,171.069725,2.122274,0.905526,0.000000,9.806600,0.000000,0.000000,0.000000,0.720000,0.720000,1.610980,0.000000,0.000000,0.000000,0.000000,9.790421,0.000075,0.000223,-0.000540,0.000000,0.000000,0.000000
1788402326833362256,38.153455,-1,-1.014352,0.847716,-3.318771,-1.014352,0.847716,-3.318771,0.000000,0.000000,0.000000,0.000000,0.002018,-0.005205,0.006387,2.122105,0.906187,171.069346,0.000000,0.000000,171.069346,2.122105,0.906187,0.000000,9.806600,0.000000,0.000000,0.000000,0.720000,0.720000,1.610980,0.000000,0.000000,0.000000,0.000000,9.807804,0.000058,-0.000368,0.000035,0.000000,0.000000,0.000000
1788402326866402743,38.186495,-1,-1.014373,0.847672,-3.318695,-1.014373,0.847672,-3.318695,0.000000,0.000000,0.000000,0.000000,0.001993,-0.005103,0.006354,2.122317,0.906505,171.069542,0.000000,0.000000,171.069542,2.122317,0.906505,0.000000,9.806600,0.000000,0.000000,0.000000,0.720000,0.720000,1.610980,0.000000,0.000000,0.000000,0.000000,9.796466,-0.000495,-0.000119,0.000304,0.000000,0.000000,0.000000
1788402326899351840,38.219445,-1,-1.014402,0.847609,-3.318588,-1.014402,0.847609,-3.318588,0.000000,0.000000,0.000000,0.000000,0.001955,-0.004964,0.006380,2.121971,0.906665,171.069757,0.000000,0.000000,171.069757,2.121971,0.906665,0.000000,9.806600,0.000000,0.000000,0.000000,0.720000,0.720000,1.610980,0.000000,0.000000,0.000000,0.000000,9.809377,0.000049,0.000054,-0.000456,0.000000,0.000000,0.000000
1788402326932241246,38.252334,-1,-1.014424,0.847585,-3.318512,-1.014424,0.847585,-3.318512,0.000000,0.000000,0.000000,0.000000,0.002011,-0.004859,0.006393,2.121902,0.906409,171.069710,0.000000,0.000000,171.069710,2.121902,0.906409,0.000000,9.806600,0.000000,0.000000,0.000000,0.720000,0.720000,1.610980,0.000000,0.000000,0.000000,0.000000,9.805566,-0.000388,0.000037,0.000140,0.000000,0.000000,0.000000
1788402326965352587,38.285445,-1,-1.014441,0.847488,-3.318436,-1.014441,0.847488,-3.318436,0.000000,0.000000,0.000000,0.000000,0.002128,-0.004835,0.006362,2.122703,0.906267,171.069783,0.000000,0.000000,171.069783,2.122703,0.906267,0.000000,9.806600,0.000000,0.000000,0.000000,0.720000,0.720000,1.610980,0.000000,0.000000,0.000000,0.000000,9.797747,-0.000242,0.000403,-0.000237,0.000000,0.000000,0.000000
1788402326998346020,38.318439,-1,-1.014463,0.847340,-3.318298,-1.014463,0.847340,-3.318298,0.000000,0.000000,0.000000,0.000000,0.002154,-0.004703,0.006424,2.122116,0.906171,171.069705,0.000000,0.000000,171.069705,2.122116,0.906171,0.000000,9.806600,0.000000,0.000000,0.000000,0.720000,0.720000,1.610980,0.000000,0.000000,0.000000,0.000000,9.797217,-0.000279,-0.000236,-0.000014,0.000000,0.000000,0.000000
1788402327031364256,38.351457,-1,-1.014481,0.847257,-3.318146,-1.014481,0.847257,-3.318146,0.000000,0.000000,0.000000,0.000000,0.002138,-0.004697,0.006293,2.121622,0.906010,171.069349,0.000000,0.000000,171.069349,2.121622,0.906010,0.000000,9.806600,0.000000,0.000000,0.000000,0.720000,0.720000,1.610980,0.000000,0.000000,0.000000,0.000000,9.802281,0.000384,-0.000301,0.000482,0.000000,0.000000,0.000000
1788402327064448257,38.384541,-1,-1.014501,0.847166,-3.318008,-1.014501,0.847166,-3.318008,0.000000,0.000000,0.000000,0.000000,0.002097,-0.004757,0.006376,2.121175,0.906551,171.069848,0.000000,0.000000,171.069848,2.121175,0.906551,0.000000,9.806600,0.000000,0.000000,0.000000,0.720000,0.720000,1.610980,0.000000,0.000000,0.000000,0.000000,9.803364,0.000021,0.000338,-0.000134,0.000000,0.000000,0.000000
1788402327097453763,38.417546,-1,-1.014529,0.847063,-3.317825,-1.014529,0.847063,-3.317825,0.000000,0.000000,0.000000,0.000000,0.002073,-0.004629,0.006517,2.120636,0.905981,171.069641,0.000000,0.000000,171.069641,2.120636,0.905981,0.000000,9.806600,0.000000,0.000000,0.000000,0.720000,0.720000,1.610980,0.000000,0.000000,0.000000,0.000000,9.789717,-0.000329,0.000089,0.000057,0.000000,0.000000,0.000000
1788402327130486983,38.450580,-1,-1.014553,0.847012,-3.317673,-1.014553,0.847012,-3.317673,0.000000,0.000000,0.000000,0.000000,0.002110,-0.004740,0.006394,2.120610,0.905736,171.069706,0.000000,0.000000,171.069706,2.120610,0.905736,0.000000,9.806600,0.000000,0.000000,0.000000,0.720000,0.720000,1.610980,0.000000,0.000000,0.000000,0.000000,9.810810,0.000163,-0.000067,-0.000580,0.000000,0.000000,0.000000
1788402327163486305,38.483579,-1,-1.014565,0.846922,-3.317566,-1.014565,0.846922,-3.317566,0.000000,0.000000,0.000000,0.000000,0.002110,-0.004709,0.006468,2.120193,0.905320,171.069110,0.000000,0.000000,171.069110,2.120193,0.905320,0.000000,9.806600,0.000000,0.000000,0.000000,0.720000,0.720000,1.610980,0.000000,0.000000,0.000000,0.000000,9.802717,-0.000014,-0.000406,-0.000542,0.000000,0.000000,0.000000
1788402327196546533,38.516639,-1,-1.014575,0.846796,-3.317413,-1.014575,0.846796,-3.317413,0.000000,0.000000,0.000000,0.000000,0.002161,-0.004419,0.006461,2.119461,0.905476,171.068316,0.000000,0.000000,171.068316,2.119461,0.905476,0.000000,9.806600,0.000000,0.000000,0.000000,0.720000,0.720000,1.610980,0.000000,0.000000,0.000000,0.000000,9.803869,-0.000436,-0.000569,-0.000131,0.000000,0.000000,0.000000
1788402327229586416,38.549679,-1,-1.014589,0.846727,-3.317291,-1.014589,0.846727,-3.317291,0.000000,0.000000,0.000000,0.000000,0.002226,-0.004461,0.006520,2.119092,0.905324,171.067946,0.000000,0.000000,171.067946,2.119092,0.905324,0.000000,9.806600,0.000000,0.000000,0.000000,0.720000,0.720000,1.610980,0.000000,0.000000,0.000000,0.000000,9.794826,0.000263,-0.000029,-0.000210,0.000000,0.000000,0.000000
1788402327262657634,38.582750,-1,-1.014598,0.846638,-3.317215,-1.014598,0.846638,-3.317215,0.000000,0.000000,0.000000,0.000000,0.002322,-0.004333,0.006369,2.119529,0.905861,171.068092,0.000000,0.000000,171.068092,2.119529,0.905861,0.000000,9.806600,0.000000,0.000000,0.000000,0.720000,0.720000,1.610980,0.000000,0.000000,0.000000,0.000000,9.796490,0.000027,-0.000055,0.000086,0.000000,0.000000,0.000000
1788402327295674545,38.615767,-1,-1.014612,0.846529,-3.317123,-1.014612,0.846529,-3.317123,0.000000,0.000000,0.000000,0.000000,0.002339,-0.004368,0.006220,2.119042,0.906154,171.067605,0.000000,0.000000,171.067605,2.119042,0.906154,0.000000,9.806600,0.000000,0.000000,0.000000,0.720000,0.720000,1.610980,0.000000,0.000000,0.000000,0.000000,9.798924,-0.000036,0.000436,-0.000279,0.000000,0.000000,0.000000
1788402327328740605,38.648833,-1,-1.014627,0.846474,-3.317032,-1.014627,0.846474,-3.317032,0.000000,0.000000,0.000000,0.000000,0.002463,-0.004281,0.006159,2.118983,0.906604,171.066781,0.000000,0.000000,171.066781,2.118983,0.906604,0.000000,9.806600,0.000000,0.000000,0.000000,0.720000,0.720000,1.610980,0.000000,0.000000,0.000000,0.000000,9.812535,0.000512,-0.000300,-0.000062,0.000000,0.000000,0.000000
1788402327361783916,38.681877,-1,-1.014630,0.846410,-3.316956,-1.014630,0.846410,-3.316956,0.000000,0.000000,0.000000,0.000000,0.002511,-0.004281,0.006209,2.119039,0.906827,171.066588,0.000000,0.000000,171.066588,2.119039,0.906827,0.000000,9.806600,0.000000,0.000000,0.000000,0.720000,0.720000,1.610980,0.000000,0.000000,0.000000,0.000000,9.791491,-0.000363,-0.000341,-0.000482,0.000000,0.000000,0.000000
1788402327394780579,38.714873,-1,-1.014632,0.846354,-3.316864,-1.014632,0.846354,-3.316864,0.000000,0.000000,0.000000,0.000000,0.002545,-0.004281,0.006102,2.118852,0.906523,171.066261,0.000000,0.000000,171.066261,2.118852,0.906523,0.000000,9.806600,0.000000,0.000000,0.000000,0.720000,0.720000,1.610980,0.000000,0.000000,0.000000,0.000000,9.808206,-0.000178,-0.000457,-0.000046,0.000000,0.000000,0.000000
1788402327427853110,38.747946,-1,-1.014644,0.846318,-3.316696,-1.014644,0.846318,-3.316696,0.000000,0.000000,0.000000,0.000000,0.002574,-0.004362,0.006279,2.118437,0.906704,171.066030,0.000000,0.000000,171.066030,2.118437,0.906704,0.000000,9.806600,0.000000,0.000000,0.000000,0.720000,0.720000,1.610980,0.000000,0.000000,0.000000,0.000000,9.799684,0.000591,-0.000084,-0.000065,0.000000,0.000000,0.000000
1788402327460871848,38.780965,-1,-1.014641,0.846261,-3.316605,-1.014641,0.846261,-3.316605,0.000000,0.000000,0.000000,0.000000,0.002450,-0.004243,0.006279,2.118373,0.906714,171.065897,0.000000,0.000000,171.065897,2.118373,0.906714,0.000000,9.806600,0.000000,0.000000,0.000000,0.720000,0.720000,1.610980,0.000000,0.000000,0.000000,0.000000,9.797005,-0.000388,-0.000798,0.000320,0.000000,0.000000,0.000000
1788402327493896609,38.813989,-1,-1.014634,0.846200,-3.316513,-1.014634,0.846200,-3.316513,0.000000,0.000000,0.000000,0.000000,0.002381,-0.004243,0.006292,2.117965,0.906081,171.066282,0.000000,0.000000,171.066282,2.117965,0.906081,0.000000,9.806600,0.000000,0.000000,0.000000,0.720000,0.720000,1.610980,0.000000,0.000000,0.000000,0.000000,9.800349,-0.000071,0.000205,0.000048,0.000000,0.000000,0.000000
1788402327526968275,38.847061,-1,-1.014633,0.846155,-3.316376,-1.014633,0.846155,-3.316376,0.000000,0.000000,0.000000,0.000000,0.002410,-0.004204,0.006342,2.118356,0.906233,171.066315,0.000000,0.000000,171.066315,2.118356,0.906233,0.000000,9.806600,0.000000,0.000000,0.000000,0.720000,0.720000,1.610980,0.000000,0.000000,0.000000,0.000000,9.794345,-0.000294,0.000026,-0.000489,0.000000,0.000000,0.000000
1788402327560036577,38.880129,-1,-1.014625,0.846088,-3.316284,-1.014625,0.846088,-3.316284,0.000000,0.000000,0.000000,0.000000,0.002453,-0.004287,0.006232,2.118374,0.906167,171.065509,0.000000,0.000000,171.065509,2.118374,0.906167,0.000000,9.806600,0.000000,0.000000,0.000000,0.720000,0.720000,1.610980,0.000000,0.000000,0.000000,0.000000,9.799297,0.000407,0.000165,-0.000066,0.000000,0.000000,0.000000
1788402327593059736,38.913152,-1,-1.014613,0.846004,-3.316162,-1.014613,0.846004,-3.316162,0.000000,0.000000,0.000000,0.000000,0.002376,-0.004384,0.006357,2.118745,0.906518,171.065092,0.000000,0.000000,171.065092,2.118745,0.906518,0.000000,9.806600,0.000000,0.000000,0.000000,0.720000,0.720000,1.610980,0.000000,0.000000,0.000000,0.000000,9.813887,0.000047,0.000217,-0.000723,0.000000,0.000000,0.000000
1788402327626085202,38.946178,-1,-1.014609,0.845967,-3.316025,-1.014609,0.845967,-3.316025,0.000000,0.000000,0.000000,0.000000,0.002275,-0.004384,0.006403,2.118777,0.906672,171.065288,0.000000,0.000000,171.065288,2.118777,0.906672,0.000000,9.806600,0.000000,0.000000,0.000000,0.720000,0.720000,1.610980,0.000000,0.000000,0.000000,0.000000,9.804780,0.000792,0.000634,-0.000297,0.000000,0.000000,0.000000
1788402327659192816,38.979285,-1,-1.014593,0.845900,-3.315918,-1.014593,0.845900,-3.315918,0.000000,0.000000,0.000000,0.000000,0.002203,-0.004496,0.006425,2.119487,0.907483,171.065435,0.000000,0.000000,171.065435,2.119487,0.907483,0.000000,9.806600,0.000000,0.000000,0.000000,0.720000,0.720000,1.610980,0.000000,0.000000,0.000000,0.000000,9.809358,-0.000069,0.000292,-0.000791,0.000000,0.000000,0.000000
1788402327692103295,39.012196,-1,-1.014575,0.845832,-3.315842,-1.014575,0.845832,-3.315842,0.000000,0.000000,0.000000,0.000000,0.002133,-0.004494,0.006494,2.119463,0.907693,171.065069,0.000000,0.000000,171.065069,2.119463,0.907693,0.000000,9.806600,0.000000,0.000000,0.000000,0.720000,0.720000,1.610980,0.000000,0.000000,0.000000,0.000000,9.794444,0.000004,0.000087,-0.000442,0.000000,0.000000,0.000000
1788402327725196170,39.045289,-1,-1.014557,0.845777,-3.315720,-1.014557,0.845777,-3.315720,0.000000,0.000000,0.000000,0.000000,0.002072,-0.004529,0.006506,2.118774,0.907373,171.064758,0.000000,0.000000,171.064758,2.118774,0.907373,0.000000,9.806600,0.000000,0.000000,0.000000,0.720000,0.720000,1.610980,0.000000,0.000000,0.000000,0.000000,9.809154,0.000134,0.000584,0.000001,0.000000,0.000000,0.000000
1788402327758248901,39.078342,-1,-1.014536,0.845732,-3.315643,-1.014536,0.845732,-3.315643,0.000000,0.000000,0.000000,0.000000,0.002040,-0.004557,0.006718,2.118969,0.907472,171.065218,0.000000,0.000000,171.065218,2.118969,0.907472,0.000000,9.806600,0.000000,0.000000,0.000000,0.720000,0.720000,1.610980,0.000000,0.000000,0.000000,0.000000,9.802139,0.000111,0.000002,0.000044,0.000000,0.000000,0.000000
1788402327791285453,39.111378,-1,-1.014515,0.845696,-3.315567,-1.014515,0.845696,-3.315567,0.000000,0.000000,0.000000,0.000000,0.002020,-0.004602,0.006712,2.118857,0.907482,171.065601,0.000000,0.000000,171.065601,2.118857,0.907482,0.000000,9.806600,0.000000,0.000000,0.000000,0.720000,0.720000,1.610980,0.000000,0.000000,0.000000,0.000000,9.794883,-0.000658,0.000466,-0.000202,0.000000,0.000000,0.000000
1788402327824318960,39.144412,-1,-1.014497,0.845680,-3.315430,-1.014497,0.845680,-3.315430,0.000000,0.000000,0.000000,0.000000,0.002093,-0.004627,0.006663,2.118306,0.908136,171.064932,0.000000,0.000000,171.064932,2.118306,0.908136,0.000000,9.806600,0.000000,0.000000,0.000000,0.720000,0.720000,1.610980,0.000000,0.000000,0.000000,0.000000,9.798916,-0.000113,0.000410,-0.000023,0.000000,0.000000,0.000000
1788402327857359036,39.177452,-1,-1.014479,0.845664,-3.315338,-1.014479,0.845664,-3.315338,0.000000,0.000000,0.000000,0.000000,0.002044,-0.004656,0.006718,2.118329,0.908516,171.065367,0.000000,0.000000,171.065367,2.118329,0.908516,0.000000,9.806600,0.000000,0.000000,0.000000,0.720000,0.720000,1.610980,0.000000,0.000000,0.000000,0.000000,9.790465,-0.000073,0.000054,-0.000331,0.000000,0.000000,0.000000
1788402327890407089,39.210500,-1,-1.014459,0.845655,-3.315247,-1.014459,0.845655,-3.315247,0.000000,0.000000,0.000000,0.000000,0.002032,-0.004686,0.006684,2.117716,0.908700,171.065360,0.000000,0.000000,171.065360,2.117716,0.908700,0.000000,9.806600,0.000000,0.000000,0.000000,0.720000,0.720000,1.610980,0.000000,0.000000,0.000000,0.000000,9.801484,-0.000365,0.001028,-0.000049,0.000000,0.000000,0.000000
1788402327923445467,39.243538,-1,-1.014443,0.845673,-3.315125,-1.014443,0.845673,-3.315125,0.000000,0.000000,0.000000,0.000000,0.002040,-0.004688,0.006659,2.117615,0.909447,171.065416,0.000000,0.000000,171.065416,2.117615,0.909447,0.000000,9.806600,0.000000,0.000000,0.000000,0.720000,0.720000,1.610980,0.000000,0.000000,0.000000,0.000000,9.808422,-0.000537,0.000660,0.000140,0.000000,0.000000,0.000000
1788402327956451133,39.276544,-1,-1.014427,0.845681,-3.315063,-1.014427,0.845681,-3.315063,0.000000,0.000000,0.000000,0.000000,0.001828,-0.004751,0.006706,2.117406,0.909075,171.066010,0.000000,0.000000,171.066010,2.117406,0.909075,0.000000,9.806600,0.000000,0.000000,0.000000,0.720000,0.720000,1.610980,0.000000,0.000000,0.000000,0.000000,9.796371,-0.000077,0.000645,0.000030,0.000000,0.000000,0.000000
1788402327989557337,39.309650,-1,-1.014410,0.845694,-3.315018,-1.014410,0.845694,-3.315018,0.000000,0.000000,0.000000,0.000000,0.001847,-0.004706,0.006627,2.116741,0.909881,171.065977,0.000000,0.000000,171.065977,2.116741,0.909881,0.000000,9.806600,0.000000,0.000000,0.000000,0.720000,0.720000,1.610980,0.000000,0.000000,0.000000,0.000000,9.800289,0.000337,-0.000254,0.000375,0.000000,0.000000,0.000000
1788402328022579118,39.342672,-1,-1.014394,0.845740,-3.314926,-1.014394,0.845740,-3.314926,0.000000,0.000000,0.000000,0.000000,0.001868,-0.004779,0.006649,2.117004,0.909710,171.066396,0.000000,0.000000,171.066396,2.117004,0.909710,0.000000,9.806600,0.000000,0.000000,0.000000,0.720000,0.720000,1.610980,0.000000,0.000000,0.000000,0.000000,9.816315,0.000539,-0.000529,0.000139,0.000000,0.000000,0.000000
1788402328055761535,39.375854,-1,-1.014375,0.845737,-3.314896,-1.014375,0.845737,-3.314896,0.000000,0.000000,0.000000,0.000000,0.001961,-0.004867,0.006725,2.117227,0.908834,171.066572,0.000000,0.000000,171.066572,2.117227,0.908834,0.000000,9.806600,0.000000,0.000000,0.000000,0.720000,0.720000,1.610980,0.000000,0.000000,0.000000,0.000000,9.794901,-0.000243,-0.000311,-0.000161,0.000000,0.000000,0.000000
1788402328088641585,39.408734,-1,-1.014358,0.845727,-3.314880,-1.014358,0.845727,-3.314880,0.000000,0.000000,0.000000,0.000000,0.002073,-0.004871,0.006683,2.117444,0.908226,171.067028,0.000000,0.000000,171.067028,2.117444,0.908226,0.000000,9.806600,0.000000,0.000000,0.000000,0.720000,0.720000,1.610980,0.000000,0.000000,0.000000,0.000000,9.807521,0.000452,0.000205,-0.000210,0.000000,0.000000,0.000000
1788402328121659106,39.441752,-1,-1.014349,0.845743,-3.314865,-1.014349,0.845743,-3.314865,0.000000,0.000000,0.000000,0.000000,0.002203,-0.004759,0.006856,2.118043,0.908865,171.067691,0.000000,0.000000,171.067691,2.118043,0.908865,0.000000,9.806600,0.000000,0.000000,0.000000,0.720000,0.720000,1.610980,0.000000,0.000000,0.000000,0.000000,9.803568,0.000617,0.000137,-0.000615,0.000000,0.000000,0.000000
1788402328154706198,39.474799,-1,-1.014330,0.845713,-3.314880,-1.014330,0.845713,-3.314880,0.000000,0.000000,0.000000,0.000000,0.002123,-0.004769,0.006759,2.118339,0.908986,171.067962,0.000000,0.000000,171.067962,2.118339,0.908986,0.000000,9.806600,0.000000,0.000000,0.000000,0.720000,0.720000,1.610980,0.000000,0.000000,0.000000,0.000000,9.793723,0.000459,0.000141,-0.000289,0.000000,0.000000,0.000000
1788402328187729839,39.507823,-1,-1.014306,0.845674,-3.314896,-1.014306,0.845674,-3.314896,0.000000,0.000000,0.000000,0.000000,0.002076,-0.004748,0.006710,2.118814,0.908975,171.067678,0.000000,0.000000,171.067678,2.118814,0.908975,0.000000,9.806600,0.000000,0.000000,0.000000,0.720000,0.720000,1.610980,0.000000,0.000000,0.000000,0.000000,9.799781,0.000151,0.000362,-0.000331,0.000000,0.000000,0.000000
1788402328220780006,39.540873,-1,-1.014285,0.845653,-3.314911,-1.014285,0.845653,-3.314911,0.000000,0.000000,0.000000,0.000000,0.002182,-0.004735,0.006711,2.118461,0.909312,171.067951,0.000000,0.000000,171.067951,2.118461,0.909312,0.000000,9.806600,0.000000,0.000000,0.000000,0.720000,0.720000,1.610980,0.000000,0.000000,0.000000,0.000000,9.805987,-0.000048,-0.000343,-0.000372,0.000000,0.000000,0.000000
1788402328253871758,39.573964,-1,-1.014265,0.845623,-3.314926,-1.014265,0.845623,-3.314926,0.000000,0.000000,0.000000,0.000000,0.002222,-0.004736,0.006676,2.118532,0.909590,171.068023,0.000000,0.000000,171.068023,2.118532,0.909590,0.000000,9.806600,0.000000,0.000000,0.000000,0.720000,0.720000,1.610980,0.000000,0.000000,0.000000,0.000000,9.799412,0.000363,0.000072,-0.000444,0.000000,0.000000,0.000000
1788402328286845837,39.606939,-1,-1.014247,0.845597,-3.314896,-1.014247,0.845597,-3.314896,0.000000,0.000000,0.000000,0.000000,0.002284,-0.004731,0.006720,2.118417,0.909613,171.067475,0.000000,0.000000,171.067475,2.118417,0.909613,0.000000,9.806600,0.000000,0.000000,0.000000,0.720000,0.720000,1.610980,0.000000,0.000000,0.000000,0.000000,9.803615,0.000169,0.000227,-0.000478,0.000000,0.000000,0.000000
1788402328319928490,39.640021,-1,-1.014230,0.845592,-3.314850,-1.014230,0.845592,-3.314850,0.000000,0.000000,0.000000,0.000000,0.002151,-0.004560,0.006848,2.118261,0.909793,171.066878,0.000000,0.000000,171.066878,2.118261,0.909793,0.000000,9.806600,0.000000,0.000000,0.000000,0.720000,0.720000,1.610980,0.000000,0.000000,0.000000,0.000000,9.808131,0.000588,-0.000421,0.000169,0.000000,0.000000,0.000000
1788402328352971609,39.673064,-1,-1.014226,0.845551,-3.314819,-1.014226,0.845551,-3.314819,0.000000,0.000000,0.000000,0.000000,0.002039,-0.004483,0.006888,2.117809,0.909156,171.067225,0.000000,0.000000,171.067225,2.117809,0.909156,0.000000,9.806600,0.000000,0.000000,0.000000,0.720000,0.720000,1.610980,0.000000,0.000000,0.000000,0.000000,9.804812,-0.000830,-0.000243,-0.000329,0.000000,0.000000,0.000000
1788402328386002843,39.706096,-1,-1.014228,0.845503,-3.314789,-1.014228,0.845503,-3.314789,0.000000,0.000000,0.000000,0.000000,0.002054,-0.004336,0.006912,2.117774,0.909367,171.066996,0.000000,0.000000,171.066996,2.117774,0.909367,0.000000,9.806600,0.000000,0.000000,0.000000,0.720000,0.720000,1.610980,0.000000,0.000000,0.000000,0.000000,9.807842,0.000148,0.000468,-0.000656,0.000000,0.000000,0.000000
1788402328419025843,39.739119,-1,-1.014235,0.845473,-3.314743,-1.014235,0.845473,-3.314743,0.000000,0.000000,0.000000,0.000000,0.002042,-0.004390,0.006941,2.117722,0.909628,171.066274,0.000000,0.000000,171.066274,2.117722,0.909628,0.000000,9.806600,0.000000,0.000000,0.000000,0.720000,0.720000,1.610980,0.000000,0.000000,0.000000,0.000000,9.795609,-0.000268,0.000043,-0.000450,0.000000,0.000000,0.000000
1788402328452095841,39.772189,-1,-1.014234,0.845410,-3.314682,-1.014234,0.845410,-3.314682,0.000000,0.000000,0.000000,0.000000,0.002084,-0.004298,0.007095,2.117483,0.909611,171.066009,0.000000,0.000000,171.066009,2.117483,0.909611,0.000000,9.806600,0.000000,0.000000,0.000000,0.720000,0.720000,1.610980,0.000000,0.000000,0.000000,0.000000,9.812405,-0.000289,-0.000753,-0.000332,0.000000,0.000000,0.000000
1788402328485110576,39.805203,-1,-1.014225,0.845347,-3.314636,-1.014225,0.845347,-3.314636,0.000000,0.000000,0.000000,0.000000,0.001969,-0.004159,0.007111,2.118060,0.909183,171.065862,0.000000,0.000000,171.065862,2.118060,0.909183,0.000000,9.806600,0.000000,0.000000,0.000000,0.720000,0.720000,1.610980,0.000000,0.000000,0.000000,0.000000,9.803739,-0.000016,0.000088,-0.000660,0.000000,0.000000,0.000000
1788402328518144660,39.838237,-1,-1.014221,0.845302,-3.314575,-1.014221,0.845302,-3.314575,0.000000,0.000000,0.000000,0.000000,0.002002,-0.004135,0.007177,2.119304,0.909421,171.065805,0.000000,0.000000,171.065805,2.119304,0.909421,0.000000,9.806600,0.000000,0.000000,0.000000,0.720000,0.720000,1.610980,0.000000,0.000000,0.000000,0.000000,9.797114,0.000061,-0.000337,-0.000292,0.000000,0.000000,0.000000
1788402328551580589,39.871673,-1,-1.014209,0.845245,-3.314514,-1.014209,0.845245,-3.314514,0.000000,0.000000,0.000000,0.000000,0.001964,-0.004132,0.007244,2.118983,0.908668,171.065680,0.000000,0.000000,171.065680,2.118983,0.908668,0.000000,9.806600,0.000000,0.000000,0.000000,0.720000,0.720000,1.610980,0.000000,0.000000,0.000000,0.000000,9.808543,-0.000504,0.000126,0.000021,0.000000,0.000000,0.000000
1788402328584233654,39.904326,-1,-1.014198,0.845206,-3.314484,-1.014198,0.845206,-3.314484,0.000000,0.000000,0.000000,0.000000,0.001983,-0.004107,0.007319,2.118765,0.908772,171.065838,0.000000,0.000000,171.065838,2.118765,0.908772,0.000000,9.806600,0.000000,0.000000,0.000000,0.720000,0.720000,1.610980,0.000000,0.000000,0.000000,0.000000,9.801971,0.000345,-0.000153,-0.000317,0.000000,0.000000,0.000000
1788402328617232178,39.937325,-1,-1.014192,0.845185,-3.314438,-1.014192,0.845185,-3.314438,0.000000,0.000000,0.000000,0.000000,0.001874,-0.004074,0.007357,2.119320,0.909118,171.065799,0.000000,0.000000,171.065799,2.119320,0.909118,0.000000,9.806600,0.000000,0.000000,0.000000,0.720000,0.720000,1.610980,0.000000,0.000000,0.000000,0.000000,9.794026,0.000654,0.000025,0.000067,0.000000,0.000000,0.000000
1788402328650306277,39.970399,-1,-1.014182,0.845160,-3.314392,-1.014182,0.845160,-3.314392,0.000000,0.000000,0.000000,0.000000,0.002080,-0.004157,0.007402,2.120365,0.909879,171.066124,0.000000,0.000000,171.066124,2.120365,0.909879,0.000000,9.806600,0.000000,0.000000,0.000000,0.720000,0.720000,1.610980,0.000000,0.000000,0.000000,0.000000,9.792346,0.000075,0.000268,-0.000097,0.000000,0.000000,0.000000
1788402328683341547,40.003434,-1,-1.014177,0.845144,-3.314377,-1.014177,0.845144,-3.314377,0.000000,0.000000,0.000000,0.000000,0.002157,-0.004092,0.007322,2.119980,0.909970,171.066917,0.000000,0.000000,171.066917,2.119980,0.909970,0.000000,9.806600,0.000000,0.000000,0.000000,0.720000,0.720000,1.610980,0.000000,0.000000,0.000000,0.000000,9.802659,-0.000418,-0.000009,0.000003,0.000000,0.000000,0.000000
1788402328716382424,40.036475,-1,-1.014180,0.845148,-3.314316,-1.014180,0.845148,-3.314316,0.000000,0.000000,0.000000,0.000000,0.002180,-0.004132,0.007409,2.120012,0.909857,171.066912,0.000000,0.000000,171.066912,2.120012,0.909857,0.000000,9.806600,0.000000,0.000000,0.000000,0.720000,0.720000,1.610980,0.000000,0.000000,0.000000,0.000000,9.814973,-0.000171,0.000269,-0.000473,0.000000,0.000000,0.000000
1788402328749436468,40.069529,-1,-1.014201,0.845134,-3.314194,-1.014201,0.845134,-3.314194,0.000000,0.000000,0.000000,0.000000,0.002208,-0.004168,0.007526,2.118937,0.909915,171.066427,0.000000,0.000000,171.066427,2.118937,0.909915,0.000000,9.806600,0.000000,0.000000,0.000000,0.720000,0.720000,1.610980,0.000000,0.000000,0.000000,0.000000,9.807829,-0.000614,0.000085,-0.000083,0.000000,0.000000,0.000000
1788402328782481669,40.102574,-1,-1.014227,0.845111,-3.314117,-1.014227,0.845111,-3.314117,0.000000,0.000000,0.000000,0.000000,0.002158,-0.004172,0.007538,2.118881,0.909736,171.066715,0.000000,0.000000,171.066715,2.118881,0.909736,0.000000,9.806600,0.000000,0.000000,0.000000,0.720000,0.720000,1.610980,0.000000,0.000000,0.000000,0.000000,9.798292,-0.000284,-0.000303,-0.000025,0.000000,0.000000,0.000000
1788402328815488523,40.135581,-1,-1.014258,0.845107,-3.314026,-1.014258,0.845107,-3.314026,0.000000,0.000000,0.000000,0.000000,0.002248,-0.004164,0.007444,2.118299,0.909602,171.067092,0.000000,0.000000,171.067092,2.118299,0.909602,0.000000,9.806600,0.000000,0.000000,0.000000,0.720000,0.720000,1.610980,0.000000,0.000000,0.000000,0.000000,9.796570,-0.000649,-0.000465,-0.000950,0.000000,0.000000,0.000000
1788402328848535102,40.168628,-1,-1.014301,0.845049,-3.313934,-1.014301,0.845049,-3.313934,0.000000,0.000000,0.000000,0.000000,0.002048,-0.004048,0.007410,2.117994,0.909558,171.066208,0.000000,0.000000,171.066208,2.117994,0.909558,0.000000,9.806600,0.000000,0.000000,0.000000,0.720000,0.720000,1.610980,0.000000,0.000000,0.000000,0.000000,9.804752,-0.000203,0.000384,-0.000621,0.000000,0.000000,0.000000
1788402328881568706,40.201661,-1,-1.014331,0.845005,-3.313858,-1.014331,0.845005,-3.313858,0.000000,0.000000,0.000000,0.000000,0.002005,-0.003888,0.007394,2.117493,0.909704,171.066353,0.000000,0.000000,171.066353,2.117493,0.909704,0.000000,9.806600,0.000000,0.000000,0.000000,0.720000,0.720000,1.610980,0.000000,0.000000,0.000000,0.000000,9.807377,-0.000218,0.000278,-0.000300,0.000000,0.000000,0.000000
1788402328914583056,40.234676,-1,-1.014376,0.844974,-3.313721,-1.014376,0.844974,-3.313721,0.000000,0.000000,0.000000,0.000000,0.002079,-0.003822,0.007258,2.117295,0.910314,171.066338,0.000000,0.000000,171.066338,2.117295,0.910314,0.000000,9.806600,0.000000,0.000000,0.000000,0.720000,0.720000,1.610980,0.000000,0.000000,0.000000,0.000000,9.799265,0.000673,0.000419,0.000373,0.000000,0.000000,0.000000
1788402328947646839,40.267740,-1,-1.014394,0.844933,-3.313599,-1.014394,0.844933,-3.313599,0.000000,0.000000,0.000000,0.000000,0.001938,-0.003879,0.007304,2.117520,0.910602,171.067386,0.000000,0.000000,171.067386,2.117520,0.910602,0.000000,9.806600,0.000000,0.000000,0.000000,0.720000,0.720000,1.610980,0.000000,0.000000,0.000000,0.000000,9.806852,0.000139,-0.000075,-0.000182,0.000000,0.000000,0.000000
1788402328980659171,40.300752,-1,-1.014405,0.844893,-3.313446,-1.014405,0.844893,-3.313446,0.000000,0.000000,0.000000,0.000000,0.001986,-0.003679,0.007423,2.117888,0.911093,171.066708,0.000000,0.000000,171.066708,2.117888,0.911093,0.000000,9.806600,0.000000,0.000000,0.000000,0.720000,0.720000,1.610980,0.000000,0.000000,0.000000,0.000000,9.795512,-0.000089,-0.000380,-0.000343,0.000000,0.000000,0.000000
1788402329013705127,40.333798,-1,-1.014422,0.844868,-3.313263,-1.014422,0.844868,-3.313263,0.000000,0.000000,0.000000,0.000000,0.001996,-0.003672,0.007416,2.117730,0.910164,171.065910,0.000000,0.000000,171.065910,2.117730,0.910164,0.000000,9.806600,0.000000,0.000000,0.000000,0.720000,0.720000,1.610980,0.000000,0.000000,0.000000,0.000000,9.798978,0.000082,-0.000322,-0.000760,0.000000,0.000000,0.000000
1788402329046751371,40.366844,-1,-1.014425,0.844839,-3.313019,-1.014425,0.844839,-3.313019,0.000000,0.000000,0.000000,0.000000,0.001969,-0.003685,0.007452,2.118142,0.911511,171.066192,0.000000,0.000000,171.066192,2.118142,0.911511,0.000000,9.806600,0.000000,0.000000,0.000000,0.720000,0.720000,1.610980,0.000000,0.000000,0.000000,0.000000,9.801936,0.000284,-0.000274,-0.000034,0.000000,0.000000,0.000000
1788402329079806456,40.399899,-1,-1.014412,0.844819,-3.312820,-1.014412,0.844819,-3.312820,0.000000,0.000000,0.000000,0.000000,0.001882,-0.003601,0.007646,2.118049,0.911909,171.066501,0.000000,0.000000,171.066501,2.118049,0.911909,0.000000,9.806600,0.000000,0.000000,0.000000,0.720000,0.720000,1.610980,0.000000,0.000000,0.000000,0.000000,9.809843,-0.000066,-0.000586,-0.000382,0.000000,0.000000,0.000000
1788402329112829987,40.432923,-1,-1.014404,0.844816,-3.312622,-1.014404,0.844816,-3.312622,0.000000,0.000000,0.000000,0.000000,0.001810,-0.003613,0.007702,2.118262,0.911452,171.065962,0.000000,0.000000,171.065962,2.118262,0.911452,0.000000,9.806600,0.000000,0.000000,0.000000,0.720000,0.720000,1.610980,0.000000,0.000000,0.000000,0.000000,9.804667,0.000082,-0.000637,-0.000193,0.000000,0.000000,0.000000
1788402329145846309,40.465939,-1,-1.014373,0.844792,-3.312347,-1.014373,0.844792,-3.312347,0.000000,0.000000,0.000000,0.000000,0.001894,-0.003628,0.007744,2.118926,0.911070,171.065940,0.000000,0.000000,171.065940,2.118926,0.911070,0.000000,9.806600,0.000000,0.000000,0.000000,0.720000,0.720000,1.610980,0.000000,0.000000,0.000000,0.000000,9.798995,0.000082,-0.000879,-0.000538,0.000000,0.000000,0.000000
1788402329178913247,40.499006,-1,-1.014341,0.844763,-3.312180,-1.014341,0.844763,-3.312180,0.000000,0.000000,0.000000,0.000000,0.001896,-0.003588,0.007785,2.119496,0.911465,171.065665,0.000000,0.000000,171.065665,2.119496,0.911465,0.000000,9.806600,0.000000,0.000000,0.000000,0.720000,0.720000,1.610980,0.000000,0.000000,0.000000,0.000000,9.808544,-0.000318,0.000525,-0.000306,0.000000,0.000000,0.000000
1788402329211946933,40.532040,-1,-1.014317,0.844751,-3.312012,-1.014317,0.844751,-3.312012,0.000000,0.000000,0.000000,0.000000,0.001945,-0.003549,0.007860,2.118580,0.912194,171.065445,0.000000,0.000000,171.065445,2.118580,0.912194,0.000000,9.806600,0.000000,0.000000,0.000000,0.720000,0.720000,1.610980,0.000000,0.000000,0.000000,0.000000,9.805697,0.000003,0.000284,-0.000796,0.000000,0.000000,0.000000
1788402329244950473,40.565043,-1,-1.014273,0.844741,-3.311829,-1.014273,0.844741,-3.311829,0.000000,0.000000,0.000000,0.000000,0.001993,-0.003558,0.007926,2.119494,0.911986,171.065151,0.000000,0.000000,171.065151,2.119494,0.911986,0.000000,9.806600,0.000000,0.000000,0.000000,0.720000,0.720000,1.610980,0.000000,0.000000,0.000000,0.000000,9.807340,0.000453,-0.000215,0.000299,0.000000,0.000000,0.000000
1788402329278031667,40.598124,-1,-1.014243,0.844748,-3.311691,-1.014243,0.844748,-3.311691,0.000000,0.000000,0.000000,0.000000,0.001985,-0.003530,0.007999,2.119406,0.912462,171.065166,0.000000,0.000000,171.065166,2.119406,0.912462,0.000000,9.806600,0.000000,0.000000,0.000000,0.720000,0.720000,1.610980,0.000000,0.000000,0.000000,0.000000,9.806888,0.000080,0.000471,0.000017,0.000000,0.000000,0.000000
1788402329311079128,40.631172,-1,-1.014221,0.844769,-3.311554,-1.014221,0.844769,-3.311554,0.000000,0.000000,0.000000,0.000000,0.002018,-0.003520,0.008017,2.119393,0.913196,171.065772,0.000000,0.000000,171.065772,2.119393,0.913196,0.000000,9.806600,0.000000,0.000000,0.000000,0.720000,0.720000,1.610980,0.000000,0.000000,0.000000,0.000000,9.798220,0.000092,0.001029,-0.000351,0.000000,0.000000,0.000000
1788402329344065945,40.664159,-1,-1.014192,0.844764,-3.311417,-1.014192,0.844764,-3.311417,0.000000,0.000000,0.000000,0.000000,0.002072,-0.003667,0.008116,2.119014,0.913476,171.066378,0.000000,0.000000,171.066378,2.119014,0.913476,0.000000,9.806600,0.000000,0.000000,0.000000,0.720000,0.720000,1.610980,0.000000,0.000000,0.000000,0.000000,9.809885,-0.000041,-0.000390,-0.000761,0.000000,0.000000,0.000000
1788402329377118500,40.697211,-1,-1.014174,0.844767,-3.311325,-1.014174,0.844767,-3.311325,0.000000,0.000000,0.000000,0.000000,0.002114,-0.003670,0.008099,2.119482,0.913073,171.065910,0.000000,0.000000,171.065910,2.119482,0.913073,0.000000,9.806600,0.000000,0.000000,0.000000,0.720000,0.720000,1.610980,0.000000,0.000000,0.000000,0.000000,9.800455,0.000446,-0.000062,-0.000926,0.000000,0.000000,0.000000
1788402329410147925,40.730241,-1,-1.014163,0.844787,-3.311218,-1.014163,0.844787,-3.311218,0.000000,0.000000,0.000000,0.000000,0.002095,-0.003739,0.008164,2.120124,0.913868,171.064760,0.000000,0.000000,171.064760,2.120124,0.913868,0.000000,9.806600,0.000000,0.000000,0.000000,0.720000,0.720000,1.610980,0.000000,0.000000,0.000000,0.000000,9.803404,-0.000033,0.000054,-0.000429,0.000000,0.000000,0.000000
1788402329443172608,40.763265,-1,-1.014141,0.844796,-3.311111,-1.014141,0.844796,-3.311111,0.000000,0.000000,0.000000,0.000000,0.002193,-0.003831,0.008152,2.120344,0.913831,171.064817,0.000000,0.000000,171.064817,2.120344,0.913831,0.000000,9.806600,0.000000,0.000000,0.000000,0.720000,0.720000,1.610980,0.000000,0.000000,0.000000,0.000000,9.811748,0.000079,-0.000305,0.000311,0.000000,0.000000,0.000000
1788402329476504579,40.796597,-1,-1.014127,0.844811,-3.311005,-1.014127,0.844811,-3.311005,0.000000,0.000000,0.000000,0.000000,0.002225,-0.003869,0.008222,2.120404,0.913712,171.065232,0.000000,0.000000,171.065232,2.120404,0.913712,0.000000,9.806600,0.000000,0.000000,0.000000,0.720000,0.720000,1.610980,0.000000,0.000000,0.000000,0.000000,9.808655,-0.000120,0.000349,0.000004,0.000000,0.000000,0.000000
1788402329509247444,40.829340,-1,-1.014119,0.844846,-3.310867,-1.014119,0.844846,-3.310867,0.000000,0.000000,0.000000,0.000000,0.002152,-0.003935,0.008355,2.121101,0.913996,171.064513,0.000000,0.000000,171.064513,2.121101,0.913996,0.000000,9.806600,0.000000,0.000000,0.000000,0.720000,0.720000,1.610980,0.000000,0.000000,0.000000,0.000000,9.806881,0.000223,-0.000445,-0.000022,0.000000,0.000000,0.000000
1788402329542298076,40.862391,-1,-1.014119,0.844846,-3.310867,-1.014119,0.844846,-3.310867,0.000000,0.000000,0.000000,0.000000,0.002152,-0.003935,0.008355,2.121101,0.913996,171.064513,0.000000,0.000000,171.064513,2.121101,0.913996,0.000000,9.806600,0.000000,0.000000,0.000000,0.720000,0.720000,1.610980,0.000000,0.000000,0.000000,0.000000,9.798550,0.000259,0.000147,-0.000062,0.000000,0.000000,0.000000
1788402329575296618,40.895389,-1,-1.014105,0.844849,-3.310715,-1.014105,0.844849,-3.310715,0.000000,0.000000,0.000000,0.000000,0.002274,-0.003932,0.008375,2.121231,0.914400,171.064879,0.000000,0.000000,171.064879,2.121231,0.914400,0.000000,9.806600,0.000000,0.000000,0.000000,0.720000,0.720000,1.610980,0.000000,0.000000,0.000000,0.000000,9.802459,0.000173,-0.000030,-0.000450,0.000000,0.000000,0.000000
1788402329608412219,40.928505,-1,-1.014095,0.844825,-3.310623,-1.014095,0.844825,-3.310623,0.000000,0.000000,0.000000,0.000000,0.002355,-0.003977,0.008392,2.121978,0.915140,171.064220,0.000000,0.000000,171.064220,2.121978,0.915140,0.000000,9.806600,0.000000,0.000000,0.000000,0.720000,0.720000,1.610980,0.000000,0.000000,0.000000,0.000000,9.807241,0.000668,0.000658,-0.000116,0.000000,0.000000,0.000000
1788402329641411306,40.961504,-1,-1.014094,0.844820,-3.310501,-1.014094,0.844820,-3.310501,0.000000,0.000000,0.000000,0.000000,0.002414,-0.003964,0.008496,2.122319,0.915229,171.063903,0.000000,0.000000,171.063903,2.122319,0.915229,0.000000,9.806600,0.000000,0.000000,0.000000,0.720000,0.720000,1.610980,0.000000,0.000000,0.000000,0.000000,9.799125,0.000406,0.000110,-0.000154,0.000000,0.000000,0.000000
1788402329674410874,40.994504,-1,-1.014103,0.844778,-3.310425,-1.014103,0.844778,-3.310425,0.000000,0.000000,0.000000,0.000000,0.002515,-0.004031,0.008385,2.123333,0.915312,171.063898,0.000000,0.000000,171.063898,2.123333,0.915312,0.000000,9.806600,0.000000,0.000000,0.000000,0.720000,0.720000,1.610980,0.000000,0.000000,0.000000,0.000000,9.797544,0.000530,-0.000004,0.000037,0.000000,0.000000,0.000000
1788402329707507125,41.027600,-1,-1.014114,0.844725,-3.310394,-1.014114,0.844725,-3.310394,0.000000,0.000000,0.000000,0.000000,0.002467,-0.003972,0.008261,2.123116,0.915745,171.064955,0.000000,0.000000,171.064955,2.123116,0.915745,0.000000,9.806600,0.000000,0.000000,0.000000,0.720000,0.720000,1.610980,0.000000,0.000000,0.000000,0.000000,9.803753,0.000717,-0.000099,-0.000641,0.000000,0.000000,0.000000
1788402329740486446,41.060579,-1,-1.014129,0.844690,-3.310318,-1.014129,0.844690,-3.310318,0.000000,0.000000,0.000000,0.000000,0.002536,-0.003894,0.008289,2.123663,0.916206,171.064720,0.000000,0.000000,171.064720,2.123663,0.916206,0.000000,9.806600,0.000000,0.000000,0.000000,0.720000,0.720000,1.610980,0.000000,0.000000,0.000000,0.000000,9.805408,0.000262,-0.000250,-0.000992,0.000000,0.000000,0.000000
1788402329773586061,41.093679,-1,-1.014138,0.844605,-3.310303,-1.014138,0.844605,-3.310303,0.000000,0.000000,0.000000,0.000000,0.002651,-0.003921,0.008292,2.123601,0.916391,171.063876,0.000000,0.000000,171.063876,2.123601,0.916391,0.000000,9.806600,0.000000,0.000000,0.000000,0.720000,0.720000,1.610980,0.000000,0.000000,0.000000,0.000000,9.809786,-0.000123,0.000311,-0.000709,0.000000,0.000000,0.000000
1788402329806624296,41.126717,-1,-1.014147,0.844551,-3.310287,-1.014147,0.844551,-3.310287,0.000000,0.000000,0.000000,0.000000,0.002666,-0.003934,0.008382,2.124040,0.916494,171.063510,0.000000,0.000000,171.063510,2.124040,0.916494,0.000000,9.806600,0.000000,0.000000,0.000000,0.720000,0.720000,1.610980,0.000000,0.000000,0.000000,0.000000,9.794895,0.000207,0.000439,0.000830,0.000000,0.000000,0.000000
1788402329839640842,41.159734,-1,-1.014163,0.844517,-3.310257,-1.014163,0.844517,-3.310257,0.000000,0.000000,0.000000,0.000000,0.002681,-0.003906,0.008342,2.124514,0.916478,171.063804,0.000000,0.000000,171.063804,2.124514,0.916478,0.000000,9.806600,0.000000,0.000000,0.000000,0.720000,0.720000,1.610980,0.000000,0.000000,0.000000,0.000000,9.797196,0.000415,0.000506,-0.000366,0.000000,0.000000,0.000000
1788402329872708165,41.192801,-1,-1.014181,0.844389,-3.310242,-1.014181,0.844389,-3.310242,0.000000,0.000000,0.000000,0.000000,0.002753,-0.003784,0.008217,2.124797,0.917048,171.064462,0.000000,0.000000,171.064462,2.124797,0.917048,0.000000,9.806600,0.000000,0.000000,0.000000,0.720000,0.720000,1.610980,0.000000,0.000000,0.000000,0.000000,9.802121,0.000279,-0.000314,-0.000547,0.000000,0.000000,0.000000
1788402329905726666,41.225819,-1,-1.014200,0.844294,-3.310181,-1.014200,0.844294,-3.310181,0.000000,0.000000,0.000000,0.000000,0.002842,-0.003714,0.008300,2.124850,0.917631,171.063981,0.000000,0.000000,171.063981,2.124850,0.917631,0.000000,9.806600,0.000000,0.000000,0.000000,0.720000,0.720000,1.610980,0.000000,0.000000,0.000000,0.000000,9.804244,-0.000299,0.000389,-0.000063,0.000000,0.000000,0.000000
1788402329938737510,41.258830,-1,-1.014227,0.844219,-3.310104,-1.014227,0.844219,-3.310104,0.000000,0.000000,0.000000,0.000000,0.002825,-0.003694,0.008387,2.124987,0.918045,171.064065,0.000000,0.000000,171.064065,2.124987,0.918045,0.000000,9.806600,0.000000,0.000000,0.000000,0.720000,0.720000,1.610980,0.000000,0.000000,0.000000,0.000000,9.801343,0.000006,-0.000664,0.000235,0.000000,0.000000,0.000000
1788402329971792082,41.291885,-1,-1.014253,0.844119,-3.310059,-1.014253,0.844119,-3.310059,0.000000,0.000000,0.000000,0.000000,0.002918,-0.003623,0.008398,2.125448,0.917403,171.064084,0.000000,0.000000,171.064084,2.125448,0.917403,0.000000,9.806600,0.000000,0.000000,0.000000,0.720000,0.720000,1.610980,0.000000,0.000000,0.000000,0.000000,9.798761,0.000638,-0.000236,0.000243,0.000000,0.000000,0.000000
1788402330004823697,41.324916,-1,-1.014298,0.843987,-3.309982,-1.014298,0.843987,-3.309982,0.000000,0.000000,0.000000,0.000000,0.003062,-0.003552,0.008450,2.125971,0.917743,171.064113,0.000000,0.000000,171.064113,2.125971,0.917743,0.000000,9.806600,0.000000,0.000000,0.000000,0.720000,0.720000,1.610980,0.000000,0.000000,0.000000,0.000000,9.809939,0.000476,-0.000299,0.000211,0.000000,0.000000,0.000000
1788402330037855973,41.357949,-1,-1.014338,0.843913,-3.309937,-1.014338,0.843913,-3.309937,0.000000,0.000000,0.000000,0.000000,0.003103,-0.003495,0.008624,2.125939,0.917412,171.064723,0.000000,0.000000,171.064723,2.125939,0.917412,0.000000,9.806600,0.000000,0.000000,0.000000,0.720000,0.720000,1.610980,0.000000,0.000000,0.000000,0.000000,9.796730,0.000577,-0.000261,-0.000375,0.000000,0.000000,0.000000
1788402330070925218,41.391018,-1,-1.014377,0.843801,-3.309937,-1.014377,0.843801,-3.309937,0.000000,0.000000,0.000000,0.000000,0.003267,-0.003603,0.008640,2.126189,0.916658,171.063873,0.000000,0.000000,171.063873,2.126189,0.916658,0.000000,9.806600,0.000000,0.000000,0.000000,0.720000,0.720000,1.610980,0.000000,0.000000,0.000000,0.000000,9.806211,-0.000362,0.000169,-0.000188,0.000000,0.000000,0.000000
1788402330103925716,41.424018,-1,-1.014408,0.843733,-3.309937,-1.014408,0.843733,-3.309937,0.000000,0.000000,0.000000,0.000000,0.003217,-0.003608,0.008639,2.125771,0.917522,171.063133,0.000000,0.000000,171.063133,2.125771,0.917522,0.000000,9.806600,0.000000,0.000000,0.000000,0.720000,0.720000,1.610980,0.000000,0.000000,0.000000,0.000000,9.813579,-0.000068,-0.000655,-0.000437,0.000000,0.000000,0.000000
1788402330136968788,41.457061,-1,-1.014443,0.843686,-3.309952,-1.014443,0.843686,-3.309952,0.000000,0.000000,0.000000,0.000000,0.003237,-0.003591,0.008762,2.125630,0.917308,171.062677,0.000000,0.000000,171.062677,2.125630,0.917308,0.000000,9.806600,0.000000,0.000000,0.000000,0.720000,0.720000,1.610980,0.000000,0.000000,0.000000,0.000000,9.797019,-0.000383,-0.000251,-0.000226,0.000000,0.000000,0.000000
1788402330169993056,41.490086,-1,-1.014458,0.843596,-3.309982,-1.014458,0.843596,-3.309982,0.000000,0.000000,0.000000,0.000000,0.003241,-0.003589,0.008727,2.125022,0.917132,171.062284,0.000000,0.000000,171.062284,2.125022,0.917132,0.000000,9.806600,0.000000,0.000000,0.000000,0.720000,0.720000,1.610980,0.000000,0.000000,0.000000,0.000000,9.804192,-0.000259,0.000641,-0.000128,0.000000,0.000000,0.000000
1788402330203022994,41.523116,-1,-1.014475,0.843474,-3.309982,-1.014475,0.843474,-3.309982,0.000000,0.000000,0.000000,0.000000,0.003278,-0.003559,0.008911,2.124591,0.917347,171.061960,0.000000,0.000000,171.061960,2.124591,0.917347,0.000000,9.806600,0.000000,0.000000,0.000000,0.720000,0.720000,1.610980,0.000000,0.000000,0.000000,0.000000,9.805902,0.000303,-0.000486,0.000600,0.000000,0.000000,0.000000
1788402330236074267,41.556167,-1,-1.014493,0.843408,-3.309967,-1.014493,0.843408,-3.309967,0.000000,0.000000,0.000000,0.000000,0.003255,-0.003550,0.008852,2.124767,0.916847,171.062625,0.000000,0.000000,171.062625,2.124767,0.916847,0.000000,9.806600,0.000000,0.000000,0.000000,0.720000,0.720000,1.610980,0.000000,0.000000,0.000000,0.000000,9.806576,-0.000159,-0.000270,0.000196,0.000000,0.000000,0.000000
1788402330269106608,41.589199,-1,-1.014506,0.843321,-3.309982,-1.014506,0.843321,-3.309982,0.000000,0.000000,0.000000,0.000000,0.003362,-0.003588,0.008723,2.123980,0.915620,171.063912,0.000000,0.000000,171.063912,2.123980,0.915620,0.000000,9.806600,0.000000,0.000000,0.000000,0.720000,0.720000,1.610980,0.000000,0.000000,0.000000,0.000000,9.802868,0.001398,0.000397,-0.000179,0.000000,0.000000,0.000000
1788402330302139717,41.622232,-1,-1.014528,0.843215,-3.309982,-1.014528,0.843215,-3.309982,0.000000,0.000000,0.000000,0.000000,0.003510,-0.003634,0.008629,2.124772,0.915940,171.064209,0.000000,0.000000,171.064209,2.124772,0.915940,0.000000,9.806600,0.000000,0.000000,0.000000,0.720000,0.720000,1.610980,0.000000,0.000000,0.000000,0.000000,9.805693,-0.000267,-0.000599,0.000125,0.000000,0.000000,0.000000
1788402330335194225,41.655287,-1,-1.014555,0.843162,-3.309952,-1.014555,0.843162,-3.309952,0.000000,0.000000,0.000000,0.000000,0.003553,-0.003583,0.008761,2.124473,0.915200,171.063438,0.000000,0.000000,171.063438,2.124473,0.915200,0.000000,9.806600,0.000000,0.000000,0.000000,0.720000,0.720000,1.610980,0.000000,0.000000,0.000000,0.000000,9.792925,0.000232,-0.000506,0.000066,0.000000,0.000000,0.000000
1788402330368225221,41.688318,-1,-1.014580,0.843058,-3.309982,-1.014580,0.843058,-3.309982,0.000000,0.000000,0.000000,0.000000,0.003506,-0.003538,0.008615,2.124586,0.914317,171.063282,0.000000,0.000000,171.063282,2.124586,0.914317,0.000000,9.806600,0.000000,0.000000,0.000000,0.720000,0.720000,1.610980,0.000000,0.000000,0.000000,0.000000,9.798114,0.000378,0.000294,0.000085,0.000000,0.000000,0.000000
1788402330401256664,41.721349,-1,-1.014601,0.842992,-3.309998,-1.014601,0.842992,-3.309998,0.000000,0.000000,0.000000,0.000000,0.003611,-0.003606,0.008516,2.124874,0.914637,171.063570,0.000000,0.000000,171.063570,2.124874,0.914637,0.000000,9.806600,0.000000,0.000000,0.000000,0.720000,0.720000,1.610980,0.000000,0.000000,0.000000,0.000000,9.808301,-0.000540,0.000217,0.000111,0.000000,0.000000,0.000000
1788402330434296149,41.754389,-1,-1.014633,0.842948,-3.309982,-1.014633,0.842948,-3.309982,0.000000,0.000000,0.000000,0.000000,0.003747,-0.003565,0.008458,2.124180,0.915069,171.064266,0.000000,0.000000,171.064266,2.124180,0.915069,0.000000,9.806600,0.000000,0.000000,0.000000,0.720000,0.720000,1.610980,0.000000,0.000000,0.000000,0.000000,9.788283,-0.000671,0.000428,-0.001057,0.000000,0.000000,0.000000
1788402330467329386,41.787422,-1,-1.014652,0.842859,-3.309998,-1.014652,0.842859,-3.309998,0.000000,0.000000,0.000000,0.000000,0.003623,-0.003646,0.008362,2.123239,0.915403,171.063751,0.000000,0.000000,171.063751,2.123239,0.915403,0.000000,9.806600,0.000000,0.000000,0.000000,0.720000,0.720000,1.610980,0.000000,0.000000,0.000000,0.000000,9.802390,0.000288,-0.000239,-0.000857,0.000000,0.000000,0.000000
1788402330500339559,41.820432,-1,-1.014676,0.842733,-3.310013,-1.014676,0.842733,-3.310013,0.000000,0.000000,0.000000,0.000000,0.003649,-0.003615,0.008238,2.123698,0.915515,171.063161,0.000000,0.000000,171.063161,2.123698,0.915515,0.000000,9.806600,0.000000,0.000000,0.000000,0.720000,0.720000,1.610980,0.000000,0.000000,0.000000,0.000000,9.805100,0.000621,0.000028,-0.000188,0.000000,0.000000,0.000000
1788402330533392337,41.853485,-1,-1.014703,0.842666,-3.309998,-1.014703,0.842666,-3.309998,0.000000,0.000000,0.000000,0.000000,0.003739,-0.003614,0.008364,2.124297,0.915375,171.062577,0.000000,0.000000,171.062577,2.124297,0.915375,0.000000,9.806600,0.000000,0.000000,0.000000,0.720000,0.720000,1.610980,0.000000,0.000000,0.000000,0.000000,9.798737,-0.000210,-0.000224,-0.000169,0.000000,0.000000,0.000000
1788402330566424998,41.886518,-1,-1.014721,0.842581,-3.309982,-1.014721,0.842581,-3.309982,0.000000,0.000000,0.000000,0.000000,0.003777,-0.003549,0.008281,2.123723,0.914905,171.062623,0.000000,0.000000,171.062623,2.123723,0.914905,0.000000,9.806600,0.000000,0.000000,0.000000,0.720000,0.720000,1.610980,0.000000,0.000000,0.000000,0.000000,9.797905,0.000465,-0.000837,-0.000726,0.000000,0.000000,0.000000
1788402330599454584,41.919547,-1,-1.014743,0.842478,-3.310013,-1.014743,0.842478,-3.310013,0.000000,0.000000,0.000000,0.000000,0.003654,-0.003654,0.008306,2.123469,0.914329,171.062617,0.000000,0.000000,171.062617,2.123469,0.914329,0.000000,9.806600,0.000000,0.000000,0.000000,0.720000,0.720000,1.610980,0.000000,0.000000,0.000000,0.000000,9.799862,0.000272,0.000183,-0.000197,0.000000,0.000000,0.000000
1788402330632509765,41.952602,-1,-1.014767,0.842428,-3.309998,-1.014767,0.842428,-3.309998,0.000000,0.000000,0.000000,0.000000,0.003748,-0.003663,0.008428,2.123232,0.914936,171.063189,0.000000,0.000000,171.063189,2.123232,0.914936,0.000000,9.806600,0.000000,0.000000,0.000000,0.720000,0.720000,1.610980,0.000000,0.000000,0.000000,0.000000,9.808053,0.000162,-0.000754,0.000823,0.000000,0.000000,0.000000
1788402330665657462,41.985750,-1,-1.014786,0.842338,-3.310028,-1.014786,0.842338,-3.310028,0.000000,0.000000,0.000000,0.000000,0.003705,-0.003472,0.008546,2.123370,0.913765,171.063816,0.000000,0.000000,171.063816,2.123370,0.913765,0.000000,9.806600,0.000000,0.000000,0.000000,0.720000,0.720000,1.610980,0.000000,0.000000,0.000000,0.000000,9.796576,0.000689,0.000539,-0.000357,0.000000,0.000000,0.000000
1788402330698551670,42.018644,-1,-1.014812,0.842216,-3.310074,-1.014812,0.842216,-3.310074,0.000000,0.000000,0.000000,0.000000,0.003711,-0.003513,0.008468,2.123610,0.914079,171.064115,0.000000,0.000000,171.064115,2.123610,0.914079,0.000000,9.806600,0.000000,0.000000,0.000000,0.720000,0.720000,1.610980,0.000000,0.000000,0.000000,0.000000,9.803793,-0.000214,0.000470,0.000383,0.000000,0.000000,0.000000
1788402330731604801,42.051697,-1,-1.014839,0.842149,-3.310104,-1.014839,0.842149,-3.310104,0.000000,0.000000,0.000000,0.000000,0.003641,-0.003345,0.008419,2.123488,0.915428,171.064720,0.000000,0.000000,171.064720,2.123488,0.915428,0.000000,9.806600,0.000000,0.000000,0.000000,0.720000,0.720000,1.610980,0.000000,0.000000,0.000000,0.000000,9.798785,0.000163,-0.000789,-0.000430,0.000000,0.000000,0.000000
1788402330764630574,42.084723,-1,-1.014851,0.842054,-3.310150,-1.014851,0.842054,-3.310150,0.000000,0.000000,0.000000,0.000000,0.003577,-0.003381,0.008382,2.123865,0.913985,171.063795,0.000000,0.000000,171.063795,2.123865,0.913985,0.000000,9.806600,0.000000,0.000000,0.000000,0.720000,0.720000,1.610980,0.000000,0.000000,0.000000,0.000000,9.799265,-0.000334,-0.000038,-0.000731,0.000000,0.000000,0.000000
1788402330797654618,42.117747,-1,-1.014867,0.841937,-3.310196,-1.014867,0.841937,-3.310196,0.000000,0.000000,0.000000,0.000000,0.003668,-0.003339,0.008312,2.123609,0.913834,171.063333,0.000000,0.000000,171.063333,2.123609,0.913834,0.000000,9.806600,0.000000,0.000000,0.000000,0.720000,0.720000,1.610980,0.000000,0.000000,0.000000,0.000000,9.796742,0.000548,0.000153,-0.000070,0.000000,0.000000,0.000000
1788402330830725977,42.150819,-1,-1.014890,0.841871,-3.310181,-1.014890,0.841871,-3.310181,0.000000,0.000000,0.000000,0.000000,0.003718,-0.003220,0.008409,2.123950,0.913834,171.063698,0.000000,0.000000,171.063698,2.123950,0.913834,0.000000,9.806600,0.000000,0.000000,0.000000,0.720000,0.720000,1.610980,0.000000,0.000000,0.000000,0.000000,9.792973,0.000391,0.000021,-0.000346,0.000000,0.000000,0.000000
1788402330863717057,42.183810,-1,-1.014889,0.841792,-3.310196,-1.014889,0.841792,-3.310196,0.000000,0.000000,0.000000,0.000000,0.003723,-0.003189,0.008389,2.124293,0.913029,171.063973,0.000000,0.000000,171.063973,2.124293,0.913029,0.000000,9.806600,0.000000,0.000000,0.000000,0.720000,0.720000,1.610980,0.000000,0.000000,0.000000,0.000000,9.802334,0.000494,0.000025,-0.000128,0.000000,0.000000,0.000000
1788402330896778164,42.216871,-1,-1.014882,0.841721,-3.310196,-1.014882,0.841721,-3.310196,0.000000,0.000000,0.000000,0.000000,0.003653,-0.003333,0.008444,2.124456,0.913004,171.063669,0.000000,0.000000,171.063669,2.124456,0.913004,0.000000,9.806600,0.000000,0.000000,0.000000,0.720000,0.720000,1.610980,0.000000,0.000000,0.000000,0.000000,9.806095,0.000491,0.000591,0.000253,0.000000,0.000000,0.000000
1788402330929833730,42.249926,-1,-1.014886,0.841660,-3.310150,-1.014886,0.841660,-3.310150,0.000000,0.000000,0.000000,0.000000,0.003756,-0.003282,0.008570,2.124842,0.914169,171.064749,0.000000,0.000000,171.064749,2.124842,0.914169,0.000000,9.806600,0.000000,0.000000,0.000000,0.720000,0.720000,1.610980,0.000000,0.000000,0.000000,0.000000,9.802361,0.000122,0.000396,0.001242,0.000000,0.000000,0.000000
1788402330962853866,42.282947,-1,-1.014875,0.841605,-3.310150,-1.014875,0.841605,-3.310150,0.000000,0.000000,0.000000,0.000000,0.003588,-0.003288,0.008644,2.124714,0.914866,171.066462,0.000000,0.000000,171.066462,2.124714,0.914866,0.000000,9.806600,0.000000,0.000000,0.000000,0.720000,0.720000,1.610980,0.000000,0.000000,0.000000,0.000000,9.802740,0.000618,-0.000740,-0.001338,0.000000,0.000000,0.000000
1788402330997279958,42.317373,-1,-1.014849,0.841539,-3.310089,-1.014849,0.841539,-3.310089,0.000000,0.000000,0.000000,0.000000,0.003355,-0.003293,0.008784,2.125586,0.913733,171.065121,0.000000,0.000000,171.065121,2.125586,0.913733,0.000000,9.806600,0.000000,0.000000,0.000000,0.720000,0.720000,1.610980,0.000000,0.000000,0.000000,0.000000,9.810281,0.000290,-0.001118,-0.000576,0.000000,0.000000,0.000000
1788402331028918383,42.349011,-1,-1.014839,0.841516,-3.310028,-1.014839,0.841516,-3.310028,0.000000,0.000000,0.000000,0.000000,0.003432,-0.003515,0.008818,2.126496,0.912483,171.063625,0.000000,0.000000,171.063625,2.126496,0.912483,0.000000,9.806600,0.000000,0.000000,0.000000,0.720000,0.720000,1.610980,0.000000,0.000000,0.000000,0.000000,9.782668,-0.000333,-0.000492,0.000326,0.000000,0.000000,0.000000
1788402331061965024,42.382058,-1,-1.014832,0.841521,-3.309998,-1.014832,0.841521,-3.309998,0.000000,0.000000,0.000000,0.000000,0.003619,-0.003565,0.008677,2.126590,0.911599,171.064485,0.000000,0.000000,171.064485,2.126590,0.911599,0.000000,9.806600,0.000000,0.000000,0.000000,0.720000,0.720000,1.610980,0.000000,0.000000,0.000000,0.000000,9.796579,-0.000178,-0.000185,0.000280,0.000000,0.000000,0.000000
1788402331094995586,42.415088,-1,-1.014835,0.841560,-3.309937,-1.014835,0.841560,-3.309937,0.000000,0.000000,0.000000,0.000000,0.003618,-0.003599,0.008380,2.126084,0.911938,171.065947,0.000000,0.000000,171.065947,2.126084,0.911938,0.000000,9.806600,0.000000,0.000000,0.000000,0.720000,0.720000,1.610980,0.000000,0.000000,0.000000,0.000000,9.786159,0.000341,0.000108,-0.000102,0.000000,0.000000,0.000000
1788402331128190476,42.448283,-1,-1.014843,0.841606,-3.309875,-1.014843,0.841606,-3.309875,0.000000,0.000000,0.000000,0.000000,0.003441,-0.003735,0.008401,2.126393,0.912413,171.065491,0.000000,0.000000,171.065491,2.126393,0.912413,0.000000,9.806600,0.000000,0.000000,0.000000,0.720000,0.720000,1.610980,0.000000,0.000000,0.000000,0.000000,9.798782,0.000428,0.000382,-0.000997,0.000000,0.000000,0.000000
1788402331161044503,42.481137,-1,-1.014847,0.841655,-3.309830,-1.014847,0.841655,-3.309830,0.000000,0.000000,0.000000,0.000000,0.003476,-0.003852,0.008509,2.126744,0.912823,171.064420,0.000000,0.000000,171.064420,2.126744,0.912823,0.000000,9.806600,0.000000,0.000000,0.000000,0.720000,0.720000,1.610980,0.000000,0.000000,0.000000,0.000000,9.811516,0.000110,-0.000142,0.001131,0.000000,0.000000,0.000000
1788402331194094989,42.514188,-1,-1.014863,0.841739,-3.309769,-1.014863,0.841739,-3.309769,0.000000,0.000000,0.000000,0.000000,0.003600,-0.004002,0.008721,2.127472,0.912700,171.065713,0.000000,0.000000,171.065713,2.127472,0.912700,0.000000,9.806600,0.000000,0.000000,0.000000,0.720000,0.720000,1.610980,0.000000,0.000000,0.000000,0.000000,9.804996,-0.000105,0.000410,0.000946,0.000000,0.000000,0.000000
1788402331227133655,42.547226,-1,-1.014885,0.841818,-3.309708,-1.014885,0.841818,-3.309708,0.000000,0.000000,0.000000,0.000000,0.003636,-0.003971,0.008758,2.126917,0.911914,171.067751,0.000000,0.000000,171.067751,2.126917,0.911914,0.000000,9.806600,0.000000,0.000000,0.000000,0.720000,0.720000,1.610980,0.000000,0.000000,0.000000,0.000000,9.805141,0.000801,-0.000425,-0.000648,0.000000,0.000000,0.000000
1788402331262527065,42.582620,-1,-1.014894,0.841866,-3.309692,-1.014894,0.841866,-3.309692,0.000000,0.000000,0.000000,0.000000,0.003476,-0.004098,0.008743,2.128037,0.911282,171.065496,0.000000,0.000000,171.065496,2.128037,0.911282,0.000000,9.806600,0.000000,0.000000,0.000000,0.720000,0.720000,1.610980,0.000000,0.000000,0.000000,0.000000,9.806606,0.000576,-0.001063,-0.001005,0.000000,0.000000,0.000000
1788402331293195001,42.613288,-1,-1.014901,0.841913,-3.309662,-1.014901,0.841913,-3.309662,0.000000,0.000000,0.000000,0.000000,0.003571,-0.004294,0.008694,2.128953,0.910261,171.064368,0.000000,0.000000,171.064368,2.128953,0.910261,0.000000,9.806600,0.000000,0.000000,0.000000,0.720000,0.720000,1.610980,0.000000,0.000000,0.000000,0.000000,9.813948,0.000019,0.000251,0.000148,0.000000,0.000000,0.000000
1788402331326222039,42.646315,-1,-1.014928,0.842007,-3.309616,-1.014928,0.842007,-3.309616,0.000000,0.000000,0.000000,0.000000,0.003788,-0.004426,0.008828,2.127743,0.910894,171.065351,0.000000,0.000000,171.065351,2.127743,0.910894,0.000000,9.806600,0.000000,0.000000,0.000000,0.720000,0.720000,1.610980,0.000000,0.000000,0.000000,0.000000,9.796681,-0.000267,0.001068,0.000502,0.000000,0.000000,0.000000
1788402331359241645,42.679334,-1,-1.014935,0.842048,-3.309616,-1.014935,0.842048,-3.309616,0.000000,0.000000,0.000000,0.000000,0.003648,-0.004367,0.008905,2.128166,0.912675,171.066391,0.000000,0.000000,171.066391,2.128166,0.912675,0.000000,9.806600,0.000000,0.000000,0.000000,0.720000,0.720000,1.610980,0.000000,0.000000,0.000000,0.000000,9.803286,0.000558,0.000757,-0.000581,0.000000,0.000000,0.000000
1788402331392249655,42.712342,-1,-1.014935,0.842099,-3.309616,-1.014935,0.842099,-3.309616,0.000000,0.000000,0.000000,0.000000,0.003461,-0.004520,0.009008,2.128540,0.913553,171.064721,0.000000,0.000000,171.064721,2.128540,0.913553,0.000000,9.806600,0.000000,0.000000,0.000000,0.720000,0.720000,1.610980,0.000000,0.000000,0.000000,0.000000,9.806817,-0.000258,-0.000110,-0.001502,0.000000,0.000000,0.000000
1788402331425329355,42.745422,-1,-1.014943,0.842157,-3.309586,-1.014943,0.842157,-3.309586,0.000000,0.000000,0.000000,0.000000,0.003505,-0.004535,0.008913,2.129327,0.913667,171.063725,0.000000,0.000000,171.063725,2.129327,0.913667,0.000000,9.806600,0.000000,0.000000,0.000000,0.720000,0.720000,1.610980,0.000000,0.000000,0.000000,0.000000,9.805624,-0.000316,0.000444,0.000843,0.000000,0.000000,0.000000
1788402331458353445,42.778446,-1,-1.014940,0.842189,-3.309601,-1.014940,0.842189,-3.309601,0.000000,0.000000,0.000000,0.000000,0.003665,-0.004663,0.008963,2.128490,0.913267,171.065259,0.000000,0.000000,171.065259,2.128490,0.913267,0.000000,9.806600,0.000000,0.000000,0.000000,0.720000,0.720000,1.610980,0.000000,0.000000,0.000000,0.000000,9.800966,-0.000567,-0.000784,0.000763,0.000000,0.000000,0.000000
1788402331491419275,42.811512,-1,-1.014938,0.842225,-3.309601,-1.014938,0.842225,-3.309601,0.000000,0.000000,0.000000,0.000000,0.003716,-0.004911,0.008960,2.128844,0.912736,171.066174,0.000000,0.000000,171.066174,2.128844,0.912736,0.000000,9.806600,0.000000,0.000000,0.000000,0.720000,0.720000,1.610980,0.000000,0.000000,0.000000,0.000000,9.803942,0.000555,0.000218,-0.001342,0.000000,0.000000,0.000000
1788402331524413575,42.844506,-1,-1.014945,0.842306,-3.309586,-1.014945,0.842306,-3.309586,0.000000,0.000000,0.000000,0.000000,0.003590,-0.005125,0.008906,2.129526,0.913374,171.064215,0.000000,0.000000,171.064215,2.129526,0.913374,0.000000,9.806600,0.000000,0.000000,0.000000,0.720000,0.720000,1.610980,0.000000,0.000000,0.000000,0.000000,9.803045,-0.000289,-0.000928,-0.000561,0.000000,0.000000,0.000000
1788402331557447724,42.877540,-1,-1.014945,0.842341,-3.309631,-1.014945,0.842341,-3.309631,0.000000,0.000000,0.000000,0.000000,0.003493,-0.005198,0.008810,2.128528,0.912929,171.063439,0.000000,0.000000,171.063439,2.128528,0.912929,0.000000,9.806600,0.000000,0.000000,0.000000,0.720000,0.720000,1.610980,0.000000,0.000000,0.000000,0.000000,9.803626,-0.000609,0.000738,0.000188,0.000000,0.000000,0.000000
1788402331590534375,42.910627,-1,-1.014947,0.842375,-3.309662,-1.014947,0.842375,-3.309662,0.000000,0.000000,0.000000,0.000000,0.003477,-0.005296,0.008834,2.128023,0.913337,171.063449,0.000000,0.000000,171.063449,2.128023,0.913337,0.000000,9.806600,0.000000,0.000000,0.000000,0.720000,0.720000,1.610980,0.000000,0.000000,0.000000,0.000000,9.804767,0.000519,-0.000137,0.000303,0.000000,0.000000,0.000000
1788402331623555743,42.943648,-1,-1.014960,0.842446,-3.309708,-1.014960,0.842446,-3.309708,0.000000,0.000000,0.000000,0.000000,0.003560,-0.005386,0.008845,2.129204,0.912963,171.063171,0.000000,0.000000,171.063171,2.129204,0.912963,0.000000,9.806600,0.000000,0.000000,0.000000,0.720000,0.720000,1.610980,0.000000,0.000000,0.000000,0.000000,9.799016,0.000210,-0.000554,-0.000131,0.000000,0.000000,0.000000
1788402331656550843,42.976644,-1,-1.014946,0.842460,-3.309784,-1.014946,0.842460,-3.309784,0.000000,0.000000,0.000000,0.000000,0.003554,-0.005495,0.008805,2.128988,0.911996,171.062112,0.000000,0.000000,171.062112,2.128988,0.911996,0.000000,9.806600,0.000000,0.000000,0.000000,0.720000,0.720000,1.610980,0.000000,0.000000,0.000000,0.000000,9.803326,-0.000916,-0.000090,-0.000037,0.000000,0.000000,0.000000
1788402331689564940,43.009658,-1,-1.014924,0.842465,-3.309875,-1.014924,0.842465,-3.309875,0.000000,0.000000,0.000000,0.000000,0.003558,-0.005588,0.008921,2.128538,0.912819,171.062202,0.000000,0.000000,171.062202,2.128538,0.912819,0.000000,9.806600,0.000000,0.000000,0.000000,0.720000,0.720000,1.610980,0.000000,0.000000,0.000000,0.000000,9.790913,-0.000415,0.000586,0.000289,0.000000,0.000000,0.000000
1788402331722634741,43.042727,-1,-1.014909,0.842505,-3.309952,-1.014909,0.842505,-3.309952,0.000000,0.000000,0.000000,0.000000,0.003501,-0.005584,0.009093,2.128247,0.913072,171.062986,0.000000,0.000000,171.062986,2.128247,0.913072,0.000000,9.806600,0.000000,0.000000,0.000000,0.720000,0.720000,1.610980,0.000000,0.000000,0.000000,0.000000,9.803469,0.000001,-0.000181,0.000660,0.000000,0.000000,0.000000
1788402331755640861,43.075734,-1,-1.014876,0.842523,-3.310028,-1.014876,0.842523,-3.310028,0.000000,0.000000,0.000000,0.000000,0.003281,-0.005685,0.009085,2.128764,0.912494,171.063329,0.000000,0.000000,171.063329,2.128764,0.912494,0.000000,9.806600,0.000000,0.000000,0.000000,0.720000,0.720000,1.610980,0.000000,0.000000,0.000000,0.000000,9.808328,0.000471,-0.000833,-0.000490,0.000000,0.000000,0.000000
1788402331788690322,43.108783,-1,-1.014836,0.842543,-3.310089,-1.014836,0.842543,-3.310089,0.000000,0.000000,0.000000,0.000000,0.003302,-0.005705,0.009061,2.128802,0.911661,171.062598,0.000000,0.000000,171.062598,2.128802,0.911661,0.000000,9.806600,0.000000,0.000000,0.000000,0.720000,0.720000,1.610980,0.000000,0.000000,0.000000,0.000000,9.807110,0.000319,-0.000053,0.000135,0.000000,0.000000,0.000000
1788402331821708839,43.141802,-1,-1.014805,0.842600,-3.310120,-1.014805,0.842600,-3.310120,0.000000,0.000000,0.000000,0.000000,0.003545,-0.005696,0.009051,2.128981,0.910836,171.062794,0.000000,0.000000,171.062794,2.128981,0.910836,0.000000,9.806600,0.000000,0.000000,0.000000,0.720000,0.720000,1.610980,0.000000,0.000000,0.000000,0.000000,9.800301,0.000093,0.000385,0.000260,0.000000,0.000000,0.000000
1788402331855592374,43.175685,-1,-1.014766,0.842616,-3.310196,-1.014766,0.842616,-3.310196,0.000000,0.000000,0.000000,0.000000,0.003559,-0.005650,0.008987,2.128728,0.911272,171.063416,0.000000,0.000000,171.063416,2.128728,0.911272,0.000000,9.806600,0.000000,0.000000,0.000000,0.720000,0.720000,1.610980,0.000000,0.000000,0.000000,0.000000,9.798899,-0.000236,0.000454,-0.000457,0.000000,0.000000,0.000000
1788402331887822399,43.207915,-1,-1.014724,0.842626,-3.310272,-1.014724,0.842626,-3.310272,0.000000,0.000000,0.000000,0.000000,0.003434,-0.005566,0.008945,2.128212,0.911928,171.062933,0.000000,0.000000,171.062933,2.128212,0.911928,0.000000,9.806600,0.000000,0.000000,0.000000,0.720000,0.720000,1.610980,0.000000,0.000000,0.000000,0.000000,9.795091,0.000751,0.000362,-0.000992,0.000000,0.000000,0.000000
1788402331920836495,43.240929,-1,-1.014685,0.842665,-3.310333,-1.014685,0.842665,-3.310333,0.000000,0.000000,0.000000,0.000000,0.003553,-0.005445,0.008982,2.129361,0.911659,171.061191,0.000000,0.000000,171.061191,2.129361,0.911659,0.000000,9.806600,0.000000,0.000000,0.000000,0.720000,0.720000,1.610980,0.000000,0.000000,0.000000,0.000000,9.809093,0.000659,-0.000212,-0.000031,0.000000,0.000000,0.000000
1788402331953905368,43.273998,-1,-1.014645,0.842650,-3.310410,-1.014645,0.842650,-3.310410,0.000000,0.000000,0.000000,0.000000,0.003574,-0.005429,0.009012,2.129667,0.911279,171.062302,0.000000,0.000000,171.062302,2.129667,0.911279,0.000000,9.806600,0.000000,0.000000,0.000000,0.720000,0.720000,1.610980,0.000000,0.000000,0.000000,0.000000,9.800430,-0.000716,-0.000195,0.001214,0.000000,0.000000,0.000000
1788402331986920650,43.307013,-1,-1.014608,0.842627,-3.310501,-1.014608,0.842627,-3.310501,0.000000,0.000000,0.000000,0.000000,0.003675,-0.005419,0.008941,2.128458,0.911015,171.063200,0.000000,0.000000,171.063200,2.128458,0.911015,0.000000,9.806600,0.000000,0.000000,0.000000,0.720000,0.720000,1.610980,0.000000,0.000000,0.000000,0.000000,9.809089,-0.000257,-0.000031,-0.000290,0.000000,0.000000,0.000000
1788402332019926880,43.340020,-1,-1.014578,0.842633,-3.310577,-1.014578,0.842633,-3.310577,0.000000,0.000000,0.000000,0.000000,0.003750,-0.005471,0.008890,2.128648,0.911729,171.061863,0.000000,0.000000,171.061863,2.128648,0.911729,0.000000,9.806600,0.000000,0.000000,0.000000,0.720000,0.720000,1.610980,0.000000,0.000000,0.000000,0.000000,9.807811,0.000325,0.000850,-0.000949,0.000000,0.000000,0.000000
1788402332052974797,43.373067,-1,-1.014534,0.842598,-3.310623,-1.014534,0.842598,-3.310623,0.000000,0.000000,0.000000,0.000000,0.003742,-0.005545,0.008965,2.128662,0.913287,171.060602,0.000000,0.000000,171.060602,2.128662,0.913287,0.000000,9.806600,0.000000,0.000000,0.000000,0.720000,0.720000,1.610980,0.000000,0.000000,0.000000,0.000000,9.807483,0.000246,-0.000516,-0.000422,0.000000,0.000000,0.000000
1788402332086014354,43.406107,-1,-1.014483,0.842561,-3.310638,-1.014483,0.842561,-3.310638,0.000000,0.000000,0.000000,0.000000,0.003587,-0.005671,0.008893,2.128404,0.912738,171.061922,0.000000,0.000000,171.061922,2.128404,0.912738,0.000000,9.806600,0.000000,0.000000,0.000000,0.720000,0.720000,1.610980,0.000000,0.000000,0.000000,0.000000,9.800441,-0.000158,0.000258,0.000507,0.000000,0.000000,0.000000
1788402332119025499,43.439118,-1,-1.014432,0.842545,-3.310623,-1.014432,0.842545,-3.310623,0.000000,0.000000,0.000000,0.000000,0.003619,-0.005645,0.009050,2.128194,0.912256,171.061869,0.000000,0.000000,171.061869,2.128194,0.912256,0.000000,9.806600,0.000000,0.000000,0.000000,0.720000,0.720000,1.610980,0.000000,0.000000,0.000000,0.000000,9.792445,0.000724,-0.000438,-0.000038,0.000000,0.000000,0.000000
1788402332152090009,43.472183,-1,-1.014380,0.842519,-3.310654,-1.014380,0.842519,-3.310654,0.000000,0.000000,0.000000,0.000000,0.003640,-0.005603,0.009007,2.128613,0.910951,171.061731,0.000000,0.000000,171.061731,2.128613,0.910951,0.000000,9.806600,0.000000,0.000000,0.000000,0.720000,0.720000,1.610980,0.000000,0.000000,0.000000,0.000000,9.804152,0.000362,-0.000638,-0.000222,0.000000,0.000000,0.000000
1788402332185111212,43.505204,-1,-1.014329,0.842496,-3.310684,-1.014329,0.842496,-3.310684,0.000000,0.000000,0.000000,0.000000,0.003744,-0.005597,0.008879,2.128780,0.910398,171.061382,0.000000,0.000000,171.061382,2.128780,0.910398,0.000000,9.806600,0.000000,0.000000,0.000000,0.720000,0.720000,1.610980,0.000000,0.000000,0.000000,0.000000,9.805211,-0.000500,-0.000165,-0.000349,0.000000,0.000000,0.000000
1788402332218124151,43.538217,-1,-1.014294,0.842495,-3.310684,-1.014294,0.842495,-3.310684,0.000000,0.000000,0.000000,0.000000,0.003767,-0.005633,0.008943,2.128255,0.911637,171.060865,0.000000,0.000000,171.060865,2.128255,0.911637,0.000000,9.806600,0.000000,0.000000,0.000000,0.720000,0.720000,1.610980,0.000000,0.000000,0.000000,0.000000,9.808352,-0.000432,0.000118,0.000016,0.000000,0.000000,0.000000
1788402332251179499,43.571272,-1,-1.014246,0.842485,-3.310730,-1.014246,0.842485,-3.310730,0.000000,0.000000,0.000000,0.000000,0.003737,-0.005609,0.009040,2.127957,0.911477,171.062168,0.000000,0.000000,171.062168,2.127957,0.911477,0.000000,9.806600,0.000000,0.000000,0.000000,0.720000,0.720000,1.610980,0.000000,0.000000,0.000000,0.000000,9.795915,-0.000308,-0.000366,0.000353,0.000000,0.000000,0.000000
1788402332284219985,43.604313,-1,-1.014218,0.842492,-3.310760,-1.014218,0.842492,-3.310760,0.000000,0.000000,0.000000,0.000000,0.003569,-0.005601,0.009157,2.127725,0.910845,171.061226,0.000000,0.000000,171.061226,2.127725,0.910845,0.000000,9.806600,0.000000,0.000000,0.000000,0.720000,0.720000,1.610980,0.000000,0.000000,0.000000,0.000000,9.811823,-0.000508,-0.000308,-0.001284,0.000000,0.000000,0.000000
1788402332317278889,43.637372,-1,-1.014192,0.842530,-3.310760,-1.014192,0.842530,-3.310760,0.000000,0.000000,0.000000,0.000000,0.003560,-0.005559,0.009278,2.127768,0.911148,171.061513,0.000000,0.000000,171.061513,2.127768,0.911148,0.000000,9.806600,0.000000,0.000000,0.000000,0.720000,0.720000,1.610980,0.000000,0.000000,0.000000,0.000000,9.795249,0.000224,0.000575,0.000011,0.000000,0.000000,0.000000
1788402332350277574,43.670370,-1,-1.014154,0.842486,-3.310776,-1.014154,0.842486,-3.310776,0.000000,0.000000,0.000000,0.000000,0.003580,-0.005499,0.009336,2.127801,0.910851,171.061646,0.000000,0.000000,171.061646,2.127801,0.910851,0.000000,9.806600,0.000000,0.000000,0.000000,0.720000,0.720000,1.610980,0.000000,0.000000,0.000000,0.000000,9.804470,0.000080,0.000041,0.000085,0.000000,0.000000,0.000000
1788402332383243458,43.703336,-1,-1.014128,0.842466,-3.310776,-1.014128,0.842466,-3.310776,0.000000,0.000000,0.000000,0.000000,0.003511,-0.005553,0.009281,2.127238,0.910967,171.062179,0.000000,0.000000,171.062179,2.127238,0.910967,0.000000,9.806600,0.000000,0.000000,0.000000,0.720000,0.720000,1.610980,0.000000,0.000000,0.000000,0.000000,9.803144,-0.000108,0.000262,-0.000918,0.000000,0.000000,0.000000
1788402332416338238,43.736431,-1,-1.014111,0.842469,-3.310760,-1.014111,0.842469,-3.310760,0.000000,0.000000,0.000000,0.000000,0.003519,-0.005618,0.009276,2.126563,0.911189,171.061543,0.000000,0.000000,171.061543,2.126563,0.911189,0.000000,9.806600,0.000000,0.000000,0.000000,0.720000,0.720000,1.610980,0.000000,0.000000,0.000000,0.000000,9.802748,-0.000532,0.000302,-0.000864,0.000000,0.000000,0.000000
1788402332449389358,43.769482,-1,-1.014080,0.842441,-3.310776,-1.014080,0.842441,-3.310776,0.000000,0.000000,0.000000,0.000000,0.003586,-0.005525,0.009345,2.126349,0.911757,171.060388,0.000000,0.000000,171.060388,2.126349,0.911757,0.000000,9.806600,0.000000,0.000000,0.000000,0.720000,0.720000,1.610980,0.000000,0.000000,0.000000,0.000000,9.798841,-0.000013,-0.000037,-0.000303,0.000000,0.000000,0.000000
1788402332482386634,43.802479,-1,-1.014052,0.842399,-3.310822,-1.014052,0.842399,-3.310822,0.000000,0.000000,0.000000,0.000000,0.003585,-0.005669,0.009152,2.126223,0.911858,171.060728,0.000000,0.000000,171.060728,2.126223,0.911858,0.000000,9.806600,0.000000,0.000000,0.000000,0.720000,0.720000,1.610980,0.000000,0.000000,0.000000,0.000000,9.809621,0.000362,0.000103,0.000103,0.000000,0.000000,0.000000
1788402332515443200,43.835536,-1,-1.014032,0.842382,-3.310822,-1.014032,0.842382,-3.310822,0.000000,0.000000,0.000000,0.000000,0.003443,-0.005627,0.009222,2.126190,0.912430,171.061394,0.000000,0.000000,171.061394,2.126190,0.912430,0.000000,9.806600,0.000000,0.000000,0.000000,0.720000,0.720000,1.610980,0.000000,0.000000,0.000000,0.000000,9.804593,0.000091,-0.000018,0.000232,0.000000,0.000000,0.000000
1788402332548400564,43.868493,-1,-1.013987,0.842385,-3.310806,-1.013987,0.842385,-3.310806,0.000000,0.000000,0.000000,0.000000,0.003516,-0.005598,0.009187,2.126119,0.912271,171.061600,0.000000,0.000000,171.061600,2.126119,0.912271,0.000000,9.806600,0.000000,0.000000,0.000000,0.720000,0.720000,1.610980,0.000000,0.000000,0.000000,0.000000,9.796727,-0.000324,0.000040,-0.000208,0.000000,0.000000,0.000000
1788402332581519079,43.901612,-1,-1.013944,0.842405,-3.310791,-1.013944,0.842405,-3.310791,0.000000,0.000000,0.000000,0.000000,0.003483,-0.005524,0.009153,2.125942,0.911880,171.060894,0.000000,0.000000,171.060894,2.125942,0.911880,0.000000,9.806600,0.000000,0.000000,0.000000,0.720000,0.720000,1.610980,0.000000,0.000000,0.000000,0.000000,9.800274,0.000294,0.000188,0.000246,0.000000,0.000000,0.000000
1788402332614544414,43.934637,-1,-1.013912,0.842442,-3.310760,-1.013912,0.842442,-3.310760,0.000000,0.000000,0.000000,0.000000,0.003408,-0.005496,0.009026,2.125423,0.911697,171.061807,0.000000,0.000000,171.061807,2.125423,0.911697,0.000000,9.806600,0.000000,0.000000,0.000000,0.720000,0.720000,1.610980,0.000000,0.000000,0.000000,0.000000,9.796861,-0.000392,0.000070,0.000624,0.000000,0.000000,0.000000
1788402332647569589,43.967662,-1,-1.013864,0.842427,-3.310715,-1.013864,0.842427,-3.310715,0.000000,0.000000,0.000000,0.000000,0.003360,-0.005542,0.009015,2.124489,0.912225,171.062397,0.000000,0.000000,171.062397,2.124489,0.912225,0.000000,9.806600,0.000000,0.000000,0.000000,0.720000,0.720000,1.610980,0.000000,0.000000,0.000000,0.000000,9.798276,-0.000572,0.000369,-0.000299,0.000000,0.000000,0.000000
1788402332680610747,44.000703,-1,-1.013822,0.842377,-3.310684,-1.013822,0.842377,-3.310684,0.000000,0.000000,0.000000,0.000000,0.003199,-0.005594,0.008976,2.124657,0.912662,171.062306,0.000000,0.000000,171.062306,2.124657,0.912662,0.000000,9.806600,0.000000,0.000000,0.000000,0.720000,0.720000,1.610980,0.000000,0.000000,0.000000,0.000000,9.793180,0.000711,0.000256,-0.000571,0.000000,0.000000,0.000000
1788402332713633392,44.033726,-1,-1.013792,0.842350,-3.310608,-1.013792,0.842350,-3.310608,0.000000,0.000000,0.000000,0.000000,0.003309,-0.005485,0.009029,2.124940,0.911902,171.061777,0.000000,0.000000,171.061777,2.124940,0.911902,0.000000,9.806600,0.000000,0.000000,0.000000,0.720000,0.720000,1.610980,0.000000,0.000000,0.000000,0.000000,9.800031,-0.000427,-0.000923,-0.000567,0.000000,0.000000,0.000000
1788402332746660328,44.066753,-1,-1.013792,0.842350,-3.310608,-1.013792,0.842350,-3.310608,0.000000,0.000000,0.000000,0.000000,0.003309,-0.005485,0.009029,2.124940,0.911902,171.061777,0.000000,0.000000,171.061777,2.124940,0.911902,0.000000,9.806600,0.000000,0.000000,0.000000,0.720000,0.720000,1.610980,0.000000,0.000000,0.000000,0.000000,9.785529,0.000215,0.000446,-0.000095,0.000000,0.000000,0.000000
1788402332779670384,44.099763,-1,-1.013722,0.842338,-3.310440,-1.013722,0.842338,-3.310440,0.000000,0.000000,0.000000,0.000000,0.003355,-0.005502,0.008524,2.125001,0.912252,171.062269,0.000000,0.000000,171.062269,2.125001,0.912252,0.000000,9.806600,0.000000,0.000000,0.000000,0.720000,0.720000,1.610980,0.000000,0.000000,0.000000,0.000000,9.798145,0.000179,0.000552,-0.000010,0.000000,0.000000,0.000000
1788402332812718974,44.132812,-1,-1.013704,0.842365,-3.310333,-1.013704,0.842365,-3.310333,0.000000,0.000000,0.000000,0.000000,0.003382,-0.005604,0.008412,2.125174,0.913880,171.062383,0.000000,0.000000,171.062383,2.125174,0.913880,0.000000,9.806600,0.000000,0.000000,0.000000,0.720000,0.720000,1.610980,0.000000,0.000000,0.000000,0.000000,9.796674,0.000381,0.000734,-0.000388,0.000000,0.000000,0.000000
1788402332845763304,44.165856,-1,-1.013663,0.842400,-3.310226,-1.013663,0.842400,-3.310226,0.000000,0.000000,0.000000,0.000000,0.003314,-0.005766,0.008490,2.125684,0.914344,171.062655,0.000000,0.000000,171.062655,2.125684,0.914344,0.000000,9.806600,0.000000,0.000000,0.000000,0.720000,0.720000,1.610980,0.000000,0.000000,0.000000,0.000000,9.798100,-0.000665,-0.000804,0.000409,0.000000,0.000000,0.000000
1788402332878773648,44.198866,-1,-1.013663,0.842400,-3.310226,-1.013663,0.842400,-3.310226,0.000000,0.000000,0.000000,0.000000,0.003314,-0.005766,0.008490,2.125684,0.914344,171.062655,0.000000,0.000000,171.062655,2.125684,0.914344,0.000000,9.806600,0.000000,0.000000,0.000000,0.720000,0.720000,1.610980,0.000000,0.000000,0.000000,0.000000,9.804273,-0.000472,-0.000393,-0.000344,0.000000,0.000000,0.000000
1788402332911812885,44.231906,-1,-1.013635,0.842445,-3.310104,-1.013635,0.842445,-3.310104,0.000000,0.000000,0.000000,0.000000,0.003253,-0.005842,0.008579,2.124894,0.913634,171.062366,0.000000,0.000000,171.062366,2.124894,0.913634,0.000000,9.806600,0.000000,0.000000,0.000000,0.720000,0.720000,1.610980,0.000000,0.000000,0.000000,0.000000,9.801802,0.000257,-0.000381,0.000335,0.000000,0.000000,0.000000
1788402332944828226,44.264921,-1,-1.013615,0.842510,-3.309967,-1.013615,0.842510,-3.309967,0.000000,0.000000,0.000000,0.000000,0.003268,-0.005890,0.008578,2.124734,0.913193,171.062436,0.000000,0.000000,171.062436,2.124734,0.913193,0.000000,9.806600,0.000000,0.000000,0.000000,0.720000,0.720000,1.610980,0.000000,0.000000,0.000000,0.000000,9.807643,-0.000264,0.000141,0.000105,0.000000,0.000000,0.000000
1788402332977896740,44.297989,-1,-1.013592,0.842633,-3.309830,-1.013592,0.842633,-3.309830,0.000000,0.000000,0.000000,0.000000,0.003453,-0.006036,0.008706,2.124969,0.912261,171.062578,0.000000,0.000000,171.062578,2.124969,0.912261,0.000000,9.806600,0.000000,0.000000,0.000000,0.720000,0.720000,1.610980,0.000000,0.000000,0.000000,0.000000,9.803007,0.000113,0.000129,0.000161,0.000000,0.000000,0.000000
1788402333010919118,44.331012,-1,-1.013578,0.842754,-3.309738,-1.013578,0.842754,-3.309738,0.000000,0.000000,0.000000,0.000000,0.003518,-0.006137,0.008699,2.124781,0.912066,171.062656,0.000000,0.000000,171.062656,2.124781,0.912066,0.000000,9.806600,0.000000,0.000000,0.000000,0.720000,0.720000,1.610980,0.000000,0.000000,0.000000,0.000000,9.798990,0.000028,0.000730,0.000401,0.000000,0.000000,0.000000
1788402333043955285,44.364048,-1,-1.013574,0.842892,-3.309631,-1.013574,0.842892,-3.309631,0.000000,0.000000,0.000000,0.000000,0.003595,-0.006210,0.008711,2.125180,0.912118,171.062574,0.000000,0.000000,171.062574,2.125180,0.912118,0.000000,9.806600,0.000000,0.000000,0.000000,0.720000,0.720000,1.610980,0.000000,0.000000,0.000000,0.000000,9.794972,0.000662,0.000019,-0.000485,0.000000,0.000000,0.000000
1788402333077001478,44.397094,-1,-1.013557,0.843143,-3.309494,-1.013557,0.843143,-3.309494,0.000000,0.000000,0.000000,0.000000,0.003427,-0.006552,0.008627,2.125898,0.912362,171.062704,0.000000,0.000000,171.062704,2.125898,0.912362,0.000000,9.806600,0.000000,0.000000,0.000000,0.720000,0.720000,1.610980,0.000000,0.000000,0.000000,0.000000,9.808524,-0.000218,-0.000056,0.000171,0.000000,0.000000,0.000000
1788402333110028870,44.430122,-1,-1.013545,0.843361,-3.309387,-1.013545,0.843361,-3.309387,0.000000,0.000000,0.000000,0.000000,0.003418,-0.006786,0.008730,2.126342,0.912640,171.062741,0.000000,0.000000,171.062741,2.126342,0.912640,0.000000,9.806600,0.000000,0.000000,0.000000,0.720000,0.720000,1.610980,0.000000,0.000000,0.000000,0.000000,9.811178,0.000102,0.000114,-0.000252,0.000000,0.000000,0.000000
1788402333143032366,44.463125,-1,-1.013542,0.843590,-3.309235,-1.013542,0.843590,-3.309235,0.000000,0.000000,0.000000,0.000000,0.003417,-0.006869,0.008751,2.126215,0.912323,171.062617,0.000000,0.000000,171.062617,2.126215,0.912323,0.000000,9.806600,0.000000,0.000000,0.000000,0.720000,0.720000,1.610980,0.000000,0.000000,0.000000,0.000000,9.810472,0.000137,0.000208,-0.000147,0.000000,0.000000,0.000000
1788402333176085029,44.496178,-1,-1.013532,0.843859,-3.309052,-1.013532,0.843859,-3.309052,0.000000,0.000000,0.000000,0.000000,0.003465,-0.007093,0.008874,2.127405,0.913140,171.062479,0.000000,0.000000,171.062479,2.127405,0.913140,0.000000,9.806600,0.000000,0.000000,0.000000,0.720000,0.720000,1.610980,0.000000,0.000000,0.000000,0.000000,9.800364,0.000110,0.000009,-0.000167,0.000000,0.000000,0.000000
1788402333209118026,44.529211,-1,-1.013519,0.844036,-3.308914,-1.013519,0.844036,-3.308914,0.000000,0.000000,0.000000,0.000000,0.003379,-0.007241,0.008923,2.127805,0.913260,171.062218,0.000000,0.000000,171.062218,2.127805,0.913260,0.000000,9.806600,0.000000,0.000000,0.000000,0.720000,0.720000,1.610980,0.000000,0.000000,0.000000,0.000000,9.803472,-0.000063,0.000046,0.000257,0.000000,0.000000,0.000000
1788402333242133341,44.562226,-1,-1.013514,0.844231,-3.308746,-1.013514,0.844231,-3.308746,0.000000,0.000000,0.000000,0.000000,0.003359,-0.007399,0.009056,2.128262,0.914478,171.062016,0.000000,0.000000,171.062016,2.128262,0.914478,0.000000,9.806600,0.000000,0.000000,0.000000,0.720000,0.720000,1.610980,0.000000,0.000000,0.000000,0.000000,9.796749,-0.000241,0.000003,0.000689,0.000000,0.000000,0.000000
1788402333275170726,44.595263,-1,-1.013498,0.844517,-3.308563,-1.013498,0.844517,-3.308563,0.000000,0.000000,0.000000,0.000000,0.003403,-0.007630,0.009050,2.128532,0.915123,171.063021,0.000000,0.000000,171.063021,2.128532,0.915123,0.000000,9.806600,0.000000,0.000000,0.000000,0.720000,0.720000,1.610980,0.000000,0.000000,0.000000,0.000000,9.803172,-0.000223,-0.000593,0.000642,0.000000,0.000000,0.000000
1788402333308225279,44.628318,-1,-1.013480,0.844750,-3.308456,-1.013480,0.844750,-3.308456,0.000000,0.000000,0.000000,0.000000,0.003338,-0.007845,0.009075,2.128032,0.914736,171.063602,0.000000,0.000000,171.063602,2.128032,0.914736,0.000000,9.806600,0.000000,0.000000,0.000000,0.720000,0.720000,1.610980,0.000000,0.000000,0.000000,0.000000,9.808742,0.000119,-0.001135,-0.000037,0.000000,0.000000,0.000000
1788402333341228487,44.661321,-1,-1.013473,0.844998,-3.308334,-1.013473,0.844998,-3.308334,0.000000,0.000000,0.000000,0.000000,0.003512,-0.008003,0.009136,2.128259,0.913655,171.063687,0.000000,0.000000,171.063687,2.128259,0.913655,0.000000,9.806600,0.000000,0.000000,0.000000,0.720000,0.720000,1.610980,0.000000,0.000000,0.000000,0.000000,9.797157,-0.000318,-0.000392,-0.000444,0.000000,0.000000,0.000000
1788402333374242874,44.694336,-1,-1.013448,0.845339,-3.308243,-1.013448,0.845339,-3.308243,0.000000,0.000000,0.000000,0.000000,0.003633,-0.008253,0.009100,2.128891,0.913256,171.062821,0.000000,0.000000,171.062821,2.128891,0.913256,0.000000,9.806600,0.000000,0.000000,0.000000,0.720000,0.720000,1.610980,0.000000,0.000000,0.000000,0.000000,9.807104,-0.000044,0.000571,-0.000070,0.000000,0.000000,0.000000
1788402333407306620,44.727399,-1,-1.013434,0.845610,-3.308167,-1.013434,0.845610,-3.308167,0.000000,0.000000,0.000000,0.000000,0.003677,-0.008433,0.009099,2.129184,0.913775,171.062813,0.000000,0.000000,171.062813,2.129184,0.913775,0.000000,9.806600,0.000000,0.000000,0.000000,0.720000,0.720000,1.610980,0.000000,0.000000,0.000000,0.000000,9.803125,-0.000551,-0.000588,-0.000150,0.000000,0.000000,0.000000
1788402333440327733,44.760420,-1,-1.013428,0.845896,-3.308060,-1.013428,0.845896,-3.308060,0.000000,0.000000,0.000000,0.000000,0.003666,-0.008675,0.009084,2.128823,0.913367,171.062621,0.000000,0.000000,171.062621,2.128823,0.913367,0.000000,9.806600,0.000000,0.000000,0.000000,0.720000,0.720000,1.610980,0.000000,0.000000,0.000000,0.000000,9.803548,-0.000048,0.000397,-0.000115,0.000000,0.000000,0.000000
1788402333473348526,44.793441,-1,-1.013399,0.846251,-3.307953,-1.013399,0.846251,-3.307953,0.000000,0.000000,0.000000,0.000000,0.003858,-0.009053,0.009015,2.129052,0.912928,171.062820,0.000000,0.000000,171.062820,2.129052,0.912928,0.000000,9.806600,0.000000,0.000000,0.000000,0.720000,0.720000,1.610980,0.000000,0.000000,0.000000,0.000000,9.804008,0.000045,-0.000641,-0.000522,0.000000,0.000000,0.000000
1788402333506387929,44.826481,-1,-1.013385,0.846526,-3.307846,-1.013385,0.846526,-3.307846,0.000000,0.000000,0.000000,0.000000,0.004000,-0.009261,0.009095,2.128910,0.912933,171.062298,0.000000,0.000000,171.062298,2.128910,0.912933,0.000000,9.806600,0.000000,0.000000,0.000000,0.720000,0.720000,1.610980,0.000000,0.000000,0.000000,0.000000,9.797991,-0.000671,-0.000944,-0.000456,0.000000,0.000000,0.000000
1788402333539469771,44.859562,-1,-1.013379,0.846818,-3.307724,-1.013379,0.846818,-3.307724,0.000000,0.000000,0.000000,0.000000,0.003908,-0.009499,0.009068,2.128639,0.911022,171.061916,0.000000,0.000000,171.061916,2.128639,0.911022,0.000000,9.806600,0.000000,0.000000,0.000000,0.720000,0.720000,1.610980,0.000000,0.000000,0.000000,0.000000,9.796054,-0.000588,-0.000955,-0.000097,0.000000,0.000000,0.000000
1788402333572433903,44.892527,-1,-1.013355,0.847114,-3.307602,-1.013355,0.847114,-3.307602,0.000000,0.000000,0.000000,0.000000,0.004045,-0.009789,0.008945,2.128756,0.909644,171.061247,0.000000,0.000000,171.061247,2.128756,0.909644,0.000000,9.806600,0.000000,0.000000,0.000000,0.720000,0.720000,1.610980,0.000000,0.000000,0.000000,0.000000,9.793327,-0.000195,0.000400,-0.000342,0.000000,0.000000,0.000000
1788402333605481953,44.925575,-1,-1.013346,0.847331,-3.307510,-1.013346,0.847331,-3.307510,0.000000,0.000000,0.000000,0.000000,0.004232,-0.009935,0.008855,2.128676,0.909883,171.061199,0.000000,0.000000,171.061199,2.128676,0.909883,0.000000,9.806600,0.000000,0.000000,0.000000,0.720000,0.720000,1.610980,0.000000,0.000000,0.000000,0.000000,9.795774,0.000360,-0.001012,-0.000098,0.000000,0.000000,0.000000
1788402333638539869,44.958633,-1,-1.013347,0.847569,-3.307388,-1.013347,0.847569,-3.307388,0.000000,0.000000,0.000000,0.000000,0.004178,-0.009993,0.008916,2.128935,0.909423,171.061159,0.000000,0.000000,171.061159,2.128935,0.909423,0.000000,9.806600,0.000000,0.000000,0.000000,0.720000,0.720000,1.610980,0.000000,0.000000,0.000000,0.000000,9.800717,-0.000690,0.000343,-0.000285,0.000000,0.000000,0.000000
1788402333671601405,44.991694,-1,-1.013338,0.847829,-3.307205,-1.013338,0.847829,-3.307205,0.000000,0.000000,0.000000,0.000000,0.004061,-0.010021,0.008943,2.128256,0.909276,171.060183,0.000000,0.000000,171.060183,2.128256,0.909276,0.000000,9.806600,0.000000,0.000000,0.000000,0.720000,0.720000,1.610980,0.000000,0.000000,0.000000,0.000000,9.804495,-0.000118,-0.000183,-0.000220,0.000000,0.000000,0.000000
1788402333704575914,45.024669,-1,-1.013326,0.847985,-3.307098,-1.013326,0.847985,-3.307098,0.000000,0.000000,0.000000,0.000000,0.004068,-0.010084,0.009070,2.127940,0.907712,171.060535,0.000000,0.000000,171.060535,2.127940,0.907712,0.000000,9.806600,0.000000,0.000000,0.000000,0.720000,0.720000,1.610980,0.000000,0.000000,0.000000,0.000000,9.800229,0.000546,-0.000663,-0.000649,0.000000,0.000000,0.000000
1788402333737599237,45.057692,-1,-1.013322,0.848163,-3.306946,-1.013322,0.848163,-3.306946,0.000000,0.000000,0.000000,0.000000,0.004025,-0.010168,0.009097,2.128137,0.906586,171.060084,0.000000,0.000000,171.060084,2.128137,0.906586,0.000000,9.806600,0.000000,0.000000,0.000000,0.720000,0.720000,1.610980,0.000000,0.000000,0.000000,0.000000,9.792138,0.000186,0.000455,-0.000572,0.000000,0.000000,0.000000
1788402333770609588,45.090702,-1,-1.013309,0.848291,-3.306808,-1.013309,0.848291,-3.306808,0.000000,0.000000,0.000000,0.000000,0.003938,-0.010245,0.009001,2.128385,0.907247,171.059542,0.000000,0.000000,171.059542,2.128385,0.907247,0.000000,9.806600,0.000000,0.000000,0.000000,0.720000,0.720000,1.610980,0.000000,0.000000,0.000000,0.000000,9.780230,-0.000215,0.000477,-0.000121,0.000000,0.000000,0.000000
1788402333803672565,45.123765,-1,-1.013300,0.848456,-3.306641,-1.013300,0.848456,-3.306641,0.000000,0.000000,0.000000,0.000000,0.004121,-0.010349,0.008824,2.128507,0.908166,171.059389,0.000000,0.000000,171.059389,2.128507,0.908166,0.000000,9.806600,0.000000,0.000000,0.000000,0.720000,0.720000,1.610980,0.000000,0.000000,0.000000,0.000000,9.795473,-0.000473,0.000839,-0.000290,0.000000,0.000000,0.000000
1788402333836705113,45.156798,-1,-1.013304,0.848608,-3.306503,-1.013304,0.848608,-3.306503,0.000000,0.000000,0.000000,0.000000,0.004045,-0.010450,0.008654,2.127528,0.909731,171.058768,0.000000,0.000000,171.058768,2.127528,0.909731,0.000000,9.806600,0.000000,0.000000,0.000000,0.720000,0.720000,1.610980,0.000000,0.000000,0.000000,0.000000,9.807734,0.000432,0.000446,0.000320,0.000000,0.000000,0.000000
1788402333869728277,45.189821,-1,-1.013299,0.848733,-3.306396,-1.013299,0.848733,-3.306396,0.000000,0.000000,0.000000,0.000000,0.003895,-0.010362,0.008649,2.127592,0.910327,171.059035,0.000000,0.000000,171.059035,2.127592,0.910327,0.000000,9.806600,0.000000,0.000000,0.000000,0.720000,0.720000,1.610980,0.000000,0.000000,0.000000,0.000000,9.791010,0.000186,-0.000053,-0.000009,0.000000,0.000000,0.000000
1788402333902758358,45.222851,-1,-1.013295,0.848899,-3.306259,-1.013295,0.848899,-3.306259,0.000000,0.000000,0.000000,0.000000,0.003971,-0.010329,0.008732,2.127573,0.909834,171.058487,0.000000,0.000000,171.058487,2.127573,0.909834,0.000000,9.806600,0.000000,0.000000,0.000000,0.720000,0.720000,1.610980,0.000000,0.000000,0.000000,0.000000,9.799340,0.000301,-0.000245,-0.000343,0.000000,0.000000,0.000000
1788402333935788536,45.255881,-1,-1.013300,0.849051,-3.306152,-1.013300,0.849051,-3.306152,0.000000,0.000000,0.000000,0.000000,0.003928,-0.010399,0.008784,2.127669,0.909609,171.057949,0.000000,0.000000,171.057949,2.127669,0.909609,0.000000,9.806600,0.000000,0.000000,0.000000,0.720000,0.720000,1.610980,0.000000,0.000000,0.000000,0.000000,9.801989,-0.000001,0.000173,-0.000027,0.000000,0.000000,0.000000
1788402333968815735,45.288908,-1,-1.013307,0.849147,-3.306091,-1.013307,0.849147,-3.306091,0.000000,0.000000,0.000000,0.000000,0.003911,-0.010563,0.008789,2.127749,0.910217,171.058311,0.000000,0.000000,171.058311,2.127749,0.910217,0.000000,9.806600,0.000000,0.000000,0.000000,0.720000,0.720000,1.610980,0.000000,0.000000,0.000000,0.000000,9.793145,0.000603,0.000804,-0.000196,0.000000,0.000000,0.000000
1788402334001921120,45.322014,-1,-1.013322,0.849268,-3.306046,-1.013322,0.849268,-3.306046,0.000000,0.000000,0.000000,0.000000,0.003936,-0.010576,0.008739,2.128270,0.911102,171.058748,0.000000,0.000000,171.058748,2.128270,0.911102,0.000000,9.806600,0.000000,0.000000,0.000000,0.720000,0.720000,1.610980,0.000000,0.000000,0.000000,0.000000,9.811372,-0.000057,0.000436,0.000088,0.000000,0.000000,0.000000
1788402334034905223,45.354998,-1,-1.013339,0.849387,-3.305984,-1.013339,0.849387,-3.305984,0.000000,0.000000,0.000000,0.000000,0.003812,-0.010495,0.008634,2.128508,0.911721,171.058112,0.000000,0.000000,171.058112,2.128508,0.911721,0.000000,9.806600,0.000000,0.000000,0.000000,0.720000,0.720000,1.610980,0.000000,0.000000,0.000000,0.000000,9.811190,0.000758,-0.000595,-0.000140,0.000000,0.000000,0.000000
1788402334067918826,45.388011,-1,-1.013334,0.849497,-3.305969,-1.013334,0.849497,-3.305969,0.000000,0.000000,0.000000,0.000000,0.003693,-0.010695,0.008624,2.128998,0.911403,171.057784,0.000000,0.000000,171.057784,2.128998,0.911403,0.000000,9.806600,0.000000,0.000000,0.000000,0.720000,0.720000,1.610980,0.000000,0.000000,0.000000,0.000000,9.808416,-0.000240,-0.000034,0.000368,0.000000,0.000000,0.000000
1788402334100927464,45.421020,-1,-1.013326,0.849664,-3.305969,-1.013326,0.849664,-3.305969,0.000000,0.000000,0.000000,0.000000,0.003880,-0.010600,0.008641,2.128533,0.911439,171.057978,0.000000,0.000000,171.057978,2.128533,0.911439,0.000000,9.806600,0.000000,0.000000,0.000000,0.720000,0.720000,1.610980,0.000000,0.000000,0.000000,0.000000,9.801892,-0.000924,0.000336,0.000967,0.000000,0.000000,0.000000
1788402334133990359,45.454083,-1,-1.013332,0.849816,-3.305939,-1.013332,0.849816,-3.305939,0.000000,0.000000,0.000000,0.000000,0.003914,-0.010639,0.008685,2.128034,0.911468,171.059688,0.000000,0.000000,171.059688,2.128034,0.911468,0.000000,9.806600,0.000000,0.000000,0.000000,0.720000,0.720000,1.610980,0.000000,0.000000,0.000000,0.000000,9.808991,0.000382,0.000365,0.000378,0.000000,0.000000,0.000000
1788402334167029265,45.487122,-1,-1.013329,0.849993,-3.305939,-1.013329,0.849993,-3.305939,0.000000,0.000000,0.000000,0.000000,0.003859,-0.010739,0.008772,2.127246,0.912261,171.060057,0.000000,0.000000,171.060057,2.127246,0.912261,0.000000,9.806600,0.000000,0.000000,0.000000,0.720000,0.720000,1.610980,0.000000,0.000000,0.000000,0.000000,9.793445,0.000589,-0.000110,-0.000752,0.000000,0.000000,0.000000
1788402334200043636,45.520136,-1,-1.013318,0.850109,-3.305923,-1.013318,0.850109,-3.305923,0.000000,0.000000,0.000000,0.000000,0.003707,-0.010785,0.008822,2.127164,0.912605,171.059577,0.000000,0.000000,171.059577,2.127164,0.912605,0.000000,9.806600,0.000000,0.000000,0.000000,0.720000,0.720000,1.610980,0.000000,0.000000,0.000000,0.000000,9.812384,0.000149,-0.000374,0.000078,0.000000,0.000000,0.000000
1788402334233043882,45.553137,-1,-1.013308,0.850250,-3.305893,-1.013308,0.850250,-3.305893,0.000000,0.000000,0.000000,0.000000,0.003460,-0.010844,0.008842,2.127523,0.911181,171.058831,0.000000,0.000000,171.058831,2.127523,0.911181,0.000000,9.806600,0.000000,0.000000,0.000000,0.720000,0.720000,1.610980,0.000000,0.000000,0.000000,0.000000,9.801969,-0.000378,-0.000872,-0.000269,0.000000,0.000000,0.000000
1788402334266964901,45.587058,-1,-1.013280,0.850326,-3.305862,-1.013280,0.850326,-3.305862,0.000000,0.000000,0.000000,0.000000,0.003601,-0.010856,0.008875,2.126656,0.910426,171.059165,0.000000,0.000000,171.059165,2.126656,0.910426,0.000000,9.806600,0.000000,0.000000,0.000000,0.720000,0.720000,1.610980,0.000000,0.000000,0.000000,0.000000,9.793146,-0.000100,0.000040,-0.000458,0.000000,0.000000,0.000000
1788402334299130758,45.619223,-1,-1.013248,0.850412,-3.305801,-1.013248,0.850412,-3.305801,0.000000,0.000000,0.000000,0.000000,0.003776,-0.010775,0.008680,2.126310,0.910873,171.059424,0.000000,0.000000,171.059424,2.126310,0.910873,0.000000,9.806600,0.000000,0.000000,0.000000,0.720000,0.720000,1.610980,0.000000,0.000000,0.000000,0.000000,9.798033,0.000075,0.000546,0.000004,0.000000,0.000000,0.000000
1788402334332166652,45.652259,-1,-1.013235,0.850508,-3.305756,-1.013235,0.850508,-3.305756,0.000000,0.000000,0.000000,0.000000,0.003644,-0.010761,0.008686,2.126624,0.911195,171.058773,0.000000,0.000000,171.058773,2.126624,0.911195,0.000000,9.806600,0.000000,0.000000,0.000000,0.720000,0.720000,1.610980,0.000000,0.000000,0.000000,0.000000,9.791471,0.000511,0.000718,0.000096,0.000000,0.000000,0.000000
1788402334365194187,45.685287,-1,-1.013205,0.850517,-3.305740,-1.013205,0.850517,-3.305740,0.000000,0.000000,0.000000,0.000000,0.003485,-0.010636,0.008630,2.127042,0.912934,171.059038,0.000000,0.000000,171.059038,2.127042,0.912934,0.000000,9.806600,0.000000,0.000000,0.000000,0.720000,0.720000,1.610980,0.000000,0.000000,0.000000,0.000000,9.794444,-0.000293,-0.000331,0.001050,0.000000,0.000000,0.000000
1788402334398244079,45.718337,-1,-1.013167,0.850510,-3.305740,-1.013167,0.850510,-3.305740,0.000000,0.000000,0.000000,0.000000,0.003680,-0.010591,0.008568,2.126992,0.912861,171.059794,0.000000,0.000000,171.059794,2.126992,0.912861,0.000000,9.806600,0.000000,0.000000,0.000000,0.720000,0.720000,1.610980,0.000000,0.000000,0.000000,0.000000,9.800996,0.000343,-0.000188,-0.000446,0.000000,0.000000,0.000000
1788402334431249482,45.751342,-1,-1.013153,0.850540,-3.305725,-1.013153,0.850540,-3.305725,0.000000,0.000000,0.000000,0.000000,0.003706,-0.010502,0.008495,2.127467,0.912113,171.060128,0.000000,0.000000,171.060128,2.127467,0.912113,0.000000,9.806600,0.000000,0.000000,0.000000,0.720000,0.720000,1.610980,0.000000,0.000000,0.000000,0.000000,9.804799,0.000520,0.000640,-0.000500,0.000000,0.000000,0.000000
1788402334464268625,45.784361,-1,-1.013141,0.850531,-3.305740,-1.013141,0.850531,-3.305740,0.000000,0.000000,0.000000,0.000000,0.003743,-0.010266,0.008515,2.127301,0.912138,171.059359,0.000000,0.000000,171.059359,2.127301,0.912138,0.000000,9.806600,0.000000,0.000000,0.000000,0.720000,0.720000,1.610980,0.000000,0.000000,0.000000,0.000000,9.798064,-0.000189,-0.000082,-0.000044,0.000000,0.000000,0.000000
1788402334497312015,45.817405,-1,-1.013130,0.850525,-3.305756,-1.013130,0.850525,-3.305756,0.000000,0.000000,0.000000,0.000000,0.003679,-0.010258,0.008474,2.127366,0.912016,171.059350,0.000000,0.000000,171.059350,2.127366,0.912016,0.000000,9.806600,0.000000,0.000000,0.000000,0.720000,0.720000,1.610980,0.000000,0.000000,0.000000,0.000000,9.806045,0.000301,0.000582,-0.000281,0.000000,0.000000,0.000000
1788402334530348230,45.850441,-1,-1.013127,0.850556,-3.305756,-1.013127,0.850556,-3.305756,0.000000,0.000000,0.000000,0.000000,0.003476,-0.010160,0.008430,2.127345,0.912571,171.059399,0.000000,0.000000,171.059399,2.127345,0.912571,0.000000,9.806600,0.000000,0.000000,0.000000,0.720000,0.720000,1.610980,0.000000,0.000000,0.000000,0.000000,9.806999,0.000065,0.000996,-0.000148,0.000000,0.000000,0.000000
1788402334563372530,45.883465,-1,-1.013107,0.850560,-3.305771,-1.013107,0.850560,-3.305771,0.000000,0.000000,0.000000,0.000000,0.003456,-0.010106,0.008500,2.127497,0.913184,171.058710,0.000000,0.000000,171.058710,2.127497,0.913184,0.000000,9.806600,0.000000,0.000000,0.000000,0.720000,0.720000,1.610980,0.000000,0.000000,0.000000,0.000000,9.797308,0.000545,-0.000652,-0.000115,0.000000,0.000000,0.000000
1788402334598966909,45.919060,-1,-1.013083,0.850583,-3.305740,-1.013083,0.850583,-3.305740,0.000000,0.000000,0.000000,0.000000,0.003713,-0.010154,0.008577,2.128052,0.912953,171.058856,0.000000,0.000000,171.058856,2.128052,0.912953,0.000000,9.806600,0.000000,0.000000,0.000000,0.720000,0.720000,1.610980,0.000000,0.000000,0.000000,0.000000,9.799478,-0.000198,-0.000037,0.000405,0.000000,0.000000,0.000000
1788402334629431092,45.949524,-1,-1.013081,0.850637,-3.305695,-1.013081,0.850637,-3.305695,0.000000,0.000000,0.000000,0.000000,0.003855,-0.010091,0.008669,2.127566,0.912714,171.058726,0.000000,0.000000,171.058726,2.127566,0.912714,0.000000,9.806600,0.000000,0.000000,0.000000,0.720000,0.720000,1.610980,0.000000,0.000000,0.000000,0.000000,9.794232,0.000143,0.000218,0.000173,0.000000,0.000000,0.000000
1788402334662429673,45.982522,-1,-1.013057,0.850685,-3.305679,-1.013057,0.850685,-3.305679,0.000000,0.000000,0.000000,0.000000,0.003729,-0.010156,0.008648,2.127957,0.913048,171.058258,0.000000,0.000000,171.058258,2.127957,0.913048,0.000000,9.806600,0.000000,0.000000,0.000000,0.720000,0.720000,1.610980,0.000000,0.000000,0.000000,0.000000,9.803051,0.000383,-0.000361,-0.000399,0.000000,0.000000,0.000000
1788402334695501568,46.015594,-1,-1.013024,0.850745,-3.305649,-1.013024,0.850745,-3.305649,0.000000,0.000000,0.000000,0.000000,0.003602,-0.010129,0.008721,2.128192,0.912869,171.058211,0.000000,0.000000,171.058211,2.128192,0.912869,0.000000,9.806600,0.000000,0.000000,0.000000,0.720000,0.720000,1.610980,0.000000,0.000000,0.000000,0.000000,9.805193,-0.000122,0.000296,-0.000638,0.000000,0.000000,0.000000
1788402334728504505,46.048597,-1,-1.012990,0.850872,-3.305603,-1.012990,0.850872,-3.305603,0.000000,0.000000,0.000000,0.000000,0.003477,-0.010313,0.008740,2.128316,0.912943,171.057622,0.000000,0.000000,171.057622,2.128316,0.912943,0.000000,9.806600,0.000000,0.000000,0.000000,0.720000,0.720000,1.610980,0.000000,0.000000,0.000000,0.000000,9.807136,0.000287,-0.000386,-0.000096,0.000000,0.000000,0.000000
1788402334761568009,46.081661,-1,-1.012954,0.850896,-3.305573,-1.012954,0.850896,-3.305573,0.000000,0.000000,0.000000,0.000000,0.003469,-0.010375,0.008823,2.128628,0.912797,171.056905,0.000000,0.000000,171.056905,2.128628,0.912797,0.000000,9.806600,0.000000,0.000000,0.000000,0.720000,0.720000,1.610980,0.000000,0.000000,0.000000,0.000000,9.801270,0.000162,0.000386,-0.000943,0.000000,0.000000,0.000000
1788402334794589362,46.114682,-1,-1.012913,0.850915,-3.305573,-1.012913,0.850915,-3.305573,0.000000,0.000000,0.000000,0.000000,0.003596,-0.010381,0.008858,2.128910,0.912886,171.056184,0.000000,0.000000,171.056184,2.128910,0.912886,0.000000,9.806600,0.000000,0.000000,0.000000,0.720000,0.720000,1.610980,0.000000,0.000000,0.000000,0.000000,9.796377,0.000090,0.000540,-0.000347,0.000000,0.000000,0.000000
1788402334827615840,46.147709,-1,-1.012897,0.850968,-3.305542,-1.012897,0.850968,-3.305542,0.000000,0.000000,0.000000,0.000000,0.003739,-0.010444,0.008864,2.128644,0.913809,171.056070,0.000000,0.000000,171.056070,2.128644,0.913809,0.000000,9.806600,0.000000,0.000000,0.000000,0.720000,0.720000,1.610980,0.000000,0.000000,0.000000,0.000000,9.795002,-0.000763,0.001010,-0.000276,0.000000,0.000000,0.000000
1788402334860694334,46.180787,-1,-1.012863,0.850962,-3.305573,-1.012863,0.850962,-3.305573,0.000000,0.000000,0.000000,0.000000,0.003672,-0.010451,0.008919,2.128574,0.914917,171.056589,0.000000,0.000000,171.056589,2.128574,0.914917,0.000000,9.806600,0.000000,0.000000,0.000000,0.720000,0.720000,1.610980,0.000000,0.000000,0.000000,0.000000,9.813143,0.000730,0.000045,0.000766,0.000000,0.000000,0.000000
1788402334893682025,46.213775,-1,-1.012812,0.850950,-3.305588,-1.012812,0.850950,-3.305588,0.000000,0.000000,0.000000,0.000000,0.003691,-0.010436,0.008857,2.128965,0.914900,171.056512,0.000000,0.000000,171.056512,2.128965,0.914900,0.000000,9.806600,0.000000,0.000000,0.000000,0.720000,0.720000,1.610980,0.000000,0.000000,0.000000,0.000000,9.804419,0.000456,-0.000739,-0.000319,0.000000,0.000000,0.000000
1788402334926698126,46.246791,-1,-1.012788,0.850984,-3.305588,-1.012788,0.850984,-3.305588,0.000000,0.000000,0.000000,0.000000,0.003745,-0.010542,0.008713,2.128685,0.913564,171.055968,0.000000,0.000000,171.055968,2.128685,0.913564,0.000000,9.806600,0.000000,0.000000,0.000000,0.720000,0.720000,1.610980,0.000000,0.000000,0.000000,0.000000,9.802079,-0.000024,-0.000185,-0.000078,0.000000,0.000000,0.000000
1788402334959750964,46.279844,-1,-1.012769,0.850928,-3.305634,-1.012769,0.850928,-3.305634,0.000000,0.000000,0.000000,0.000000,0.003813,-0.010472,0.008607,2.128540,0.913708,171.055458,0.000000,0.000000,171.055458,2.128540,0.913708,0.000000,9.806600,0.000000,0.000000,0.000000,0.720000,0.720000,1.610980,0.000000,0.000000,0.000000,0.000000,9.801383,-0.000138,-0.000287,0.000122,0.000000,0.000000,0.000000
1788402334992764022,46.312857,-1,-1.012758,0.850851,-3.305679,-1.012758,0.850851,-3.305679,0.000000,0.000000,0.000000,0.000000,0.003858,-0.010319,0.008521,2.129380,0.913523,171.055337,0.000000,0.000000,171.055337,2.129380,0.913523,0.000000,9.806600,0.000000,0.000000,0.000000,0.720000,0.720000,1.610980,0.000000,0.000000,0.000000,0.000000,9.791357,-0.000367,0.000693,0.000674,0.000000,0.000000,0.000000
1788402335025763902,46.345857,-1,-1.012761,0.850805,-3.305740,-1.012761,0.850805,-3.305740,0.000000,0.000000,0.000000,0.000000,0.003964,-0.010279,0.008497,2.129456,0.914563,171.055665,0.000000,0.000000,171.055665,2.129456,0.914563,0.000000,9.806600,0.000000,0.000000,0.000000,0.720000,0.720000,1.610980,0.000000,0.000000,0.000000,0.000000,9.802176,-0.000367,-0.000047,-0.000934,0.000000,0.000000,0.000000
1788402335058895936,46.378989,-1,-1.012770,0.850685,-3.305817,-1.012770,0.850685,-3.305817,0.000000,0.000000,0.000000,0.000000,0.003783,-0.010118,0.008376,2.129499,0.914736,171.055013,0.000000,0.000000,171.055013,2.129499,0.914736,0.000000,9.806600,0.000000,0.000000,0.000000,0.720000,0.720000,1.610980,0.000000,0.000000,0.000000,0.000000,9.803866,0.000659,-0.000003,-0.000134,0.000000,0.000000,0.000000
1788402335091806690,46.411899,-1,-1.012789,0.850507,-3.305939,-1.012789,0.850507,-3.305939,0.000000,0.000000,0.000000,0.000000,0.003669,-0.009962,0.008455,2.129463,0.914628,171.055350,0.000000,0.000000,171.055350,2.129463,0.914628,0.000000,9.806600,0.000000,0.000000,0.000000,0.720000,0.720000,1.610980,0.000000,0.000000,0.000000,0.000000,9.796731,-0.000527,0.000649,0.000136,0.000000,0.000000,0.000000
1788402335124861793,46.444954,-1,-1.012809,0.850419,-3.305984,-1.012809,0.850419,-3.305984,0.000000,0.000000,0.000000,0.000000,0.003698,-0.009788,0.008397,2.129215,0.914444,171.055941,0.000000,0.000000,171.055941,2.129215,0.914444,0.000000,9.806600,0.000000,0.000000,0.000000,0.720000,0.720000,1.610980,0.000000,0.000000,0.000000,0.000000,9.804149,0.001094,0.000296,-0.000699,0.000000,0.000000,0.000000
1788402335157987070,46.478080,-1,-1.012821,0.850250,-3.306030,-1.012821,0.850250,-3.306030,0.000000,0.000000,0.000000,0.000000,0.003610,-0.009650,0.008448,2.129299,0.914206,171.055765,0.000000,0.000000,171.055765,2.129299,0.914206,0.000000,9.806600,0.000000,0.000000,0.000000,0.720000,0.720000,1.610980,0.000000,0.000000,0.000000,0.000000,9.814023,-0.000277,-0.000540,-0.000997,0.000000,0.000000,0.000000
1788402335190929499,46.511022,-1,-1.012831,0.850067,-3.306076,-1.012831,0.850067,-3.306076,0.000000,0.000000,0.000000,0.000000,0.003461,-0.009499,0.008427,2.129301,0.914478,171.055408,0.000000,0.000000,171.055408,2.129301,0.914478,0.000000,9.806600,0.000000,0.000000,0.000000,0.720000,0.720000,1.610980,0.000000,0.000000,0.000000,0.000000,9.804701,-0.000405,-0.000066,-0.000189,0.000000,0.000000,0.000000
1788402335223985627,46.544078,-1,-1.012850,0.849886,-3.306076,-1.012850,0.849886,-3.306076,0.000000,0.000000,0.000000,0.000000,0.003540,-0.009387,0.008444,2.128461,0.914524,171.054981,0.000000,0.000000,171.054981,2.128461,0.914524,0.000000,9.806600,0.000000,0.000000,0.000000,0.720000,0.720000,1.610980,0.000000,0.000000,0.000000,0.000000,9.797202,-0.000025,-0.000434,0.000505,0.000000,0.000000,0.000000
1788402335257030482,46.577123,-1,-1.012857,0.849692,-3.306107,-1.012857,0.849692,-3.306107,0.000000,0.000000,0.000000,0.000000,0.003605,-0.009144,0.008451,2.127531,0.913636,171.055042,0.000000,0.000000,171.055042,2.127531,0.913636,0.000000,9.806600,0.000000,0.000000,0.000000,0.720000,0.720000,1.610980,0.000000,0.000000,0.000000,0.000000,9.802329,-0.000538,-0.000275,-0.000415,0.000000,0.000000,0.000000
1788402335290020921,46.610114,-1,-1.012868,0.849432,-3.306091,-1.012868,0.849432,-3.306091,0.000000,0.000000,0.000000,0.000000,0.003567,-0.008931,0.008568,2.127022,0.913454,171.055560,0.000000,0.000000,171.055560,2.127022,0.913454,0.000000,9.806600,0.000000,0.000000,0.000000,0.720000,0.720000,1.610980,0.000000,0.000000,0.000000,0.000000,9.809065,-0.000025,0.000724,-0.000376,0.000000,0.000000,0.000000
1788402335323022057,46.643115,-1,-1.012882,0.849283,-3.306061,-1.012882,0.849283,-3.306061,0.000000,0.000000,0.000000,0.000000,0.003515,-0.008783,0.008417,2.126603,0.914810,171.055124,0.000000,0.000000,171.055124,2.126603,0.914810,0.000000,9.806600,0.000000,0.000000,0.000000,0.720000,0.720000,1.610980,0.000000,0.000000,0.000000,0.000000,9.797996,-0.000197,0.000239,0.000486,0.000000,0.000000,0.000000
1788402335356086801,46.676179,-1,-1.012893,0.849077,-3.306030,-1.012893,0.849077,-3.306030,0.000000,0.000000,0.000000,0.000000,0.003488,-0.008536,0.008550,2.126281,0.915364,171.056397,0.000000,0.000000,171.056397,2.126281,0.915364,0.000000,9.806600,0.000000,0.000000,0.000000,0.720000,0.720000,1.610980,0.000000,0.000000,0.000000,0.000000,9.806689,-0.000667,-0.000376,0.001157,0.000000,0.000000,0.000000
1788402335389092005,46.709185,-1,-1.012907,0.848867,-3.305984,-1.012907,0.848867,-3.305984,0.000000,0.000000,0.000000,0.000000,0.003537,-0.008404,0.008601,2.125571,0.914725,171.057133,0.000000,0.000000,171.057133,2.125571,0.914725,0.000000,9.806600,0.000000,0.000000,0.000000,0.720000,0.720000,1.610980,0.000000,0.000000,0.000000,0.000000,9.794863,0.000505,0.000688,0.000571,0.000000,0.000000,0.000000
1788402335422112679,46.742205,-1,-1.012936,0.848649,-3.305878,-1.012936,0.848649,-3.305878,0.000000,0.000000,0.000000,0.000000,0.003515,-0.008131,0.008640,2.126172,0.915263,171.058219,0.000000,0.000000,171.058219,2.126172,0.915263,0.000000,9.806600,0.000000,0.000000,0.000000,0.720000,0.720000,1.610980,0.000000,0.000000,0.000000,0.000000,9.806050,0.000000,0.000052,-0.000417,0.000000,0.000000,0.000000
1788402335455158526,46.775251,-1,-1.012943,0.848480,-3.305801,-1.012943,0.848480,-3.305801,0.000000,0.000000,0.000000,0.000000,0.003448,-0.008026,0.008774,2.126993,0.914796,171.057551,0.000000,0.000000,171.057551,2.126993,0.914796,0.000000,9.806600,0.000000,0.000000,0.000000,0.720000,0.720000,1.610980,0.000000,0.000000,0.000000,0.000000,9.809378,0.001617,-0.000927,-0.000605,0.000000,0.000000,0.000000
1788402335488190473,46.808283,-1,-1.012946,0.848328,-3.305725,-1.012946,0.848328,-3.305725,0.000000,0.000000,0.000000,0.000000,0.003408,-0.007898,0.008654,2.126847,0.914054,171.057652,0.000000,0.000000,171.057652,2.126847,0.914054,0.000000,9.806600,0.000000,0.000000,0.000000,0.720000,0.720000,1.610980,0.000000,0.000000,0.000000,0.000000,9.808327,-0.000986,-0.000095,-0.000206,0.000000,0.000000,0.000000
1788402335521216303,46.841309,-1,-1.012964,0.848184,-3.305603,-1.012964,0.848184,-3.305603,0.000000,0.000000,0.000000,0.000000,0.003574,-0.007896,0.008591,2.125261,0.914060,171.058633,0.000000,0.000000,171.058633,2.125261,0.914060,0.000000,9.806600,0.000000,0.000000,0.000000,0.720000,0.720000,1.610980,0.000000,0.000000,0.000000,0.000000,9.786832,0.000815,0.000116,-0.000592,0.000000,0.000000,0.000000
1788402335554251709,46.874344,-1,-1.012962,0.848029,-3.305527,-1.012962,0.848029,-3.305527,0.000000,0.000000,0.000000,0.000000,0.003536,-0.007832,0.008604,2.126284,0.914952,171.058469,0.000000,0.000000,171.058469,2.126284,0.914952,0.000000,9.806600,0.000000,0.000000,0.000000,0.720000,0.720000,1.610980,0.000000,0.000000,0.000000,0.000000,9.798862,0.000493,0.000469,-0.000028,0.000000,0.000000,0.000000
1788402335587276258,46.907369,-1,-1.012954,0.847871,-3.305435,-1.012954,0.847871,-3.305435,0.000000,0.000000,0.000000,0.000000,0.003332,-0.007805,0.008599,2.125902,0.914874,171.058267,0.000000,0.000000,171.058267,2.125902,0.914874,0.000000,9.806600,0.000000,0.000000,0.000000,0.720000,0.720000,1.610980,0.000000,0.000000,0.000000,0.000000,9.804635,-0.000227,0.000492,-0.000191,0.000000,0.000000,0.000000
1788402335620302953,46.940396,-1,-1.012953,0.847721,-3.305283,-1.012953,0.847721,-3.305283,0.000000,0.000000,0.000000,0.000000,0.003418,-0.007735,0.008825,2.124949,0.915510,171.057094,0.000000,0.000000,171.057094,2.124949,0.915510,0.000000,9.806600,0.000000,0.000000,0.000000,0.720000,0.720000,1.610980,0.000000,0.000000,0.000000,0.000000,9.806000,0.000075,0.000106,-0.001215,0.000000,0.000000,0.000000
1788402335653334996,46.973428,-1,-1.012941,0.847545,-3.305176,-1.012941,0.847545,-3.305176,0.000000,0.000000,0.000000,0.000000,0.003451,-0.007503,0.008884,2.123949,0.914979,171.058043,0.000000,0.000000,171.058043,2.123949,0.914979,0.000000,9.806600,0.000000,0.000000,0.000000,0.720000,0.720000,1.610980,0.000000,0.000000,0.000000,0.000000,9.801811,-0.000400,-0.000358,0.000847,0.000000,0.000000,0.000000
1788402335686369922,47.006463,-1,-1.012928,0.847361,-3.305054,-1.012928,0.847361,-3.305054,0.000000,0.000000,0.000000,0.000000,0.003414,-0.007445,0.008807,2.124270,0.915077,171.057766,0.000000,0.000000,171.057766,2.124270,0.915077,0.000000,9.806600,0.000000,0.000000,0.000000,0.720000,0.720000,1.610980,0.000000,0.000000,0.000000,0.000000,9.804614,-0.000265,0.001111,-0.000459,0.000000,0.000000,0.000000
1788402335719398314,47.039491,-1,-1.012926,0.847175,-3.304855,-1.012926,0.847175,-3.304855,0.000000,0.000000,0.000000,0.000000,0.003576,-0.007350,0.008843,2.124152,0.915172,171.056963,0.000000,0.000000,171.056963,2.124152,0.915172,0.000000,9.806600,0.000000,0.000000,0.000000,0.720000,0.720000,1.610980,0.000000,0.000000,0.000000,0.000000,9.806900,0.000115,-0.000132,-0.000256,0.000000,0.000000,0.000000
1788402335752431382,47.072524,-1,-1.012913,0.847003,-3.304749,-1.012913,0.847003,-3.304749,0.000000,0.000000,0.000000,0.000000,0.003520,-0.007208,0.008801,2.123941,0.915285,171.056620,0.000000,0.000000,171.056620,2.123941,0.915285,0.000000,9.806600,0.000000,0.000000,0.000000,0.720000,0.720000,1.610980,0.000000,0.000000,0.000000,0.000000,9.807203,-0.000849,-0.000012,-0.000347,0.000000,0.000000,0.000000
1788402335785458910,47.105552,-1,-1.012898,0.846834,-3.304657,-1.012898,0.846834,-3.304657,0.000000,0.000000,0.000000,0.000000,0.003442,-0.007191,0.008876,2.124307,0.915574,171.056980,0.000000,0.000000,171.056980,2.124307,0.915574,0.000000,9.806600,0.000000,0.000000,0.000000,0.720000,0.720000,1.610980,0.000000,0.000000,0.000000,0.000000,9.791897,0.000505,-0.000302,0.000390,0.000000,0.000000,0.000000
1788402335818477309,47.138570,-1,-1.012887,0.846667,-3.304504,-1.012887,0.846667,-3.304504,0.000000,0.000000,0.000000,0.000000,0.003405,-0.007077,0.008769,2.124206,0.915270,171.057007,0.000000,0.000000,171.057007,2.124206,0.915270,0.000000,9.806600,0.000000,0.000000,0.000000,0.720000,0.720000,1.610980,0.000000,0.000000,0.000000,0.000000,9.808930,0.000334,0.000188,-0.000651,0.000000,0.000000,0.000000
1788402335851512299,47.171605,-1,-1.012871,0.846487,-3.304398,-1.012871,0.846487,-3.304398,0.000000,0.000000,0.000000,0.000000,0.003344,-0.006879,0.008798,2.123807,0.914772,171.055589,0.000000,0.000000,171.055589,2.123807,0.914772,0.000000,9.806600,0.000000,0.000000,0.000000,0.720000,0.720000,1.610980,0.000000,0.000000,0.000000,0.000000,9.801897,-0.000010,0.000385,-0.000254,0.000000,0.000000,0.000000
1788402335884546168,47.204639,-1,-1.012854,0.846299,-3.304306,-1.012854,0.846299,-3.304306,0.000000,0.000000,0.000000,0.000000,0.003270,-0.006602,0.008678,2.123518,0.914268,171.056178,0.000000,0.000000,171.056178,2.123518,0.914268,0.000000,9.806600,0.000000,0.000000,0.000000,0.720000,0.720000,1.610980,0.000000,0.000000,0.000000,0.000000,9.805035,-0.000046,-0.000495,0.000650,0.000000,0.000000,0.000000
1788402335917559891,47.237653,-1,-1.012846,0.846145,-3.304184,-1.012846,0.846145,-3.304184,0.000000,0.000000,0.000000,0.000000,0.003275,-0.006549,0.008812,2.123171,0.915092,171.056801,0.000000,0.000000,171.056801,2.123171,0.915092,0.000000,9.806600,0.000000,0.000000,0.000000,0.720000,0.720000,1.610980,0.000000,0.000000,0.000000,0.000000,9.802716,-0.000528,-0.000145,-0.000110,0.000000,0.000000,0.000000
1788402335950598148,47.270691,-1,-1.012838,0.845930,-3.304108,-1.012838,0.845930,-3.304108,0.000000,0.000000,0.000000,0.000000,0.003127,-0.006298,0.008843,2.123065,0.913610,171.056511,0.000000,0.000000,171.056511,2.123065,0.913610,0.000000,9.806600,0.000000,0.000000,0.000000,0.720000,0.720000,1.610980,0.000000,0.000000,0.000000,0.000000,9.806774,0.000742,-0.001582,-0.000421,0.000000,0.000000,0.000000
1788402335983636373,47.303729,-1,-1.012833,0.845763,-3.304077,-1.012833,0.845763,-3.304077,0.000000,0.000000,0.000000,0.000000,0.003151,-0.006244,0.008844,2.123289,0.913616,171.056460,0.000000,0.000000,171.056460,2.123289,0.913616,0.000000,9.806600,0.000000,0.000000,0.000000,0.720000,0.720000,1.610980,0.000000,0.000000,0.000000,0.000000,9.804855,-0.000070,0.000240,-0.000058,0.000000,0.000000,0.000000
1788402336016648009,47.336741,-1,-1.012840,0.845595,-3.304001,-1.012840,0.845595,-3.304001,0.000000,0.000000,0.000000,0.000000,0.003283,-0.006138,0.008936,2.122711,0.913864,171.057127,0.000000,0.000000,171.057127,2.122711,0.913864,0.000000,9.806600,0.000000,0.000000,0.000000,0.720000,0.720000,1.610980,0.000000,0.000000,0.000000,0.000000,9.813756,-0.000324,0.000717,0.000583,0.000000,0.000000,0.000000
1788402336049567574,47.369660,-1,-1.012840,0.845595,-3.304001,-1.012840,0.845595,-3.304001,0.000000,0.000000,0.000000,0.000000,0.003283,-0.006138,0.008936,2.122711,0.913864,171.057127,0.000000,0.000000,171.057127,2.122711,0.913864,0.000000,9.806600,0.000000,0.000000,0.000000,0.720000,0.720000,1.610980,0.000000,0.000000,0.000000,0.000000,9.790823,0.000113,0.000436,-0.000891,0.000000,0.000000,0.000000
1788402336082703543,47.402796,-1,-1.012802,0.845222,-3.304031,-1.012802,0.845222,-3.304031,0.000000,0.000000,0.000000,0.000000,0.003394,-0.006086,0.008542,2.123229,0.914618,171.056708,0.000000,0.000000,171.056708,2.123229,0.914618,0.000000,9.806600,0.000000,0.000000,0.000000,0.720000,0.720000,1.610980,0.000000,0.000000,0.000000,0.000000,9.789529,0.000155,0.000494,-0.000724,0.000000,0.000000,0.000000
1788402336115743977,47.435837,-1,-1.012801,0.845091,-3.303986,-1.012801,0.845091,-3.303986,0.000000,0.000000,0.000000,0.000000,0.003448,-0.005924,0.008554,2.123649,0.914537,171.056821,0.000000,0.000000,171.056821,2.123649,0.914537,0.000000,9.806600,0.000000,0.000000,0.000000,0.720000,0.720000,1.610980,0.000000,0.000000,0.000000,0.000000,9.808420,-0.000105,-0.000186,0.000496,0.000000,0.000000,0.000000
1788402336148756291,47.468849,-1,-1.012801,0.845091,-3.303986,-1.012801,0.845091,-3.303986,0.000000,0.000000,0.000000,0.000000,0.003448,-0.005924,0.008554,2.123649,0.914537,171.056821,0.000000,0.000000,171.056821,2.123649,0.914537,0.000000,9.806600,0.000000,0.000000,0.000000,0.720000,0.720000,1.610980,0.000000,0.000000,0.000000,0.000000,9.807723,-0.000302,0.000385,-0.000011,0.000000,0.000000,0.000000
1788402336181769630,47.501862,-1,-1.012791,0.844875,-3.303925,-1.012791,0.844875,-3.303925,0.000000,0.000000,0.000000,0.000000,0.003282,-0.005800,0.008528,2.123005,0.914189,171.057111,0.000000,0.000000,171.057111,2.123005,0.914189,0.000000,9.806600,0.000000,0.000000,0.000000,0.720000,0.720000,1.610980,0.000000,0.000000,0.000000,0.000000,9.803448,0.000520,0.000700,-0.000985,0.000000,0.000000,0.000000
1788402336214813362,47.534906,-1,-1.012778,0.844689,-3.303864,-1.012778,0.844689,-3.303864,0.000000,0.000000,0.000000,0.000000,0.003279,-0.005583,0.008597,2.123162,0.914522,171.056381,0.000000,0.000000,171.056381,2.123162,0.914522,0.000000,9.806600,0.000000,0.000000,0.000000,0.720000,0.720000,1.610980,0.000000,0.000000,0.000000,0.000000,9.817969,0.000159,-0.000077,0.000338,0.000000,0.000000,0.000000
1788402336247840569,47.567933,-1,-1.012777,0.844490,-3.303757,-1.012777,0.844490,-3.303757,0.000000,0.000000,0.000000,0.000000,0.003353,-0.005463,0.008610,2.123333,0.914665,171.056320,0.000000,0.000000,171.056320,2.123333,0.914665,0.000000,9.806600,0.000000,0.000000,0.000000,0.720000,0.720000,1.610980,0.000000,0.000000,0.000000,0.000000,9.787017,-0.000165,0.000319,-0.000127,0.000000,0.000000,0.000000
1788402336280875302,47.600968,-1,-1.012766,0.844309,-3.303726,-1.012766,0.844309,-3.303726,0.000000,0.000000,0.000000,0.000000,0.003534,-0.005398,0.008421,2.123540,0.915560,171.055995,0.000000,0.000000,171.055995,2.123540,0.915560,0.000000,9.806600,0.000000,0.000000,0.000000,0.720000,0.720000,1.610980,0.000000,0.000000,0.000000,0.000000,9.802080,-0.000358,0.000798,0.000435,0.000000,0.000000,0.000000
1788402336313899786,47.633992,-1,-1.012765,0.844162,-3.303680,-1.012765,0.844162,-3.303680,0.000000,0.000000,0.000000,0.000000,0.003457,-0.005318,0.008429,2.123121,0.916347,171.056729,0.000000,0.000000,171.056729,2.123121,0.916347,0.000000,9.806600,0.000000,0.000000,0.000000,0.720000,0.720000,1.610980,0.000000,0.000000,0.000000,0.000000,9.798346,-0.000448,0.000003,-0.000610,0.000000,0.000000,0.000000
1788402336346884845,47.666978,-1,-1.012778,0.844017,-3.303589,-1.012778,0.844017,-3.303589,0.000000,0.000000,0.000000,0.000000,0.003504,-0.005326,0.008402,2.122819,0.916587,171.056671,0.000000,0.000000,171.056671,2.122819,0.916587,0.000000,9.806600,0.000000,0.000000,0.000000,0.720000,0.720000,1.610980,0.000000,0.000000,0.000000,0.000000,9.814086,-0.000256,-0.000304,-0.000216,0.000000,0.000000,0.000000
1788402336379974312,47.700067,-1,-1.012760,0.843862,-3.303604,-1.012760,0.843862,-3.303604,0.000000,0.000000,0.000000,0.000000,0.003416,-0.005248,0.008358,2.121717,0.916515,171.055497,0.000000,0.000000,171.055497,2.121717,0.916515,0.000000,9.806600,0.000000,0.000000,0.000000,0.720000,0.720000,1.610980,0.000000,0.000000,0.000000,0.000000,9.794058,-0.000775,0.000423,-0.000243,0.000000,0.000000,0.000000
1788402336413016827,47.733109,-1,-1.012753,0.843742,-3.303589,-1.012753,0.843742,-3.303589,0.000000,0.000000,0.000000,0.000000,0.003568,-0.005297,0.008292,2.121084,0.917449,171.055898,0.000000,0.000000,171.055898,2.121084,0.917449,0.000000,9.806600,0.000000,0.000000,0.000000,0.720000,0.720000,1.610980,0.000000,0.000000,0.000000,0.000000,9.800846,-0.000121,-0.000086,-0.000240,0.000000,0.000000,0.000000
1788402336445986193,47.766079,-1,-1.012764,0.843630,-3.303558,-1.012764,0.843630,-3.303558,0.000000,0.000000,0.000000,0.000000,0.003714,-0.005248,0.008377,2.120958,0.917610,171.055872,0.000000,0.000000,171.055872,2.120958,0.917610,0.000000,9.806600,0.000000,0.000000,0.000000,0.720000,0.720000,1.610980,0.000000,0.000000,0.000000,0.000000,9.798273,0.000228,0.000528,0.000073,0.000000,0.000000,0.000000
1788402336479042352,47.799135,-1,-1.012742,0.843485,-3.303558,-1.012742,0.843485,-3.303558,0.000000,0.000000,0.000000,0.000000,0.003519,-0.005119,0.008311,2.121025,0.918603,171.055877,0.000000,0.000000,171.055877,2.121025,0.918603,0.000000,9.806600,0.000000,0.000000,0.000000,0.720000,0.720000,1.610980,0.000000,0.000000,0.000000,0.000000,9.805426,0.000123,0.000058,-0.000648,0.000000,0.000000,0.000000
1788402336512057580,47.832150,-1,-1.012724,0.843373,-3.303528,-1.012724,0.843373,-3.303528,0.000000,0.000000,0.000000,0.000000,0.003260,-0.005176,0.008249,2.121296,0.918476,171.054949,0.000000,0.000000,171.054949,2.121296,0.918476,0.000000,9.806600,0.000000,0.000000,0.000000,0.720000,0.720000,1.610980,0.000000,0.000000,0.000000,0.000000,9.808300,0.000282,-0.000625,0.000535,0.000000,0.000000,0.000000
1788402336545084434,47.865177,-1,-1.012711,0.843290,-3.303436,-1.012711,0.843290,-3.303436,0.000000,0.000000,0.000000,0.000000,0.003160,-0.005117,0.008338,2.122169,0.917511,171.055460,0.000000,0.000000,171.055460,2.122169,0.917511,0.000000,9.806600,0.000000,0.000000,0.000000,0.720000,0.720000,1.610980,0.000000,0.000000,0.000000,0.000000,9.796010,0.000101,-0.000071,0.000272,0.000000,0.000000,0.000000
1788402336578114011,47.898207,-1,-1.012687,0.843124,-3.303391,-1.012687,0.843124,-3.303391,0.000000,0.000000,0.000000,0.000000,0.003313,-0.005143,0.008411,2.121787,0.916973,171.056388,0.000000,0.000000,171.056388,2.121787,0.916973,0.000000,9.806600,0.000000,0.000000,0.000000,0.720000,0.720000,1.610980,0.000000,0.000000,0.000000,0.000000,9.796949,-0.000034,0.000267,-0.000302,0.000000,0.000000,0.000000
1788402336611159217,47.931252,-1,-1.012679,0.843014,-3.303375,-1.012679,0.843014,-3.303375,0.000000,0.000000,0.000000,0.000000,0.003409,-0.005022,0.008264,2.122178,0.917974,171.056045,0.000000,0.000000,171.056045,2.122178,0.917974,0.000000,9.806600,0.000000,0.000000,0.000000,0.720000,0.720000,1.610980,0.000000,0.000000,0.000000,0.000000,9.803720,0.000347,0.000160,-0.001238,0.000000,0.000000,0.000000
1788402336644168200,47.964261,-1,-1.012680,0.842933,-3.303329,-1.012680,0.842933,-3.303329,0.000000,0.000000,0.000000,0.000000,0.003298,-0.005098,0.008229,2.122635,0.918235,171.055707,0.000000,0.000000,171.055707,2.122635,0.918235,0.000000,9.806600,0.000000,0.000000,0.000000,0.720000,0.720000,1.610980,0.000000,0.000000,0.000000,0.000000,9.793471,-0.000064,-0.000867,0.000269,0.000000,0.000000,0.000000
1788402336677230315,47.997323,-1,-1.012671,0.842824,-3.303329,-1.012671,0.842824,-3.303329,0.000000,0.000000,0.000000,0.000000,0.003246,-0.005073,0.008255,2.122236,0.917687,171.056000,0.000000,0.000000,171.056000,2.122236,0.917687,0.000000,9.806600,0.000000,0.000000,0.000000,0.720000,0.720000,1.610980,0.000000,0.000000,0.000000,0.000000,9.804167,-0.000310,-0.001269,0.000247,0.000000,0.000000,0.000000
1788402336710225527,48.030318,-1,-1.012658,0.842741,-3.303345,-1.012658,0.842741,-3.303345,0.000000,0.000000,0.000000,0.000000,0.003156,-0.005097,0.008149,2.121698,0.916188,171.057173,0.000000,0.000000,171.057173,2.121698,0.916188,0.000000,9.806600,0.000000,0.000000,0.000000,0.720000,0.720000,1.610980,0.000000,0.000000,0.000000,0.000000,9.786415,-0.000598,-0.000008,-0.000087,0.000000,0.000000,0.000000
1788402336743250620,48.063343,-1,-1.012655,0.842686,-3.303345,-1.012655,0.842686,-3.303345,0.000000,0.000000,0.000000,0.000000,0.003324,-0.005040,0.008054,2.121589,0.916385,171.056798,0.000000,0.000000,171.056798,2.121589,0.916385,0.000000,9.806600,0.000000,0.000000,0.000000,0.720000,0.720000,1.610980,0.000000,0.000000,0.000000,0.000000,9.793303,-0.000168,-0.000122,-0.000461,0.000000,0.000000,0.000000
1788402336776289260,48.096382,-1,-1.012643,0.842594,-3.303314,-1.012643,0.842594,-3.303314,0.000000,0.000000,0.000000,0.000000,0.003457,-0.005100,0.008048,2.121733,0.917022,171.056222,0.000000,0.000000,171.056222,2.121733,0.917022,0.000000,9.806600,0.000000,0.000000,0.000000,0.720000,0.720000,1.610980,0.000000,0.000000,0.000000,0.000000,9.797015,0.000036,0.001172,0.000152,0.000000,0.000000,0.000000
1788402336809309933,48.129403,-1,-1.012640,0.842547,-3.303268,-1.012640,0.842547,-3.303268,0.000000,0.000000,0.000000,0.000000,0.003488,-0.005175,0.008057,2.121340,0.917643,171.056276,0.000000,0.000000,171.056276,2.121340,0.917643,0.000000,9.806600,0.000000,0.000000,0.000000,0.720000,0.720000,1.610980,0.000000,0.000000,0.000000,0.000000,9.809081,-0.000271,0.000384,-0.000075,0.000000,0.000000,0.000000
1788402336842352544,48.162445,-1,-1.012644,0.842523,-3.303223,-1.012644,0.842523,-3.303223,0.000000,0.000000,0.000000,0.000000,0.003394,-0.004950,0.008228,2.120282,0.917309,171.056917,0.000000,0.000000,171.056917,2.120282,0.917309,0.000000,9.806600,0.000000,0.000000,0.000000,0.720000,0.720000,1.610980,0.000000,0.000000,0.000000,0.000000,9.809068,-0.000121,-0.000627,0.000180,0.000000,0.000000,0.000000
1788402336875371744,48.195464,-1,-1.012610,0.842464,-3.303146,-1.012610,0.842464,-3.303146,0.000000,0.000000,0.000000,0.000000,0.003421,-0.005020,0.008178,2.120129,0.916726,171.056387,0.000000,0.000000,171.056387,2.120129,0.916726,0.000000,9.806600,0.000000,0.000000,0.000000,0.720000,0.720000,1.610980,0.000000,0.000000,0.000000,0.000000,9.796715,-0.000362,-0.000029,0.000107,0.000000,0.000000,0.000000
1788402336908409392,48.228502,-1,-1.012587,0.842435,-3.303070,-1.012587,0.842435,-3.303070,0.000000,0.000000,0.000000,0.000000,0.003533,-0.004974,0.008062,2.119961,0.916419,171.056114,0.000000,0.000000,171.056114,2.119961,0.916419,0.000000,9.806600,0.000000,0.000000,0.000000,0.720000,0.720000,1.610980,0.000000,0.000000,0.000000,0.000000,9.790600,0.000272,0.000036,0.000236,0.000000,0.000000,0.000000
1788402336941422795,48.261515,-1,-1.012577,0.842428,-3.302994,-1.012577,0.842428,-3.302994,0.000000,0.000000,0.000000,0.000000,0.003489,-0.004953,0.008090,2.119655,0.916443,171.055856,0.000000,0.000000,171.055856,2.119655,0.916443,0.000000,9.806600,0.000000,0.000000,0.000000,0.720000,0.720000,1.610980,0.000000,0.000000,0.000000,0.000000,9.799796,-0.000045,0.000165,0.000091,0.000000,0.000000,0.000000
1788402336974449264,48.294542,-1,-1.012535,0.842436,-3.302963,-1.012535,0.842436,-3.302963,0.000000,0.000000,0.000000,0.000000,0.003491,-0.005012,0.008031,2.119626,0.916606,171.055918,0.000000,0.000000,171.055918,2.119626,0.916606,0.000000,9.806600,0.000000,0.000000,0.000000,0.720000,0.720000,1.610980,0.000000,0.000000,0.000000,0.000000,9.791306,0.000129,0.000127,-0.001119,0.000000,0.000000,0.000000
1788402337007475303,48.327568,-1,-1.012504,0.842462,-3.302948,-1.012504,0.842462,-3.302948,0.000000,0.000000,0.000000,0.000000,0.003397,-0.005010,0.007930,2.119528,0.916807,171.055097,0.000000,0.000000,171.055097,2.119528,0.916807,0.000000,9.806600,0.000000,0.000000,0.000000,0.720000,0.720000,1.610980,0.000000,0.000000,0.000000,0.000000,9.785606,0.000348,-0.000891,0.000786,0.000000,0.000000,0.000000
1788402337040492459,48.360585,-1,-1.012483,0.842511,-3.302917,-1.012483,0.842511,-3.302917,0.000000,0.000000,0.000000,0.000000,0.003439,-0.005132,0.007857,2.119302,0.915919,171.055134,0.000000,0.000000,171.055134,2.119302,0.915919,0.000000,9.806600,0.000000,0.000000,0.000000,0.720000,0.720000,1.610980,0.000000,0.000000,0.000000,0.000000,9.803944,0.000671,-0.000758,0.000069,0.000000,0.000000,0.000000
1788402337073523802,48.393616,-1,-1.012449,0.842577,-3.302948,-1.012449,0.842577,-3.302948,0.000000,0.000000,0.000000,0.000000,0.003549,-0.005121,0.007849,2.120490,0.914815,171.055569,0.000000,0.000000,171.055569,2.120490,0.914815,0.000000,9.806600,0.000000,0.000000,0.000000,0.720000,0.720000,1.610980,0.000000,0.000000,0.000000,0.000000,9.798750,0.000882,0.000403,-0.000508,0.000000,0.000000,0.000000
1788402337106549412,48.426642,-1,-1.012433,0.842643,-3.302963,-1.012433,0.842643,-3.302963,0.000000,0.000000,0.000000,0.000000,0.003655,-0.005211,0.007825,2.120958,0.914528,171.055219,0.000000,0.000000,171.055219,2.120958,0.914528,0.000000,9.806600,0.000000,0.000000,0.000000,0.720000,0.720000,1.610980,0.000000,0.000000,0.000000,0.000000,9.803783,-0.000020,0.000040,-0.000465,0.000000,0.000000,0.000000
1788402337139583798,48.459676,-1,-1.012429,0.842727,-3.302963,-1.012429,0.842727,-3.302963,0.000000,0.000000,0.000000,0.000000,0.003634,-0.005180,0.007819,2.120787,0.914576,171.055054,0.000000,0.000000,171.055054,2.120787,0.914576,0.000000,9.806600,0.000000,0.000000,0.000000,0.720000,0.720000,1.610980,0.000000,0.000000,0.000000,0.000000,9.782500,0.000099,0.000586,-0.000392,0.000000,0.000000,0.000000
1788402337172602971,48.492696,-1,-1.012388,0.842823,-3.303009,-1.012388,0.842823,-3.303009,0.000000,0.000000,0.000000,0.000000,0.003591,-0.005295,0.007605,2.121180,0.915583,171.054400,0.000000,0.000000,171.054400,2.121180,0.915583,0.000000,9.806600,0.000000,0.000000,0.000000,0.720000,0.720000,1.610980,0.000000,0.000000,0.000000,0.000000,9.804231,0.000389,-0.000889,-0.000201,0.000000,0.000000,0.000000
1788402337205626116,48.525719,-1,-1.012356,0.842907,-3.303024,-1.012356,0.842907,-3.303024,0.000000,0.000000,0.000000,0.000000,0.003503,-0.005312,0.007631,2.121560,0.915037,171.054438,0.000000,0.000000,171.054438,2.121560,0.915037,0.000000,9.806600,0.000000,0.000000,0.000000,0.720000,0.720000,1.610980,0.000000,0.000000,0.000000,0.000000,9.798476,-0.000493,-0.000223,-0.000050,0.000000,0.000000,0.000000
1788402337238662391,48.558755,-1,-1.012334,0.843008,-3.303024,-1.012334,0.843008,-3.303024,0.000000,0.000000,0.000000,0.000000,0.003479,-0.005292,0.007556,2.121261,0.914683,171.054100,0.000000,0.000000,171.054100,2.121261,0.914683,0.000000,9.806600,0.000000,0.000000,0.000000,0.720000,0.720000,1.610980,0.000000,0.000000,0.000000,0.000000,9.792570,0.000540,0.000278,-0.000291,0.000000,0.000000,0.000000
1788402337273648317,48.593741,-1,-1.012292,0.843065,-3.303070,-1.012292,0.843065,-3.303070,0.000000,0.000000,0.000000,0.000000,0.003447,-0.005379,0.007443,2.121682,0.913744,171.053210,0.000000,0.000000,171.053210,2.121682,0.913744,0.000000,9.806600,0.000000,0.000000,0.000000,0.720000,0.720000,1.610980,0.000000,0.000000,0.000000,0.000000,9.791307,-0.000089,-0.000040,-0.000874,0.000000,0.000000,0.000000
1788402337304688056,48.624781,-1,-1.012236,0.843135,-3.303116,-1.012236,0.843135,-3.303116,0.000000,0.000000,0.000000,0.000000,0.003525,-0.005442,0.007442,2.121738,0.913879,171.052833,0.000000,0.000000,171.052833,2.121738,0.913879,0.000000,9.806600,0.000000,0.000000,0.000000,0.720000,0.720000,1.610980,0.000000,0.000000,0.000000,0.000000,9.801381,0.000193,0.000230,0.000377,0.000000,0.000000,0.000000
1788402337337720968,48.657814,-1,-1.012209,0.843213,-3.303101,-1.012209,0.843213,-3.303101,0.000000,0.000000,0.000000,0.000000,0.003531,-0.005525,0.007598,2.121513,0.913823,171.053830,0.000000,0.000000,171.053830,2.121513,0.913823,0.000000,9.806600,0.000000,0.000000,0.000000,0.720000,0.720000,1.610980,0.000000,0.000000,0.000000,0.000000,9.803115,0.000084,0.000196,0.000195,0.000000,0.000000,0.000000
1788402337370774601,48.690867,-1,-1.012149,0.843204,-3.303177,-1.012149,0.843204,-3.303177,0.000000,0.000000,0.000000,0.000000,0.003399,-0.005469,0.007607,2.121210,0.914180,171.054499,0.000000,0.000000,171.054499,2.121210,0.914180,0.000000,9.806600,0.000000,0.000000,0.000000,0.720000,0.720000,1.610980,0.000000,0.000000,0.000000,0.000000,9.801624,-0.000461,-0.000164,-0.000412,0.000000,0.000000,0.000000
1788402337403786345,48.723879,-1,-1.012110,0.843191,-3.303207,-1.012110,0.843191,-3.303207,0.000000,0.000000,0.000000,0.000000,0.003518,-0.005520,0.007410,2.121111,0.914161,171.054317,0.000000,0.000000,171.054317,2.121111,0.914161,0.000000,9.806600,0.000000,0.000000,0.000000,0.720000,0.720000,1.610980,0.000000,0.000000,0.000000,0.000000,9.796091,0.000246,0.000120,-0.000157,0.000000,0.000000,0.000000
1788402337436965133,48.757058,-1,-1.012083,0.843201,-3.303223,-1.012083,0.843201,-3.303223,0.000000,0.000000,0.000000,0.000000,0.003495,-0.005489,0.007276,2.121898,0.914339,171.054256,0.000000,0.000000,171.054256,2.121898,0.914339,0.000000,9.806600,0.000000,0.000000,0.000000,0.720000,0.720000,1.610980,0.000000,0.000000,0.000000,0.000000,9.803974,-0.000337,-0.000042,0.000301,0.000000,0.000000,0.000000
1788402337469858991,48.789952,-1,-1.012032,0.843137,-3.303253,-1.012032,0.843137,-3.303253,0.000000,0.000000,0.000000,0.000000,0.003560,-0.005455,0.007383,2.120328,0.913795,171.055156,0.000000,0.000000,171.055156,2.120328,0.913795,0.000000,9.806600,0.000000,0.000000,0.000000,0.720000,0.720000,1.610980,0.000000,0.000000,0.000000,0.000000,9.801320,-0.000082,-0.000337,0.000711,0.000000,0.000000,0.000000
1788402337502902696,48.822995,-1,-1.011999,0.843089,-3.303268,-1.011999,0.843089,-3.303268,0.000000,0.000000,0.000000,0.000000,0.003528,-0.005306,0.007315,2.119819,0.913441,171.055085,0.000000,0.000000,171.055085,2.119819,0.913441,0.000000,9.806600,0.000000,0.000000,0.000000,0.720000,0.720000,1.610980,0.000000,0.000000,0.000000,0.000000,9.798779,-0.000010,-0.000096,-0.001465,0.000000,0.000000,0.000000
1788402337535857754,48.855950,-1,-1.011978,0.843063,-3.303253,-1.011978,0.843063,-3.303253,0.000000,0.000000,0.000000,0.000000,0.003451,-0.005204,0.007326,2.119923,0.914075,171.055513,0.000000,0.000000,171.055513,2.119923,0.914075,0.000000,9.806600,0.000000,0.000000,0.000000,0.720000,0.720000,1.610980,0.000000,0.000000,0.000000,0.000000,9.794894,-0.000111,-0.000968,-0.000096,0.000000,0.000000,0.000000
1788402337568915358,48.889008,-1,-1.011946,0.843010,-3.303299,-1.011946,0.843010,-3.303299,0.000000,0.000000,0.000000,0.000000,0.003446,-0.005108,0.007240,2.119730,0.913151,171.056041,0.000000,0.000000,171.056041,2.119730,0.913151,0.000000,9.806600,0.000000,0.000000,0.000000,0.720000,0.720000,1.610980,0.000000,0.000000,0.000000,0.000000,9.796394,0.000022,0.000545,-0.000292,0.000000,0.000000,0.000000
1788402337601981769,48.922074,-1,-1.011905,0.842946,-3.303360,-1.011905,0.842946,-3.303360,0.000000,0.000000,0.000000,0.000000,0.003397,-0.005103,0.007264,2.119598,0.913511,171.055994,0.000000,0.000000,171.055994,2.119598,0.913511,0.000000,9.806600,0.000000,0.000000,0.000000,0.720000,0.720000,1.610980,0.000000,0.000000,0.000000,0.000000,9.814974,-0.000155,-0.000321,-0.000037,0.000000,0.000000,0.000000
1788402337634989061,48.955082,-1,-1.011886,0.842929,-3.303406,-1.011886,0.842929,-3.303406,0.000000,0.000000,0.000000,0.000000,0.003330,-0.005160,0.007044,2.119249,0.913269,171.055695,0.000000,0.000000,171.055695,2.119249,0.913269,0.000000,9.806600,0.000000,0.000000,0.000000,0.720000,0.720000,1.610980,0.000000,0.000000,0.000000,0.000000,9.796329,0.000701,-0.000440,-0.000112,0.000000,0.000000,0.000000
1788402337667966377,48.988059,-1,-1.011859,0.842890,-3.303482,-1.011859,0.842890,-3.303482,0.000000,0.000000,0.000000,0.000000,0.003414,-0.005088,0.006871,2.119337,0.912733,171.055842,0.000000,0.000000,171.055842,2.119337,0.912733,0.000000,9.806600,0.000000,0.000000,0.000000,0.720000,0.720000,1.610980,0.000000,0.000000,0.000000,0.000000,9.804092,0.000032,0.000305,0.000038,0.000000,0.000000,0.000000
1788402337701033205,49.021126,-1,-1.011827,0.842851,-3.303589,-1.011827,0.842851,-3.303589,0.000000,0.000000,0.000000,0.000000,0.003348,-0.005210,0.006888,2.119365,0.912984,171.055963,0.000000,0.000000,171.055963,2.119365,0.912984,0.000000,9.806600,0.000000,0.000000,0.000000,0.720000,0.720000,1.610980,0.000000,0.000000,0.000000,0.000000,9.797096,0.000374,-0.000094,0.000002,0.000000,0.000000,0.000000
1788402337734054556,49.054147,-1,-1.011815,0.842848,-3.303604,-1.011815,0.842848,-3.303604,0.000000,0.000000,0.000000,0.000000,0.003332,-0.005106,0.006863,2.119921,0.912781,171.056728,0.000000,0.000000,171.056728,2.119921,0.912781,0.000000,9.806600,0.000000,0.000000,0.000000,0.720000,0.720000,1.610980,0.000000,0.000000,0.000000,0.000000,9.807361,0.000035,-0.000120,-0.000532,0.000000,0.000000,0.000000
1788402337767096692,49.087189,-1,-1.011799,0.842803,-3.303635,-1.011799,0.842803,-3.303635,0.000000,0.000000,0.000000,0.000000,0.003299,-0.005119,0.006940,2.120144,0.911986,171.056795,0.000000,0.000000,171.056795,2.120144,0.911986,0.000000,9.806600,0.000000,0.000000,0.000000,0.720000,0.720000,1.610980,0.000000,0.000000,0.000000,0.000000,9.799628,0.000662,0.000894,-0.000622,0.000000,0.000000,0.000000
1788402337800120093,49.120213,-1,-1.011790,0.842781,-3.303635,-1.011790,0.842781,-3.303635,0.000000,0.000000,0.000000,0.000000,0.003277,-0.005146,0.007049,2.120289,0.912634,171.056246,0.000000,0.000000,171.056246,2.120289,0.912634,0.000000,9.806600,0.000000,0.000000,0.000000,0.720000,0.720000,1.610980,0.000000,0.000000,0.000000,0.000000,9.801951,-0.000008,-0.000266,0.000070,0.000000,0.000000,0.000000
1788402337833146504,49.153239,-1,-1.011796,0.842780,-3.303619,-1.011796,0.842780,-3.303619,0.000000,0.000000,0.000000,0.000000,0.003423,-0.005068,0.007195,2.119971,0.912557,171.056527,0.000000,0.000000,171.056527,2.119971,0.912557,0.000000,9.806600,0.000000,0.000000,0.000000,0.720000,0.720000,1.610980,0.000000,0.000000,0.000000,0.000000,9.803462,0.000590,0.000961,-0.000113,0.000000,0.000000,0.000000
1788402337867018486,49.187111,-1,-1.011788,0.842765,-3.303604,-1.011788,0.842765,-3.303604,0.000000,0.000000,0.000000,0.000000,0.003354,-0.004979,0.007228,2.120629,0.913684,171.056121,0.000000,0.000000,171.056121,2.120629,0.913684,0.000000,9.806600,0.000000,0.000000,0.000000,0.720000,0.720000,1.610980,0.000000,0.000000,0.000000,0.000000,9.805925,0.000057,-0.000032,-0.000032,0.000000,0.000000,0.000000
1788402337899196636,49.219289,-1,-1.011774,0.842759,-3.303543,-1.011774,0.842759,-3.303543,0.000000,0.000000,0.000000,0.000000,0.003357,-0.005032,0.007189,2.120485,0.913677,171.055829,0.000000,0.000000,171.055829,2.120485,0.913677,0.000000,9.806600,0.000000,0.000000,0.000000,0.720000,0.720000,1.610980,0.000000,0.000000,0.000000,0.000000,9.803681,0.000565,0.000044,0.000124,0.000000,0.000000,0.000000
1788402337932191118,49.252284,-1,-1.011774,0.842780,-3.303482,-1.011774,0.842780,-3.303482,0.000000,0.000000,0.000000,0.000000,0.003301,-0.005082,0.007224,2.120774,0.913963,171.056166,0.000000,0.000000,171.056166,2.120774,0.913963,0.000000,9.806600,0.000000,0.000000,0.000000,0.720000,0.720000,1.610980,0.000000,0.000000,0.000000,0.000000,9.795154,-0.000256,0.000079,-0.000130,0.000000,0.000000,0.000000
1788402337965222717,49.285315,-1,-1.011767,0.842756,-3.303436,-1.011767,0.842756,-3.303436,0.000000,0.000000,0.000000,0.000000,0.003290,-0.005004,0.007173,2.119817,0.913884,171.056111,0.000000,0.000000,171.056111,2.119817,0.913884,0.000000,9.806600,0.000000,0.000000,0.000000,0.720000,0.720000,1.610980,0.000000,0.000000,0.000000,0.000000,9.797719,-0.000373,-0.000278,-0.000149,0.000000,0.000000,0.000000
1788402337998243748,49.318336,-1,-1.011762,0.842722,-3.303391,-1.011762,0.842722,-3.303391,0.000000,0.000000,0.000000,0.000000,0.003355,-0.005019,0.007298,2.119665,0.913845,171.056141,0.000000,0.000000,171.056141,2.119665,0.913845,0.000000,9.806600,0.000000,0.000000,0.000000,0.720000,0.720000,1.610980,0.000000,0.000000,0.000000,0.000000,9.795938,0.000813,-0.000328,-0.000475,0.000000,0.000000,0.000000
1788402338031315055,49.351408,-1,-1.011769,0.842725,-3.303360,-1.011769,0.842725,-3.303360,0.000000,0.000000,0.000000,0.000000,0.003346,-0.005134,0.007357,2.120363,0.914543,171.056219,0.000000,0.000000,171.056219,2.120363,0.914543,0.000000,9.806600,0.000000,0.000000,0.000000,0.720000,0.720000,1.610980,0.000000,0.000000,0.000000,0.000000,9.810569,0.000176,0.000003,-0.000433,0.000000,0.000000,0.000000
1788402338064296034,49.384389,-1,-1.011754,0.842713,-3.303329,-1.011754,0.842713,-3.303329,0.000000,0.000000,0.000000,0.000000,0.003286,-0.005151,0.007506,2.120788,0.914480,171.055761,0.000000,0.000000,171.055761,2.120788,0.914480,0.000000,9.806600,0.000000,0.000000,0.000000,0.720000,0.720000,1.610980,0.000000,0.000000,0.000000,0.000000,9.806169,0.000933,0.000080,0.000378,0.000000,0.000000,0.000000
1788402338097328924,49.417422,-1,-1.011729,0.842708,-3.303268,-1.011729,0.842708,-3.303268,0.000000,0.000000,0.000000,0.000000,0.003179,-0.005135,0.007581,2.121056,0.914425,171.056056,0.000000,0.000000,171.056056,2.121056,0.914425,0.000000,9.806600,0.000000,0.000000,0.000000,0.720000,0.720000,1.610980,0.000000,0.000000,0.000000,0.000000,9.798197,0.000108,-0.000274,0.000522,0.000000,0.000000,0.000000
1788402338130384680,49.450477,-1,-1.011722,0.842729,-3.303177,-1.011722,0.842729,-3.303177,0.000000,0.000000,0.000000,0.000000,0.003206,-0.005051,0.007597,2.121296,0.914699,171.056358,0.000000,0.000000,171.056358,2.121296,0.914699,0.000000,9.806600,0.000000,0.000000,0.000000,0.720000,0.720000,1.610980,0.000000,0.000000,0.000000,0.000000,9.800476,0.000499,0.000066,-0.000427,0.000000,0.000000,0.000000
1788402338163389292,49.483482,-1,-1.011706,0.842717,-3.303085,-1.011706,0.842717,-3.303085,0.000000,0.000000,0.000000,0.000000,0.003208,-0.004981,0.007743,2.121745,0.914184,171.055484,0.000000,0.000000,171.055484,2.121745,0.914184,0.000000,9.806600,0.000000,0.000000,0.000000,0.720000,0.720000,1.610980,0.000000,0.000000,0.000000,0.000000,9.818766,0.000236,-0.000926,-0.000622,0.000000,0.000000,0.000000
1788402338196422279,49.516515,-1,-1.011686,0.842703,-3.303009,-1.011686,0.842703,-3.303009,0.000000,0.000000,0.000000,0.000000,0.003237,-0.005077,0.007583,2.121441,0.914472,171.055225,0.000000,0.000000,171.055225,2.121441,0.914472,0.000000,9.806600,0.000000,0.000000,0.000000,0.720000,0.720000,1.610980,0.000000,0.000000,0.000000,0.000000,9.792742,0.000380,-0.000458,-0.000169,0.000000,0.000000,0.000000
1788402338229460421,49.549553,-1,-1.011684,0.842720,-3.302948,-1.011684,0.842720,-3.302948,0.000000,0.000000,0.000000,0.000000,0.003248,-0.005062,0.007672,2.121790,0.914317,171.055147,0.000000,0.000000,171.055147,2.121790,0.914317,0.000000,9.806600,0.000000,0.000000,0.000000,0.720000,0.720000,1.610980,0.000000,0.000000,0.000000,0.000000,9.805851,0.000174,0.000901,-0.000366,0.000000,0.000000,0.000000
1788402338262498083,49.582591,-1,-1.011679,0.842680,-3.302841,-1.011679,0.842680,-3.302841,0.000000,0.000000,0.000000,0.000000,0.003117,-0.004977,0.007622,2.121442,0.915098,171.055298,0.000000,0.000000,171.055298,2.121442,0.915098,0.000000,9.806600,0.000000,0.000000,0.000000,0.720000,0.720000,1.610980,0.000000,0.000000,0.000000,0.000000,9.789236,-0.000470,0.000639,0.000177,0.000000,0.000000,0.000000
1788402338295509997,49.615603,-1,-1.011677,0.842612,-3.302704,-1.011677,0.842612,-3.302704,0.000000,0.000000,0.000000,0.000000,0.003090,-0.004920,0.007691,2.121159,0.915299,171.054904,0.000000,0.000000,171.054904,2.121159,0.915299,0.000000,9.806600,0.000000,0.000000,0.000000,0.720000,0.720000,1.610980,0.000000,0.000000,0.000000,0.000000,9.803279,-0.000099,-0.000076,-0.000577,0.000000,0.000000,0.000000
1788402338328499174,49.648592,-1,-1.011684,0.842589,-3.302582,-1.011684,0.842589,-3.302582,0.000000,0.000000,0.000000,0.000000,0.003016,-0.004924,0.007739,2.121548,0.915281,171.054793,0.000000,0.000000,171.054793,2.121548,0.915281,0.000000,9.806600,0.000000,0.000000,0.000000,0.720000,0.720000,1.610980,0.000000,0.000000,0.000000,0.000000,9.805553,0.000422,0.000276,0.000123,0.000000,0.000000,0.000000
1788402338361528798,49.681621,-1,-1.011684,0.842569,-3.302490,-1.011684,0.842569,-3.302490,0.000000,0.000000,0.000000,0.000000,0.003020,-0.004818,0.007802,2.122295,0.915460,171.055010,0.000000,0.000000,171.055010,2.122295,0.915460,0.000000,9.806600,0.000000,0.000000,0.000000,0.720000,0.720000,1.610980,0.000000,0.000000,0.000000,0.000000,9.802674,0.000472,-0.000610,0.000477,0.000000,0.000000,0.000000
1788402338394756077,49.714849,-1,-1.011689,0.842565,-3.302353,-1.011689,0.842565,-3.302353,0.000000,0.000000,0.000000,0.000000,0.003079,-0.004942,0.007744,2.122173,0.914785,171.054737,0.000000,0.000000,171.054737,2.122173,0.914785,0.000000,9.806600,0.000000,0.000000,0.000000,0.720000,0.720000,1.610980,0.000000,0.000000,0.000000,0.000000,9.800967,-0.000271,0.000548,0.000221,0.000000,0.000000,0.000000
1788402338427597845,49.747691,-1,-1.011701,0.842587,-3.302216,-1.011701,0.842587,-3.302216,0.000000,0.000000,0.000000,0.000000,0.003077,-0.004862,0.007706,2.122108,0.915984,171.054420,0.000000,0.000000,171.054420,2.122108,0.915984,0.000000,9.806600,0.000000,0.000000,0.000000,0.720000,0.720000,1.610980,0.000000,0.000000,0.000000,0.000000,9.803003,0.000033,-0.000106,-0.000086,0.000000,0.000000,0.000000
1788402338460637717,49.780730,-1,-1.011691,0.842575,-3.302109,-1.011691,0.842575,-3.302109,0.000000,0.000000,0.000000,0.000000,0.003075,-0.004916,0.007790,2.121894,0.916658,171.054154,0.000000,0.000000,171.054154,2.121894,0.916658,0.000000,9.806600,0.000000,0.000000,0.000000,0.720000,0.720000,1.610980,0.000000,0.000000,0.000000,0.000000,9.806517,0.000437,0.000007,-0.000032,0.000000,0.000000,0.000000
1788402338493621994,49.813715,-1,-1.011676,0.842560,-3.302017,-1.011676,0.842560,-3.302017,0.000000,0.000000,0.000000,0.000000,0.003045,-0.004916,0.007698,2.122343,0.915963,171.054452,0.000000,0.000000,171.054452,2.122343,0.915963,0.000000,9.806600,0.000000,0.000000,0.000000,0.720000,0.720000,1.610980,0.000000,0.000000,0.000000,0.000000,9.796712,0.000444,-0.000242,0.000317,0.000000,0.000000,0.000000
1788402338526662698,49.846755,-1,-1.011671,0.842572,-3.301895,-1.011671,0.842572,-3.301895,0.000000,0.000000,0.000000,0.000000,0.003112,-0.004868,0.007751,2.122537,0.916178,171.055197,0.000000,0.000000,171.055197,2.122537,0.916178,0.000000,9.806600,0.000000,0.000000,0.000000,0.720000,0.720000,1.610980,0.000000,0.000000,0.000000,0.000000,9.817389,0.000019,-0.000251,-0.000355,0.000000,0.000000,0.000000
1788402338559675221,49.879768,-1,-1.011657,0.842566,-3.301849,-1.011657,0.842566,-3.301849,0.000000,0.000000,0.000000,0.000000,0.003115,-0.004924,0.007845,2.122428,0.915919,171.055151,0.000000,0.000000,171.055151,2.122428,0.915919,0.000000,9.806600,0.000000,0.000000,0.000000,0.720000,0.720000,1.610980,0.000000,0.000000,0.000000,0.000000,9.797692,-0.000415,0.000013,0.000077,0.000000,0.000000,0.000000
1788402338592743690,49.912836,-1,-1.011639,0.842570,-3.301773,-1.011639,0.842570,-3.301773,0.000000,0.000000,0.000000,0.000000,0.003133,-0.004953,0.007890,2.122662,0.916193,171.054649,0.000000,0.000000,171.054649,2.122662,0.916193,0.000000,9.806600,0.000000,0.000000,0.000000,0.720000,0.720000,1.610980,0.000000,0.000000,0.000000,0.000000,9.812728,-0.000196,0.000332,-0.000019,0.000000,0.000000,0.000000
1788402338625771553,49.945864,-1,-1.011638,0.842597,-3.301682,-1.011638,0.842597,-3.301682,0.000000,0.000000,0.000000,0.000000,0.003140,-0.004946,0.007866,2.122790,0.916706,171.054498,0.000000,0.000000,171.054498,2.122790,0.916706,0.000000,9.806600,0.000000,0.000000,0.000000,0.720000,0.720000,1.610980,0.000000,0.000000,0.000000,0.000000,9.793386,-0.000098,0.000146,-0.000277,0.000000,0.000000,0.000000
1788402338658731075,49.978824,-1,-1.011628,0.842590,-3.301605,-1.011628,0.842590,-3.301605,0.000000,0.000000,0.000000,0.000000,0.003079,-0.004902,0.007747,2.122326,0.916310,171.055134,0.000000,0.000000,171.055134,2.122326,0.916310,0.000000,9.806600,0.000000,0.000000,0.000000,0.720000,0.720000,1.610980,0.000000,0.000000,0.000000,0.000000,9.795111,-0.000569,-0.000917,-0.000047,0.000000,0.000000,0.000000
1788402338691803483,50.011896,-1,-1.011618,0.842583,-3.301529,-1.011618,0.842583,-3.301529,0.000000,0.000000,0.000000,0.000000,0.003133,-0.004979,0.007782,2.122590,0.916201,171.055347,0.000000,0.000000,171.055347,2.122590,0.916201,0.000000,9.806600,0.000000,0.000000,0.000000,0.720000,0.720000,1.610980,0.000000,0.000000,0.000000,0.000000,9.800275,0.000291,0.000475,0.000098,0.000000,0.000000,0.000000
1788402338724817799,50.044910,-1,-1.011621,0.842605,-3.301407,-1.011621,0.842605,-3.301407,0.000000,0.000000,0.000000,0.000000,0.003225,-0.004948,0.007840,2.123795,0.916589,171.055779,0.000000,0.000000,171.055779,2.123795,0.916589,0.000000,9.806600,0.000000,0.000000,0.000000,0.720000,0.720000,1.610980,0.000000,0.000000,0.000000,0.000000,9.802486,0.000564,-0.000236,0.000232,0.000000,0.000000,0.000000
1788402338757840890,50.077934,-1,-1.011614,0.842636,-3.301346,-1.011614,0.842636,-3.301346,0.000000,0.000000,0.000000,0.000000,0.003214,-0.005033,0.007824,2.124940,0.916615,171.057110,0.000000,0.000000,171.057110,2.124940,0.916615,0.000000,9.806600,0.000000,0.000000,0.000000,0.720000,0.720000,1.610980,0.000000,0.000000,0.000000,0.000000,9.808324,0.000405,0.000102,0.000531,0.000000,0.000000,0.000000
1788402338790883068,50.110976,-1,-1.011603,0.842685,-3.301285,-1.011603,0.842685,-3.301285,0.000000,0.000000,0.000000,0.000000,0.003234,-0.005190,0.007891,2.125210,0.916466,171.057630,0.000000,0.000000,171.057630,2.125210,0.916466,0.000000,9.806600,0.000000,0.000000,0.000000,0.720000,0.720000,1.610980,0.000000,0.000000,0.000000,0.000000,9.800918,0.000109,0.000374,0.000013,0.000000,0.000000,0.000000
1788402338823876440,50.143969,-1,-1.011605,0.842780,-3.301147,-1.011605,0.842780,-3.301147,0.000000,0.000000,0.000000,0.000000,0.003275,-0.005148,0.007994,2.124999,0.916736,171.057933,0.000000,0.000000,171.057933,2.124999,0.916736,0.000000,9.806600,0.000000,0.000000,0.000000,0.720000,0.720000,1.610980,0.000000,0.000000,0.000000,0.000000,9.804561,0.000138,0.000237,-0.000012,0.000000,0.000000,0.000000
1788402338856904174,50.176997,-1,-1.011585,0.842852,-3.301071,-1.011585,0.842852,-3.301071,0.000000,0.000000,0.000000,0.000000,0.003284,-0.005249,0.008047,2.125234,0.916865,171.057799,0.000000,0.000000,171.057799,2.125234,0.916865,0.000000,9.806600,0.000000,0.000000,0.000000,0.720000,0.720000,1.610980,0.000000,0.000000,0.000000,0.000000,9.791407,-0.000306,-0.000900,-0.000001,0.000000,0.000000,0.000000
1788402338889921533,50.210014,-1,-1.011552,0.842970,-3.300949,-1.011552,0.842970,-3.300949,0.000000,0.000000,0.000000,0.000000,0.003329,-0.005485,0.007994,2.125148,0.916519,171.058181,0.000000,0.000000,171.058181,2.125148,0.916519,0.000000,9.806600,0.000000,0.000000,0.000000,0.720000,0.720000,1.610980,0.000000,0.000000,0.000000,0.000000,9.801328,0.000186,-0.000171,0.000212,0.000000,0.000000,0.000000
1788402338922971748,50.243064,-1,-1.011541,0.843080,-3.300858,-1.011541,0.843080,-3.300858,0.000000,0.000000,0.000000,0.000000,0.003403,-0.005629,0.007884,2.125444,0.916423,171.058019,0.000000,0.000000,171.058019,2.125444,0.916423,0.000000,9.806600,0.000000,0.000000,0.000000,0.720000,0.720000,1.610980,0.000000,0.000000,0.000000,0.000000,9.793966,-0.000048,0.000193,-0.000671,0.000000,0.000000,0.000000
1788402338955964159,50.276057,-1,-1.011532,0.843188,-3.300827,-1.011532,0.843188,-3.300827,0.000000,0.000000,0.000000,0.000000,0.003489,-0.005738,0.007877,2.125953,0.916662,171.057785,0.000000,0.000000,171.057785,2.125953,0.916662,0.000000,9.806600,0.000000,0.000000,0.000000,0.720000,0.720000,1.610980,0.000000,0.000000,0.000000,0.000000,9.803880,0.000206,0.000329,0.000049,0.000000,0.000000,0.000000
1788402338989071186,50.309164,-1,-1.011528,0.843302,-3.300842,-1.011528,0.843302,-3.300842,0.000000,0.000000,0.000000,0.000000,0.003526,-0.005841,0.007875,2.126625,0.916172,171.058010,0.000000,0.000000,171.058010,2.126625,0.916172,0.000000,9.806600,0.000000,0.000000,0.000000,0.720000,0.720000,1.610980,0.000000,0.000000,0.000000,0.000000,9.796937,-0.000820,0.000019,0.000561,0.000000,0.000000,0.000000
1788402339022051572,50.342144,-1,-1.011540,0.843484,-3.300812,-1.011540,0.843484,-3.300812,0.000000,0.000000,0.000000,0.000000,0.003660,-0.006033,0.007775,2.126427,0.915879,171.057620,0.000000,0.000000,171.057620,2.126427,0.915879,0.000000,9.806600,0.000000,0.000000,0.000000,0.720000,0.720000,1.610980,0.000000,0.000000,0.000000,0.000000,9.791788,0.000200,-0.000281,-0.000314,0.000000,0.000000,0.000000
1788402339055070962,50.375164,-1,-1.011544,0.843607,-3.300797,-1.011544,0.843607,-3.300797,0.000000,0.000000,0.000000,0.000000,0.003788,-0.006063,0.007693,2.126176,0.916049,171.056871,0.000000,0.000000,171.056871,2.126176,0.916049,0.000000,9.806600,0.000000,0.000000,0.000000,0.720000,0.720000,1.610980,0.000000,0.000000,0.000000,0.000000,9.788256,-0.000446,0.000307,-0.000068,0.000000,0.000000,0.000000
1788402339088081129,50.408174,-1,-1.011550,0.843732,-3.300812,-1.011550,0.843732,-3.300812,0.000000,0.000000,0.000000,0.000000,0.003758,-0.006141,0.007663,2.126846,0.916134,171.057036,0.000000,0.000000,171.057036,2.126846,0.916134,0.000000,9.806600,0.000000,0.000000,0.000000,0.720000,0.720000,1.610980,0.000000,0.000000,0.000000,0.000000,9.794236,-0.000324,-0.000031,-0.000291,0.000000,0.000000,0.000000
1788402339121114449,50.441207,-1,-1.011574,0.843926,-3.300781,-1.011574,0.843926,-3.300781,0.000000,0.000000,0.000000,0.000000,0.003847,-0.006363,0.007637,2.126255,0.915985,171.055531,0.000000,0.000000,171.055531,2.126255,0.915985,0.000000,9.806600,0.000000,0.000000,0.000000,0.720000,0.720000,1.610980,0.000000,0.000000,0.000000,0.000000,9.799483,-0.000281,-0.000822,-0.000825,0.000000,0.000000,0.000000
1788402339154166823,50.474259,-1,-1.011581,0.844044,-3.300812,-1.011581,0.844044,-3.300812,0.000000,0.000000,0.000000,0.000000,0.003807,-0.006520,0.007589,2.125941,0.916059,171.054842,0.000000,0.000000,171.054842,2.125941,0.916059,0.000000,9.806600,0.000000,0.000000,0.000000,0.720000,0.720000,1.610980,0.000000,0.000000,0.000000,0.000000,9.795265,-0.000219,-0.000487,0.000107,0.000000,0.000000,0.000000
1788402339187144903,50.507238,-1,-1.011587,0.844162,-3.300873,-1.011587,0.844162,-3.300873,0.000000,0.000000,0.000000,0.000000,0.003843,-0.006675,0.007422,2.126009,0.915492,171.054853,0.000000,0.000000,171.054853,2.126009,0.915492,0.000000,9.806600,0.000000,0.000000,0.000000,0.720000,0.720000,1.610980,0.000000,0.000000,0.000000,0.000000,9.801728,-0.000376,0.000078,0.000380,0.000000,0.000000,0.000000
1788402339220211815,50.540304,-1,-1.011609,0.844352,-3.300888,-1.011609,0.844352,-3.300888,0.000000,0.000000,0.000000,0.000000,0.003853,-0.006892,0.007538,2.126363,0.915347,171.054556,0.000000,0.000000,171.054556,2.126363,0.915347,0.000000,9.806600,0.000000,0.000000,0.000000,0.720000,0.720000,1.610980,0.000000,0.000000,0.000000,0.000000,9.800624,0.000084,-0.000075,-0.000484,0.000000,0.000000,0.000000
1788402339253210102,50.573303,-1,-1.011617,0.844449,-3.300919,-1.011617,0.844449,-3.300919,0.000000,0.000000,0.000000,0.000000,0.003891,-0.007043,0.007605,2.126458,0.915125,171.053957,0.000000,0.000000,171.053957,2.126458,0.915125,0.000000,9.806600,0.000000,0.000000,0.000000,0.720000,0.720000,1.610980,0.000000,0.000000,0.000000,0.000000,9.787829,-0.000022,-0.000294,-0.000014,0.000000,0.000000,0.000000
1788402339286225393,50.606318,-1,-1.011623,0.844535,-3.300964,-1.011623,0.844535,-3.300964,0.000000,0.000000,0.000000,0.000000,0.003889,-0.007108,0.007621,2.126707,0.915454,171.053170,0.000000,0.000000,171.053170,2.126707,0.915454,0.000000,9.806600,0.000000,0.000000,0.000000,0.720000,0.720000,1.610980,0.000000,0.000000,0.000000,0.000000,9.805348,-0.000833,0.000077,-0.000662,0.000000,0.000000,0.000000
1788402339319243886,50.639337,-1,-1.011643,0.844684,-3.300980,-1.011643,0.844684,-3.300980,0.000000,0.000000,0.000000,0.000000,0.003864,-0.007222,0.007538,2.126969,0.916333,171.053403,0.000000,0.000000,171.053403,2.126969,0.916333,0.000000,9.806600,0.000000,0.000000,0.000000,0.720000,0.720000,1.610980,0.000000,0.000000,0.000000,0.000000,9.800117,0.000092,0.000089,0.000153,0.000000,0.000000,0.000000
1788402339352245791,50.672338,-1,-1.011659,0.844773,-3.301010,-1.011659,0.844773,-3.301010,0.000000,0.000000,0.000000,0.000000,0.003941,-0.007344,0.007531,2.125737,0.916209,171.052946,0.000000,0.000000,171.052946,2.125737,0.916209,0.000000,9.806600,0.000000,0.000000,0.000000,0.720000,0.720000,1.610980,0.000000,0.000000,0.000000,0.000000,9.801741,0.000131,-0.000541,-0.000505,0.000000,0.000000,0.000000
1788402339385355039,50.705448,-1,-1.011681,0.844862,-3.301056,-1.011681,0.844862,-3.301056,0.000000,0.000000,0.000000,0.000000,0.003985,-0.007438,0.007546,2.125927,0.916298,171.052902,0.000000,0.000000,171.052902,2.125927,0.916298,0.000000,9.806600,0.000000,0.000000,0.000000,0.720000,0.720000,1.610980,0.000000,0.000000,0.000000,0.000000,9.800821,0.000285,-0.000095,0.000129,0.000000,0.000000,0.000000
1788402339418355983,50.738449,-1,-1.011721,0.845016,-3.301117,-1.011721,0.845016,-3.301117,0.000000,0.000000,0.000000,0.000000,0.003980,-0.007600,0.007412,2.126654,0.915338,171.052849,0.000000,0.000000,171.052849,2.126654,0.915338,0.000000,9.806600,0.000000,0.000000,0.000000,0.720000,0.720000,1.610980,0.000000,0.000000,0.000000,0.000000,9.802464,0.000510,-0.000024,0.000260,0.000000,0.000000,0.000000
1788402339451349370,50.771442,-1,-1.011721,0.845016,-3.301117,-1.011721,0.845016,-3.301117,0.000000,0.000000,0.000000,0.000000,0.003980,-0.007600,0.007412,2.126654,0.915338,171.052849,0.000000,0.000000,171.052849,2.126654,0.915338,0.000000,9.806600,0.000000,0.000000,0.000000,0.720000,0.720000,1.610980,0.000000,0.000000,0.000000,0.000000,9.792624,0.000005,-0.000107,-0.000061,0.000000,0.000000,0.000000
1788402339484373308,50.804466,-1,-1.011737,0.845076,-3.301239,-1.011737,0.845076,-3.301239,0.000000,0.000000,0.000000,0.000000,0.004068,-0.007507,0.007477,2.126837,0.916174,171.052246,0.000000,0.000000,171.052246,2.126837,0.916174,0.000000,9.806600,0.000000,0.000000,0.000000,0.720000,0.720000,1.610980,0.000000,0.000000,0.000000,0.000000,9.806406,0.000008,0.000804,-0.000156,0.000000,0.000000,0.000000
1788402339517372587,50.837465,-1,-1.011751,0.845118,-3.301254,-1.011751,0.845118,-3.301254,0.000000,0.000000,0.000000,0.000000,0.004046,-0.007588,0.007393,2.127303,0.916539,171.052165,0.000000,0.000000,171.052165,2.127303,0.916539,0.000000,9.806600,0.000000,0.000000,0.000000,0.720000,0.720000,1.610980,0.000000,0.000000,0.000000,0.000000,9.797689,0.000287,0.000016,-0.000206,0.000000,0.000000,0.000000
1788402339550423552,50.870516,-1,-1.011751,0.845118,-3.301254,-1.011751,0.845118,-3.301254,0.000000,0.000000,0.000000,0.000000,0.004046,-0.007588,0.007393,2.127303,0.916539,171.052165,0.000000,0.000000,171.052165,2.127303,0.916539,0.000000,9.806600,0.000000,0.000000,0.000000,0.720000,0.720000,1.610980,0.000000,0.000000,0.000000,0.000000,9.795484,-0.000302,0.000162,-0.000627,0.000000,0.000000,0.000000
1788402339583526875,50.903620,-1,-1.011747,0.845150,-3.301270,-1.011747,0.845150,-3.301270,0.000000,0.000000,0.000000,0.000000,0.004001,-0.007491,0.007412,2.126811,0.916433,171.051684,0.000000,0.000000,171.051684,2.126811,0.916433,0.000000,9.806600,0.000000,0.000000,0.000000,0.720000,0.720000,1.610980,0.000000,0.000000,0.000000,0.000000,9.796326,0.000098,-0.000230,-0.000374,0.000000,0.000000,0.000000
1788402339616489616,50.936582,-1,-1.011730,0.845156,-3.301285,-1.011730,0.845156,-3.301285,0.000000,0.000000,0.000000,0.000000,0.004018,-0.007394,0.007337,2.127097,0.916264,171.051845,0.000000,0.000000,171.051845,2.127097,0.916264,0.000000,9.806600,0.000000,0.000000,0.000000,0.720000,0.720000,1.610980,0.000000,0.000000,0.000000,0.000000,9.793914,0.000527,-0.000033,0.000252,0.000000,0.000000,0.000000
1788402339649537955,50.969631,-1,-1.011725,0.845200,-3.301239,-1.011725,0.845200,-3.301239,0.000000,0.000000,0.000000,0.000000,0.004027,-0.007381,0.007257,2.127010,0.916140,171.052257,0.000000,0.000000,171.052257,2.127010,0.916140,0.000000,9.806600,0.000000,0.000000,0.000000,0.720000,0.720000,1.610980,0.000000,0.000000,0.000000,0.000000,9.799556,0.000338,0.001288,-0.000086,0.000000,0.000000,0.000000
1788402339682588535,51.002681,-1,-1.011718,0.845204,-3.301224,-1.011718,0.845204,-3.301224,0.000000,0.000000,0.000000,0.000000,0.004040,-0.007406,0.007214,2.126901,0.917212,171.051991,0.000000,0.000000,171.051991,2.126901,0.917212,0.000000,9.806600,0.000000,0.000000,0.000000,0.720000,0.720000,1.610980,0.000000,0.000000,0.000000,0.000000,9.796550,0.000308,0.000076,0.000152,0.000000,0.000000,0.000000
1788402339715563221,51.035656,-1,-1.011713,0.845206,-3.301208,-1.011713,0.845206,-3.301208,0.000000,0.000000,0.000000,0.000000,0.003893,-0.007342,0.007187,2.126728,0.917222,171.052039,0.000000,0.000000,171.052039,2.126728,0.917222,0.000000,9.806600,0.000000,0.000000,0.000000,0.720000,0.720000,1.610980,0.000000,0.000000,0.000000,0.000000,9.785789,0.000233,0.000031,0.000649,0.000000,0.000000,0.000000
1788402339748589079,51.068682,-1,-1.011714,0.845244,-3.301163,-1.011714,0.845244,-3.301163,0.000000,0.000000,0.000000,0.000000,0.003834,-0.007316,0.007213,2.126387,0.916601,171.052189,0.000000,0.000000,171.052189,2.126387,0.916601,0.000000,9.806600,0.000000,0.000000,0.000000,0.720000,0.720000,1.610980,0.000000,0.000000,0.000000,0.000000,9.792678,0.000238,0.000278,-0.000207,0.000000,0.000000,0.000000
1788402339781587910,51.101681,-1,-1.011715,0.845235,-3.301178,-1.011715,0.845235,-3.301178,0.000000,0.000000,0.000000,0.000000,0.003959,-0.007368,0.007260,2.126269,0.916569,171.052580,0.000000,0.000000,171.052580,2.126269,0.916569,0.000000,9.806600,0.000000,0.000000,0.000000,0.720000,0.720000,1.610980,0.000000,0.000000,0.000000,0.000000,9.792243,0.000171,0.000088,-0.000650,0.000000,0.000000,0.000000
1788402339814613385,51.134706,-1,-1.011722,0.845221,-3.301208,-1.011722,0.845221,-3.301208,0.000000,0.000000,0.000000,0.000000,0.004099,-0.007371,0.007199,2.126612,0.916296,171.051676,0.000000,0.000000,171.051676,2.126612,0.916296,0.000000,9.806600,0.000000,0.000000,0.000000,0.720000,0.720000,1.610980,0.000000,0.000000,0.000000,0.000000,9.796895,0.000146,0.000510,-0.000229,0.000000,0.000000,0.000000
1788402339847628419,51.167721,-1,-1.011749,0.845244,-3.301208,-1.011749,0.845244,-3.301208,0.000000,0.000000,0.000000,0.000000,0.004146,-0.007452,0.007131,2.126637,0.917212,171.051700,0.000000,0.000000,171.051700,2.126637,0.917212,0.000000,9.806600,0.000000,0.000000,0.000000,0.720000,0.720000,1.610980,0.000000,0.000000,0.000000,0.000000,9.805680,0.000716,0.000257,-0.000615,0.000000,0.000000,0.000000
1788402339880684988,51.200778,-1,-1.011733,0.845191,-3.301270,-1.011733,0.845191,-3.301270,0.000000,0.000000,0.000000,0.000000,0.004113,-0.007410,0.007073,2.126825,0.916852,171.051601,0.000000,0.000000,171.051601,2.126825,0.916852,0.000000,9.806600,0.000000,0.000000,0.000000,0.720000,0.720000,1.610980,0.000000,0.000000,0.000000,0.000000,9.804076,0.000452,-0.000211,0.000119,0.000000,0.000000,0.000000
1788402339913709886,51.233803,-1,-1.011727,0.845168,-3.301270,-1.011727,0.845168,-3.301270,0.000000,0.000000,0.000000,0.000000,0.004013,-0.007455,0.007090,2.127353,0.916782,171.051506,0.000000,0.000000,171.051506,2.127353,0.916782,0.000000,9.806600,0.000000,0.000000,0.000000,0.720000,0.720000,1.610980,0.000000,0.000000,0.000000,0.000000,9.806102,-0.000021,0.000222,-0.000700,0.000000,0.000000,0.000000
1788402339946715698,51.266808,-1,-1.011731,0.845170,-3.301208,-1.011731,0.845170,-3.301208,0.000000,0.000000,0.000000,0.000000,0.004052,-0.007487,0.007122,2.127082,0.915864,171.051413,0.000000,0.000000,171.051413,2.127082,0.915864,0.000000,9.806600,0.000000,0.000000,0.000000,0.720000,0.720000,1.610980,0.000000,0.000000,0.000000,0.000000,9.798306,0.000041,-0.000548,0.000204,0.000000,0.000000,0.000000
1788402339979751100,51.299844,-1,-1.011696,0.845203,-3.301178,-1.011696,0.845203,-3.301178,0.000000,0.000000,0.000000,0.000000,0.004046,-0.007472,0.007082,2.127119,0.915617,171.051155,0.000000,0.000000,171.051155,2.127119,0.915617,0.000000,9.806600,0.000000,0.000000,0.000000,0.720000,0.720000,1.610980,0.000000,0.000000,0.000000,0.000000,9.801796,-0.000062,0.000113,0.000153,0.000000,0.000000,0.000000
1788402340013936502,51.334029,-1,-1.011669,0.845254,-3.301193,-1.011669,0.845254,-3.301193,0.000000,0.000000,0.000000,0.000000,0.004041,-0.007633,0.007005,2.127145,0.915682,171.051509,0.000000,0.000000,171.051509,2.127145,0.915682,0.000000,9.806600,0.000000,0.000000,0.000000,0.720000,0.720000,1.610980,0.000000,0.000000,0.000000,0.000000,9.808549,0.000770,-0.000351,0.000017,0.000000,0.000000,0.000000
1788402340045794266,51.365887,-1,-1.011654,0.845327,-3.301178,-1.011654,0.845327,-3.301178,0.000000,0.000000,0.000000,0.000000,0.004004,-0.007612,0.007013,2.126868,0.915905,171.051765,0.000000,0.000000,171.051765,2.126868,0.915905,0.000000,9.806600,0.000000,0.000000,0.000000,0.720000,0.720000,1.610980,0.000000,0.000000,0.000000,0.000000,9.793274,0.000129,-0.000545,-0.000363,0.000000,0.000000,0.000000
1788402340078817580,51.398910,-1,-1.011602,0.845446,-3.301178,-1.011602,0.845446,-3.301178,0.000000,0.000000,0.000000,0.000000,0.003942,-0.007664,0.007130,2.127281,0.914962,171.051939,0.000000,0.000000,171.051939,2.127281,0.914962,0.000000,9.806600,0.000000,0.000000,0.000000,0.720000,0.720000,1.610980,0.000000,0.000000,0.000000,0.000000,9.799302,-0.000086,-0.000754,-0.000023,0.000000,0.000000,0.000000
1788402340111813001,51.431906,-1,-1.011567,0.845553,-3.301163,-1.011567,0.845553,-3.301163,0.000000,0.000000,0.000000,0.000000,0.004010,-0.007670,0.007191,2.127486,0.914432,171.051937,0.000000,0.000000,171.051937,2.127486,0.914432,0.000000,9.806600,0.000000,0.000000,0.000000,0.720000,0.720000,1.610980,0.000000,0.000000,0.000000,0.000000,9.798987,-0.000352,-0.000859,-0.000246,0.000000,0.000000,0.000000
1788402340144977725,51.465070,-1,-1.011544,0.845682,-3.301117,-1.011544,0.845682,-3.301117,0.000000,0.000000,0.000000,0.000000,0.003991,-0.007829,0.007032,2.127769,0.913771,171.051118,0.000000,0.000000,171.051118,2.127769,0.913771,0.000000,9.806600,0.000000,0.000000,0.000000,0.720000,0.720000,1.610980,0.000000,0.000000,0.000000,0.000000,9.798123,0.000279,-0.000613,-0.000783,0.000000,0.000000,0.000000
1788402340178293210,51.498386,-1,-1.011506,0.845797,-3.301102,-1.011506,0.845797,-3.301102,0.000000,0.000000,0.000000,0.000000,0.003944,-0.007858,0.007067,2.128198,0.913880,171.050638,0.000000,0.000000,171.050638,2.128198,0.913880,0.000000,9.806600,0.000000,0.000000,0.000000,0.720000,0.720000,1.610980,0.000000,0.000000,0.000000,0.000000,9.804311,0.000400,-0.000033,-0.000783,0.000000,0.000000,0.000000
1788402340210874967,51.530968,-1,-1.011476,0.845847,-3.301086,-1.011476,0.845847,-3.301086,0.000000,0.000000,0.000000,0.000000,0.003968,-0.007916,0.007051,2.128711,0.914253,171.049988,0.000000,0.000000,171.049988,2.128711,0.914253,0.000000,9.806600,0.000000,0.000000,0.000000,0.720000,0.720000,1.610980,0.000000,0.000000,0.000000,0.000000,9.796367,-0.000556,-0.000127,0.000280,0.000000,0.000000,0.000000
1788402340243917333,51.564010,-1,-1.011457,0.845921,-3.301071,-1.011457,0.845921,-3.301071,0.000000,0.000000,0.000000,0.000000,0.003978,-0.007912,0.007011,2.129719,0.915107,171.050019,0.000000,0.000000,171.050019,2.129719,0.915107,0.000000,9.806600,0.000000,0.000000,0.000000,0.720000,0.720000,1.610980,0.000000,0.000000,0.000000,0.000000,9.810070,0.000276,-0.000684,0.000236,0.000000,0.000000,0.000000
1788402340276955345,51.597048,-1,-1.011425,0.845962,-3.301086,-1.011425,0.845962,-3.301086,0.000000,0.000000,0.000000,0.000000,0.003905,-0.007953,0.006987,2.129891,0.914487,171.050514,0.000000,0.000000,171.050514,2.129891,0.914487,0.000000,9.806600,0.000000,0.000000,0.000000,0.720000,0.720000,1.610980,0.000000,0.000000,0.000000,0.000000,9.804708,0.000311,-0.000138,0.000258,0.000000,0.000000,0.000000
1788402340309957235,51.630050,-1,-1.011403,0.845999,-3.301086,-1.011403,0.845999,-3.301086,0.000000,0.000000,0.000000,0.000000,0.003694,-0.008077,0.007126,2.130080,0.914140,171.050645,0.000000,0.000000,171.050645,2.130080,0.914140,0.000000,9.806600,0.000000,0.000000,0.000000,0.720000,0.720000,1.610980,0.000000,0.000000,0.000000,0.000000,9.800204,0.000875,-0.000072,-0.000064,0.000000,0.000000,0.000000
1788402340343016989,51.663110,-1,-1.011388,0.846061,-3.301071,-1.011388,0.846061,-3.301071,0.000000,0.000000,0.000000,0.000000,0.003668,-0.008099,0.007144,2.131266,0.914311,171.049956,0.000000,0.000000,171.049956,2.131266,0.914311,0.000000,9.806600,0.000000,0.000000,0.000000,0.720000,0.720000,1.610980,0.000000,0.000000,0.000000,0.000000,9.805690,-0.000655,-0.000121,-0.000119,0.000000,0.000000,0.000000
1788402340376026021,51.696119,-1,-1.011353,0.846079,-3.301056,-1.011353,0.846079,-3.301056,0.000000,0.000000,0.000000,0.000000,0.003851,-0.008333,0.007245,2.130314,0.914178,171.049903,0.000000,0.000000,171.049903,2.130314,0.914178,0.000000,9.806600,0.000000,0.000000,0.000000,0.720000,0.720000,1.610980,0.000000,0.000000,0.000000,0.000000,9.810574,-0.000063,0.001008,0.000012,0.000000,0.000000,0.000000
1788402340409021346,51.729114,-1,-1.011335,0.846104,-3.301071,-1.011335,0.846104,-3.301071,0.000000,0.000000,0.000000,0.000000,0.003903,-0.008338,0.007155,2.129919,0.914610,171.049196,0.000000,0.000000,171.049196,2.129919,0.914610,0.000000,9.806600,0.000000,0.000000,0.000000,0.720000,0.720000,1.610980,0.000000,0.000000,0.000000,0.000000,9.799493,-0.000162,0.000405,0.000030,0.000000,0.000000,0.000000
1788402340442061919,51.762155,-1,-1.011326,0.846156,-3.301071,-1.011326,0.846156,-3.301071,0.000000,0.000000,0.000000,0.000000,0.003865,-0.008403,0.007237,2.129481,0.915218,171.049032,0.000000,0.000000,171.049032,2.129481,0.915218,0.000000,9.806600,0.000000,0.000000,0.000000,0.720000,0.720000,1.610980,0.000000,0.000000,0.000000,0.000000,9.802508,-0.000009,0.000247,0.000017,0.000000,0.000000,0.000000
1788402340475092053,51.795185,-1,-1.011290,0.846123,-3.301117,-1.011290,0.846123,-3.301117,0.000000,0.000000,0.000000,0.000000,0.003673,-0.008389,0.007117,2.129089,0.914796,171.049038,0.000000,0.000000,171.049038,2.129089,0.914796,0.000000,9.806600,0.000000,0.000000,0.000000,0.720000,0.720000,1.610980,0.000000,0.000000,0.000000,0.000000,9.791597,-0.000209,-0.000433,0.000144,0.000000,0.000000,0.000000
1788402340508088724,51.828181,-1,-1.011266,0.846098,-3.301163,-1.011266,0.846098,-3.301163,0.000000,0.000000,0.000000,0.000000,0.003709,-0.008328,0.007098,2.129047,0.913972,171.049570,0.000000,0.000000,171.049570,2.129047,0.913972,0.000000,9.806600,0.000000,0.000000,0.000000,0.720000,0.720000,1.610980,0.000000,0.000000,0.000000,0.000000,9.799444,-0.000105,-0.000111,-0.000044,0.000000,0.000000,0.000000
1788402340541148350,51.861241,-1,-1.011253,0.846101,-3.301178,-1.011253,0.846101,-3.301178,0.000000,0.000000,0.000000,0.000000,0.003711,-0.008267,0.007124,2.128756,0.913361,171.049744,0.000000,0.000000,171.049744,2.128756,0.913361,0.000000,9.806600,0.000000,0.000000,0.000000,0.720000,0.720000,1.610980,0.000000,0.000000,0.000000,0.000000,9.795210,0.000713,-0.000358,-0.000069,0.000000,0.000000,0.000000
1788402340574209354,51.894302,-1,-1.011232,0.846038,-3.301254,-1.011232,0.846038,-3.301254,0.000000,0.000000,0.000000,0.000000,0.003809,-0.008146,0.007065,2.129364,0.913337,171.049374,0.000000,0.000000,171.049374,2.129364,0.913337,0.000000,9.806600,0.000000,0.000000,0.000000,0.720000,0.720000,1.610980,0.000000,0.000000,0.000000,0.000000,9.803482,0.000059,-0.000415,-0.000316,0.000000,0.000000,0.000000
1788402340607189917,51.927283,-1,-1.011226,0.846002,-3.301315,-1.011226,0.846002,-3.301315,0.000000,0.000000,0.000000,0.000000,0.003756,-0.008102,0.007084,2.128821,0.913529,171.049584,0.000000,0.000000,171.049584,2.128821,0.913529,0.000000,9.806600,0.000000,0.000000,0.000000,0.720000,0.720000,1.610980,0.000000,0.000000,0.000000,0.000000,9.802418,-0.000175,-0.000034,-0.000195,0.000000,0.000000,0.000000
1788402340640218770,51.960311,-1,-1.011228,0.845990,-3.301346,-1.011228,0.845990,-3.301346,0.000000,0.000000,0.000000,0.000000,0.003761,-0.007945,0.007134,2.129228,0.914056,171.049018,0.000000,0.000000,171.049018,2.129228,0.914056,0.000000,9.806600,0.000000,0.000000,0.000000,0.720000,0.720000,1.610980,0.000000,0.000000,0.000000,0.000000,9.804944,0.000150,-0.000263,-0.000496,0.000000,0.000000,0.000000
1788402340673241218,51.993334,-1,-1.011225,0.845949,-3.301422,-1.011225,0.845949,-3.301422,0.000000,0.000000,0.000000,0.000000,0.003650,-0.007916,0.007190,2.129388,0.913414,171.048415,0.000000,0.000000,171.048415,2.129388,0.913414,0.000000,9.806600,0.000000,0.000000,0.000000,0.720000,0.720000,1.610980,0.000000,0.000000,0.000000,0.000000,9.803760,0.000024,-0.000373,-0.000622,0.000000,0.000000,0.000000
1788402340706264339,52.026357,-1,-1.011219,0.845904,-3.301498,-1.011219,0.845904,-3.301498,0.000000,0.000000,0.000000,0.000000,0.003618,-0.007918,0.007257,2.129151,0.913004,171.048092,0.000000,0.000000,171.048092,2.129151,0.913004,0.000000,9.806600,0.000000,0.000000,0.000000,0.720000,0.720000,1.610980,0.000000,0.000000,0.000000,0.000000,9.811894,-0.000266,-0.000289,0.000080,0.000000,0.000000,0.000000
1788402340739282689,52.059375,-1,-1.011222,0.845891,-3.301529,-1.011222,0.845891,-3.301529,0.000000,0.000000,0.000000,0.000000,0.003634,-0.007958,0.007180,2.129013,0.912232,171.048179,0.000000,0.000000,171.048179,2.129013,0.912232,0.000000,9.806600,0.000000,0.000000,0.000000,0.720000,0.720000,1.610980,0.000000,0.000000,0.000000,0.000000,9.802436,-0.000258,-0.000784,0.000204,0.000000,0.000000,0.000000
1788402340772302256,52.092395,-1,-1.011210,0.845803,-3.301605,-1.011210,0.845803,-3.301605,0.000000,0.000000,0.000000,0.000000,0.003737,-0.007828,0.007147,2.128628,0.911555,171.048698,0.000000,0.000000,171.048698,2.128628,0.911555,0.000000,9.806600,0.000000,0.000000,0.000000,0.720000,0.720000,1.610980,0.000000,0.000000,0.000000,0.000000,9.796687,0.000844,0.000429,-0.000524,0.000000,0.000000,0.000000
1788402340805919551,52.126012,-1,-1.011206,0.845745,-3.301620,-1.011206,0.845745,-3.301620,0.000000,0.000000,0.000000,0.000000,0.003707,-0.007804,0.007099,2.129361,0.912281,171.048719,0.000000,0.000000,171.048719,2.129361,0.912281,0.000000,9.806600,0.000000,0.000000,0.000000,0.720000,0.720000,1.610980,0.000000,0.000000,0.000000,0.000000,9.798097,0.000466,0.000108,-0.000299,0.000000,0.000000,0.000000
1788402340838350003,52.158443,-1,-1.011209,0.845718,-3.301636,-1.011209,0.845718,-3.301636,0.000000,0.000000,0.000000,0.000000,0.003707,-0.007851,0.007131,2.129317,0.912430,171.049153,0.000000,0.000000,171.049153,2.129317,0.912430,0.000000,9.806600,0.000000,0.000000,0.000000,0.720000,0.720000,1.610980,0.000000,0.000000,0.000000,0.000000,9.789339,0.000327,0.000297,-0.000135,0.000000,0.000000,0.000000
1788402340871378696,52.191471,-1,-1.011208,0.845657,-3.301758,-1.011208,0.845657,-3.301758,0.000000,0.000000,0.000000,0.000000,0.003614,-0.007860,0.006986,2.129082,0.913204,171.049309,0.000000,0.000000,171.049309,2.129082,0.913204,0.000000,9.806600,0.000000,0.000000,0.000000,0.720000,0.720000,1.610980,0.000000,0.000000,0.000000,0.000000,9.796209,-0.000131,-0.000577,0.000462,0.000000,0.000000,0.000000
1788402340904424616,52.224517,-1,-1.011210,0.845629,-3.301834,-1.011210,0.845629,-3.301834,0.000000,0.000000,0.000000,0.000000,0.003537,-0.007826,0.006888,2.128734,0.913010,171.049630,0.000000,0.000000,171.049630,2.128734,0.913010,0.000000,9.806600,0.000000,0.000000,0.000000,0.720000,0.720000,1.610980,0.000000,0.000000,0.000000,0.000000,9.804027,0.000401,-0.000405,-0.000442,0.000000,0.000000,0.000000
1788402340937413025,52.257506,-1,-1.011218,0.845629,-3.301880,-1.011218,0.845629,-3.301880,0.000000,0.000000,0.000000,0.000000,0.003524,-0.007768,0.006809,2.128628,0.913397,171.049888,0.000000,0.000000,171.049888,2.128628,0.913397,0.000000,9.806600,0.000000,0.000000,0.000000,0.720000,0.720000,1.610980,0.000000,0.000000,0.000000,0.000000,9.799483,-0.000433,0.001000,-0.000107,0.000000,0.000000,0.000000
1788402340970438996,52.290532,-1,-1.011234,0.845594,-3.301956,-1.011234,0.845594,-3.301956,0.000000,0.000000,0.000000,0.000000,0.003458,-0.007725,0.006775,2.128281,0.914537,171.050398,0.000000,0.000000,171.050398,2.128281,0.914537,0.000000,9.806600,0.000000,0.000000,0.000000,0.720000,0.720000,1.610980,0.000000,0.000000,0.000000,0.000000,9.810243,0.000014,0.000509,0.000767,0.000000,0.000000,0.000000
1788402341003451134,52.323544,-1,-1.011252,0.845581,-3.301987,-1.011252,0.845581,-3.301987,0.000000,0.000000,0.000000,0.000000,0.003453,-0.007719,0.006752,2.128115,0.915071,171.050784,0.000000,0.000000,171.050784,2.128115,0.915071,0.000000,9.806600,0.000000,0.000000,0.000000,0.720000,0.720000,1.610980,0.000000,0.000000,0.000000,0.000000,9.797019,-0.000169,0.000358,-0.000300,0.000000,0.000000,0.000000
1788402341036449164,52.356542,-1,-1.011274,0.845595,-3.302002,-1.011274,0.845595,-3.302002,0.000000,0.000000,0.000000,0.000000,0.003319,-0.007683,0.006738,2.128440,0.914678,171.050740,0.000000,0.000000,171.050740,2.128440,0.914678,0.000000,9.806600,0.000000,0.000000,0.000000,0.720000,0.720000,1.610980,0.000000,0.000000,0.000000,0.000000,9.796423,0.000147,-0.000683,-0.000341,0.000000,0.000000,0.000000
1788402341069487737,52.389580,-1,-1.011289,0.845602,-3.302094,-1.011289,0.845602,-3.302094,0.000000,0.000000,0.000000,0.000000,0.003277,-0.007814,0.006626,2.128522,0.914314,171.050447,0.000000,0.000000,171.050447,2.128522,0.914314,0.000000,9.806600,0.000000,0.000000,0.000000,0.720000,0.720000,1.610980,0.000000,0.000000,0.000000,0.000000,9.795368,-0.000098,0.000488,-0.000195,0.000000,0.000000,0.000000
1788402341102536941,52.422630,-1,-1.011313,0.845634,-3.302246,-1.011313,0.845634,-3.302246,0.000000,0.000000,0.000000,0.000000,0.003293,-0.007762,0.006507,2.128481,0.914191,171.050777,0.000000,0.000000,171.050777,2.128481,0.914191,0.000000,9.806600,0.000000,0.000000,0.000000,0.720000,0.720000,1.610980,0.000000,0.000000,0.000000,0.000000,9.798335,0.000202,-0.000327,0.000756,0.000000,0.000000,0.000000
1788402341135565652,52.455658,-1,-1.011339,0.845688,-3.302292,-1.011339,0.845688,-3.302292,0.000000,0.000000,0.000000,0.000000,0.003411,-0.007835,0.006505,2.129213,0.914401,171.050945,0.000000,0.000000,171.050945,2.129213,0.914401,0.000000,9.806600,0.000000,0.000000,0.000000,0.720000,0.720000,1.610980,0.000000,0.000000,0.000000,0.000000,9.802029,-0.000166,-0.000660,-0.000522,0.000000,0.000000,0.000000
1788402341168568873,52.488662,-1,-1.011375,0.845715,-3.302460,-1.011375,0.845715,-3.302460,0.000000,0.000000,0.000000,0.000000,0.003310,-0.007765,0.006519,2.129729,0.914272,171.050493,0.000000,0.000000,171.050493,2.129729,0.914272,0.000000,9.806600,0.000000,0.000000,0.000000,0.720000,0.720000,1.610980,0.000000,0.000000,0.000000,0.000000,9.793397,-0.000755,-0.000185,-0.000543,0.000000,0.000000,0.000000
1788402341201592012,52.521685,-1,-1.011400,0.845709,-3.302673,-1.011400,0.845709,-3.302673,0.000000,0.000000,0.000000,0.000000,0.003221,-0.007837,0.006429,2.128985,0.914216,171.050038,0.000000,0.000000,171.050038,2.128985,0.914216,0.000000,9.806600,0.000000,0.000000,0.000000,0.720000,0.720000,1.610980,0.000000,0.000000,0.000000,0.000000,9.795549,-0.000252,0.000521,-0.000068,0.000000,0.000000,0.000000
1788402341234597507,52.554690,-1,-1.011427,0.845731,-3.302841,-1.011427,0.845731,-3.302841,0.000000,0.000000,0.000000,0.000000,0.003129,-0.007817,0.006529,2.128543,0.914609,171.049902,0.000000,0.000000,171.049902,2.128543,0.914609,0.000000,9.806600,0.000000,0.000000,0.000000,0.720000,0.720000,1.610980,0.000000,0.000000,0.000000,0.000000,9.808256,0.000430,0.000367,-0.000739,0.000000,0.000000,0.000000
1788402341267643669,52.587736,-1,-1.011463,0.845713,-3.303116,-1.011463,0.845713,-3.303116,0.000000,0.000000,0.000000,0.000000,0.003256,-0.007776,0.006533,2.129002,0.914662,171.048785,0.000000,0.000000,171.048785,2.129002,0.914662,0.000000,9.806600,0.000000,0.000000,0.000000,0.720000,0.720000,1.610980,0.000000,0.000000,0.000000,0.000000,9.802637,0.000263,0.000230,-0.000507,0.000000,0.000000,0.000000
1788402341300668345,52.620761,-1,-1.011522,0.845692,-3.303497,-1.011522,0.845692,-3.303497,0.000000,0.000000,0.000000,0.000000,0.003315,-0.007678,0.006523,2.129080,0.914559,171.048387,0.000000,0.000000,171.048387,2.129080,0.914559,0.000000,9.806600,0.000000,0.000000,0.000000,0.720000,0.720000,1.610980,0.000000,0.000000,0.000000,0.000000,9.809232,0.000289,0.000573,0.000101,0.000000,0.000000,0.000000
1788402341333721135,52.653814,-1,-1.011571,0.845709,-3.303741,-1.011571,0.845709,-3.303741,0.000000,0.000000,0.000000,0.000000,0.003260,-0.007708,0.006351,2.129760,0.915230,171.048497,0.000000,0.000000,171.048497,2.129760,0.915230,0.000000,9.806600,0.000000,0.000000,0.000000,0.720000,0.720000,1.610980,0.000000,0.000000,0.000000,0.000000,9.799186,0.001112,0.000159,0.000057,0.000000,0.000000,0.000000
1788402341366694385,52.686787,-1,-1.011636,0.845676,-3.304199,-1.011636,0.845676,-3.304199,0.000000,0.000000,0.000000,0.000000,0.003353,-0.007642,0.006418,2.130988,0.915202,171.047354,0.000000,0.000000,171.047354,2.130988,0.915202,0.000000,9.806600,0.000000,0.000000,0.000000,0.720000,0.720000,1.610980,0.000000,0.000000,0.000000,0.000000,9.809268,0.000006,0.000024,-0.000451,0.000000,0.000000,0.000000
1788402341399716275,52.719809,-1,-1.011692,0.845664,-3.304520,-1.011692,0.845664,-3.304520,0.000000,0.000000,0.000000,0.000000,0.003510,-0.007755,0.006390,2.130786,0.915034,171.047071,0.000000,0.000000,171.047071,2.130786,0.915034,0.000000,9.806600,0.000000,0.000000,0.000000,0.720000,0.720000,1.610980,0.000000,0.000000,0.000000,0.000000,9.790244,0.000523,0.000205,0.000281,0.000000,0.000000,0.000000
1788402341432756705,52.752849,-1,-1.011755,0.845683,-3.304794,-1.011755,0.845683,-3.304794,0.000000,0.000000,0.000000,0.000000,0.003648,-0.007789,0.006271,2.131301,0.915158,171.046863,0.000000,0.000000,171.046863,2.131301,0.915158,0.000000,9.806600,0.000000,0.000000,0.000000,0.720000,0.720000,1.610980,0.000000,0.000000,0.000000,0.000000,9.804528,-0.000860,0.000181,-0.000434,0.000000,0.000000,0.000000
1788402341465782758,52.785875,-1,-1.011827,0.845617,-3.305298,-1.011827,0.845617,-3.305298,0.000000,0.000000,0.000000,0.000000,0.003671,-0.007828,0.006187,2.130615,0.915810,171.046069,0.000000,0.000000,171.046069,2.130615,0.915810,0.000000,9.806600,0.000000,0.000000,0.000000,0.720000,0.720000,1.610980,0.000000,0.000000,0.000000,0.000000,9.801080,0.000158,0.000988,0.000017,0.000000,0.000000,0.000000
1788402341498794337,52.818887,-1,-1.011881,0.845575,-3.305664,-1.011881,0.845575,-3.305664,0.000000,0.000000,0.000000,0.000000,0.003647,-0.007894,0.006090,2.130691,0.916633,171.046357,0.000000,0.000000,171.046357,2.130691,0.916633,0.000000,9.806600,0.000000,0.000000,0.000000,0.720000,0.720000,1.610980,0.000000,0.000000,0.000000,0.000000,9.806573,0.000050,0.000636,-0.000259,0.000000,0.000000,0.000000
1788402341531792467,52.851885,-1,-1.011935,0.845566,-3.305969,-1.011935,0.845566,-3.305969,0.000000,0.000000,0.000000,0.000000,0.003474,-0.007978,0.006139,2.131426,0.917734,171.046317,0.000000,0.000000,171.046317,2.131426,0.917734,0.000000,9.806600,0.000000,0.000000,0.000000,0.720000,0.720000,1.610980,0.000000,0.000000,0.000000,0.000000,9.793258,-0.000406,-0.000589,-0.000188,0.000000,0.000000,0.000000
1788402341564841767,52.884934,-1,-1.011994,0.845515,-3.306381,-1.011994,0.845515,-3.306381,0.000000,0.000000,0.000000,0.000000,0.003333,-0.007999,0.005914,2.131479,0.916540,171.046380,0.000000,0.000000,171.046380,2.131479,0.916540,0.000000,9.806600,0.000000,0.000000,0.000000,0.720000,0.720000,1.610980,0.000000,0.000000,0.000000,0.000000,9.788518,0.000010,-0.000865,-0.000173,0.000000,0.000000,0.000000
1788402341597864650,52.917957,-1,-1.012080,0.845454,-3.306946,-1.012080,0.845454,-3.306946,0.000000,0.000000,0.000000,0.000000,0.003481,-0.008015,0.005747,2.131434,0.915595,171.046348,0.000000,0.000000,171.046348,2.131434,0.915595,0.000000,9.806600,0.000000,0.000000,0.000000,0.720000,0.720000,1.610980,0.000000,0.000000,0.000000,0.000000,9.804957,0.000005,-0.001169,-0.000501,0.000000,0.000000,0.000000
1788402341630868255,52.950961,-1,-1.012151,0.845446,-3.307297,-1.012151,0.845446,-3.307297,0.000000,0.000000,0.000000,0.000000,0.003561,-0.007966,0.005812,2.131142,0.913294,171.046341,0.000000,0.000000,171.046341,2.131142,0.913294,0.000000,9.806600,0.000000,0.000000,0.000000,0.720000,0.720000,1.610980,0.000000,0.000000,0.000000,0.000000,9.805196,-0.000129,0.000861,0.000584,0.000000,0.000000,0.000000
1788402341663892675,52.983985,-1,-1.012233,0.845428,-3.307648,-1.012233,0.845428,-3.307648,0.000000,0.000000,0.000000,0.000000,0.003736,-0.007902,0.005810,2.130595,0.914287,171.046968,0.000000,0.000000,171.046968,2.130595,0.914287,0.000000,9.806600,0.000000,0.000000,0.000000,0.720000,0.720000,1.610980,0.000000,0.000000,0.000000,0.000000,9.802014,-0.000196,0.001003,0.000499,0.000000,0.000000,0.000000
1788402341696930255,53.017023,-1,-1.012363,0.845361,-3.308243,-1.012363,0.845361,-3.308243,0.000000,0.000000,0.000000,0.000000,0.003754,-0.008104,0.005793,2.130576,0.915284,171.047873,0.000000,0.000000,171.047873,2.130576,0.915284,0.000000,9.806600,0.000000,0.000000,0.000000,0.720000,0.720000,1.610980,0.000000,0.000000,0.000000,0.000000,9.798455,-0.000172,0.000917,-0.000451,0.000000,0.000000,0.000000
1788402341729918491,53.050011,-1,-1.012457,0.845351,-3.308640,-1.012457,0.845351,-3.308640,0.000000,0.000000,0.000000,0.000000,0.003569,-0.008212,0.005693,2.130833,0.915738,171.047100,0.000000,0.000000,171.047100,2.130833,0.915738,0.000000,9.806600,0.000000,0.000000,0.000000,0.720000,0.720000,1.610980,0.000000,0.000000,0.000000,0.000000,9.806688,0.000476,-0.000071,-0.000355,0.000000,0.000000,0.000000
1788402341762978006,53.083071,-1,-1.012527,0.845312,-3.309113,-1.012527,0.845312,-3.309113,0.000000,0.000000,0.000000,0.000000,0.003467,-0.008151,0.005554,2.131021,0.915256,171.046625,0.000000,0.000000,171.046625,2.131021,0.915256,0.000000,9.806600,0.000000,0.000000,0.000000,0.720000,0.720000,1.610980,0.000000,0.000000,0.000000,0.000000,9.797604,-0.000122,-0.000559,-0.000358,0.000000,0.000000,0.000000
1788402341796017219,53.116110,-1,-1.012615,0.845271,-3.309723,-1.012615,0.845271,-3.309723,0.000000,0.000000,0.000000,0.000000,0.003671,-0.008215,0.005522,2.130892,0.913377,171.047098,0.000000,0.000000,171.047098,2.130892,0.913377,0.000000,9.806600,0.000000,0.000000,0.000000,0.720000,0.720000,1.610980,0.000000,0.000000,0.000000,0.000000,9.808406,0.000026,-0.000835,-0.000092,0.000000,0.000000,0.000000
1788402341828975419,53.149068,-1,-1.012691,0.845280,-3.310089,-1.012691,0.845280,-3.310089,0.000000,0.000000,0.000000,0.000000,0.003987,-0.008257,0.005431,2.130687,0.913301,171.046644,0.000000,0.000000,171.046644,2.130687,0.913301,0.000000,9.806600,0.000000,0.000000,0.000000,0.720000,0.720000,1.610980,0.000000,0.000000,0.000000,0.000000,9.799411,0.000006,0.000541,-0.000432,0.000000,0.000000,0.000000
1788402341862051297,53.182144,-1,-1.012758,0.845220,-3.310516,-1.012758,0.845220,-3.310516,0.000000,0.000000,0.000000,0.000000,0.004004,-0.008324,0.005345,2.130654,0.914419,171.045687,0.000000,0.000000,171.045687,2.130654,0.914419,0.000000,9.806600,0.000000,0.000000,0.000000,0.720000,0.720000,1.610980,0.000000,0.000000,0.000000,0.000000,9.802763,-0.000015,0.000952,-0.000663,0.000000,0.000000,0.000000
1788402341895079239,53.215172,-1,-1.012837,0.845131,-3.311035,-1.012837,0.845131,-3.311035,0.000000,0.000000,0.000000,0.000000,0.003705,-0.008347,0.005174,2.130413,0.915393,171.045610,0.000000,0.000000,171.045610,2.130413,0.915393,0.000000,9.806600,0.000000,0.000000,0.000000,0.720000,0.720000,1.610980,0.000000,0.000000,0.000000,0.000000,9.803911,-0.000100,-0.000277,-0.000116,0.000000,0.000000,0.000000
1788402341928056459,53.248149,-1,-1.012894,0.845103,-3.311340,-1.012894,0.845103,-3.311340,0.000000,0.000000,0.000000,0.000000,0.003658,-0.008326,0.005122,2.130210,0.915135,171.046326,0.000000,0.000000,171.046326,2.130210,0.915135,0.000000,9.806600,0.000000,0.000000,0.000000,0.720000,0.720000,1.610980,0.000000,0.000000,0.000000,0.000000,9.800589,0.000295,0.000126,-0.000207,0.000000,0.000000,0.000000
1788402341961101180,53.281194,-1,-1.012940,0.845039,-3.311722,-1.012940,0.845039,-3.311722,0.000000,0.000000,0.000000,0.000000,0.003665,-0.008294,0.005126,2.130447,0.914652,171.046644,0.000000,0.000000,171.046644,2.130447,0.914652,0.000000,9.806600,0.000000,0.000000,0.000000,0.720000,0.720000,1.610980,0.000000,0.000000,0.000000,0.000000,9.804049,-0.000211,-0.000749,-0.000317,0.000000,0.000000,0.000000
1788402341994129858,53.314223,-1,-1.012999,0.844962,-3.312256,-1.012999,0.844962,-3.312256,0.000000,0.000000,0.000000,0.000000,0.003633,-0.008208,0.004888,2.130182,0.913832,171.045520,0.000000,0.000000,171.045520,2.130182,0.913832,0.000000,9.806600,0.000000,0.000000,0.000000,0.720000,0.720000,1.610980,0.000000,0.000000,0.000000,0.000000,9.793204,0.000065,0.000171,-0.000188,0.000000,0.000000,0.000000
1788402342027117470,53.347210,-1,-1.013047,0.844940,-3.312592,-1.013047,0.844940,-3.312592,0.000000,0.000000,0.000000,0.000000,0.003642,-0.008208,0.004681,2.130448,0.914457,171.045934,0.000000,0.000000,171.045934,2.130448,0.914457,0.000000,9.806600,0.000000,0.000000,0.000000,0.720000,0.720000,1.610980,0.000000,0.000000,0.000000,0.000000,9.803988,0.000728,0.000889,0.000432,0.000000,0.000000,0.000000
1788402342060220166,53.380313,-1,-1.013088,0.844899,-3.313034,-1.013088,0.844899,-3.313034,0.000000,0.000000,0.000000,0.000000,0.003618,-0.008324,0.004677,2.131232,0.915475,171.046765,0.000000,0.000000,171.046765,2.131232,0.915475,0.000000,9.806600,0.000000,0.000000,0.000000,0.720000,0.720000,1.610980,0.000000,0.000000,0.000000,0.000000,9.793638,0.000352,0.000313,-0.000284,0.000000,0.000000,0.000000
1788402342093168523,53.413261,-1,-1.013137,0.844864,-3.313629,-1.013137,0.844864,-3.313629,0.000000,0.000000,0.000000,0.000000,0.003546,-0.008316,0.004539,2.131071,0.916216,171.046746,0.000000,0.000000,171.046746,2.131071,0.916216,0.000000,9.806600,0.000000,0.000000,0.000000,0.720000,0.720000,1.610980,0.000000,0.000000,0.000000,0.000000,9.799294,-0.000066,-0.000302,0.000217,0.000000,0.000000,0.000000
1788402342126218129,53.446311,-1,-1.013177,0.844874,-3.314026,-1.013177,0.844874,-3.314026,0.000000,0.000000,0.000000,0.000000,0.003504,-0.008318,0.004536,2.130595,0.914749,171.046502,0.000000,0.000000,171.046502,2.130595,0.914749,0.000000,9.806600,0.000000,0.000000,0.000000,0.720000,0.720000,1.610980,0.000000,0.000000,0.000000,0.000000,9.797653,0.000108,-0.000914,-0.000639,0.000000,0.000000,0.000000
1788402342159235522,53.479328,-1,-1.013210,0.844874,-3.314499,-1.013210,0.844874,-3.314499,0.000000,0.000000,0.000000,0.000000,0.003698,-0.008255,0.004663,2.130609,0.912551,171.046386,0.000000,0.000000,171.046386,2.130609,0.912551,0.000000,9.806600,0.000000,0.000000,0.000000,0.720000,0.720000,1.610980,0.000000,0.000000,0.000000,0.000000,9.792313,0.000206,-0.000835,-0.000012,0.000000,0.000000,0.000000
1788402342192254292,53.512347,-1,-1.013246,0.844887,-3.314972,-1.013246,0.844887,-3.314972,0.000000,0.000000,0.000000,0.000000,0.003988,-0.008375,0.004629,2.131002,0.912662,171.046374,0.000000,0.000000,171.046374,2.131002,0.912662,0.000000,9.806600,0.000000,0.000000,0.000000,0.720000,0.720000,1.610980,0.000000,0.000000,0.000000,0.000000,9.807169,0.000280,0.001102,-0.000104,0.000000,0.000000,0.000000
1788402342225283117,53.545376,-1,-1.013309,0.844957,-3.315521,-1.013309,0.844957,-3.315521,0.000000,0.000000,0.000000,0.000000,0.004082,-0.008514,0.004594,2.130493,0.914886,171.046517,0.000000,0.000000,171.046517,2.130493,0.914886,0.000000,9.806600,0.000000,0.000000,0.000000,0.720000,0.720000,1.610980,0.000000,0.000000,0.000000,0.000000,9.802595,-0.000330,0.000680,-0.000192,0.000000,0.000000,0.000000
1788402342258264199,53.578357,-1,-1.013352,0.844976,-3.315979,-1.013352,0.844976,-3.315979,0.000000,0.000000,0.000000,0.000000,0.003985,-0.008488,0.004701,2.130677,0.915776,171.046153,0.000000,0.000000,171.046153,2.130677,0.915776,0.000000,9.806600,0.000000,0.000000,0.000000,0.720000,0.720000,1.610980,0.000000,0.000000,0.000000,0.000000,9.795917,0.000325,-0.000458,-0.000329,0.000000,0.000000,0.000000
1788402342291281400,53.611374,-1,-1.013399,0.845006,-3.316559,-1.013399,0.845006,-3.316559,0.000000,0.000000,0.000000,0.000000,0.003712,-0.008575,0.004631,2.131378,0.914591,171.046667,0.000000,0.000000,171.046667,2.131378,0.914591,0.000000,9.806600,0.000000,0.000000,0.000000,0.720000,0.720000,1.610980,0.000000,0.000000,0.000000,0.000000,9.790949,0.000619,0.000142,0.000112,0.000000,0.000000,0.000000
1788402342324309904,53.644403,-1,-1.013436,0.845062,-3.316925,-1.013436,0.845062,-3.316925,0.000000,0.000000,0.000000,0.000000,0.003778,-0.008592,0.004506,2.131472,0.913823,171.047458,0.000000,0.000000,171.047458,2.131472,0.913823,0.000000,9.806600,0.000000,0.000000,0.000000,0.720000,0.720000,1.610980,0.000000,0.000000,0.000000,0.000000,9.796196,0.000215,-0.000886,0.000449,0.000000,0.000000,0.000000
1788402342357362680,53.677455,-1,-1.013472,0.845048,-3.317337,-1.013472,0.845048,-3.317337,0.000000,0.000000,0.000000,0.000000,0.004013,-0.008550,0.004375,2.131517,0.913720,171.048791,0.000000,0.000000,171.048791,2.131517,0.913720,0.000000,9.806600,0.000000,0.000000,0.000000,0.720000,0.720000,1.610980,0.000000,0.000000,0.000000,0.000000,9.802040,0.000458,0.000882,-0.000067,0.000000,0.000000,0.000000
1788402342390374342,53.710467,-1,-1.013511,0.845019,-3.317734,-1.013511,0.845019,-3.317734,0.000000,0.000000,0.000000,0.000000,0.004091,-0.008484,0.004225,2.131222,0.914884,171.048217,0.000000,0.000000,171.048217,2.131222,0.914884,0.000000,9.806600,0.000000,0.000000,0.000000,0.720000,0.720000,1.610980,0.000000,0.000000,0.000000,0.000000,9.791740,0.000009,0.001114,-0.000242,0.000000,0.000000,0.000000
1788402342423970054,53.744063,-1,-1.013511,0.845019,-3.317734,-1.013511,0.845019,-3.317734,0.000000,0.000000,0.000000,0.000000,0.004091,-0.008484,0.004225,2.131222,0.914884,171.048217,0.000000,0.000000,171.048217,2.131222,0.914884,0.000000,9.806600,0.000000,0.000000,0.000000,0.720000,0.720000,1.610980,0.000000,0.000000,0.000000,0.000000,9.799805,0.000797,0.000395,-0.000377,0.000000,0.000000,0.000000
1788402342456441245,53.776534,-1,-1.013594,0.844965,-3.318588,-1.013594,0.844965,-3.318588,0.000000,0.000000,0.000000,0.000000,0.003610,-0.008549,0.004273,2.130828,0.916795,171.047351,0.000000,0.000000,171.047351,2.130828,0.916795,0.000000,9.806600,0.000000,0.000000,0.000000,0.720000,0.720000,1.610980,0.000000,0.000000,0.000000,0.000000,9.803856,-0.000632,-0.001650,-0.000012,0.000000,0.000000,0.000000
1788402342489424920,53.809518,-1,-1.013614,0.844887,-3.319016,-1.013614,0.844887,-3.319016,0.000000,0.000000,0.000000,0.000000,0.003716,-0.008485,0.004271,2.130554,0.915098,171.047384,0.000000,0.000000,171.047384,2.130554,0.915098,0.000000,9.806600,0.000000,0.000000,0.000000,0.720000,0.720000,1.610980,0.000000,0.000000,0.000000,0.000000,9.801278,-0.000407,-0.001677,-0.000149,0.000000,0.000000,0.000000
1788402342522431138,53.842524,-1,-1.013656,0.844840,-3.319550,-1.013656,0.844840,-3.319550,0.000000,0.000000,0.000000,0.000000,0.004020,-0.008551,0.004035,2.130270,0.914061,171.047649,0.000000,0.000000,171.047649,2.130270,0.914061,0.000000,9.806600,0.000000,0.000000,0.000000,0.720000,0.720000,1.610980,0.000000,0.000000,0.000000,0.000000,9.804401,0.000293,0.000519,-0.000197,0.000000,0.000000,0.000000
1788402342555464862,53.875558,-1,-1.013676,0.844763,-3.319977,-1.013676,0.844763,-3.319977,0.000000,0.000000,0.000000,0.000000,0.004126,-0.008563,0.003987,2.130215,0.916388,171.047908,0.000000,0.000000,171.047908,2.130215,0.916388,0.000000,9.806600,0.000000,0.000000,0.000000,0.720000,0.720000,1.610980,0.000000,0.000000,0.000000,0.000000,9.806099,0.000130,0.001555,-0.000546,0.000000,0.000000,0.000000
1788402342588583248,53.908676,-1,-1.013695,0.844666,-3.320511,-1.013695,0.844666,-3.320511,0.000000,0.000000,0.000000,0.000000,0.003883,-0.008613,0.003725,2.131094,0.917715,171.048378,0.000000,0.000000,171.048378,2.131094,0.917715,0.000000,9.806600,0.000000,0.000000,0.000000,0.720000,0.720000,1.610980,0.000000,0.000000,0.000000,0.000000,9.798517,0.001093,-0.000075,0.000240,0.000000,0.000000,0.000000
1788402342621521551,53.941614,-1,-1.013712,0.844634,-3.320831,-1.013712,0.844634,-3.320831,0.000000,0.000000,0.000000,0.000000,0.003751,-0.008693,0.003730,2.131326,0.917891,171.049032,0.000000,0.000000,171.049032,2.131326,0.917891,0.000000,9.806600,0.000000,0.000000,0.000000,0.720000,0.720000,1.610980,0.000000,0.000000,0.000000,0.000000,9.802672,0.000217,-0.000021,0.000735,0.000000,0.000000,0.000000
1788402342654564656,53.974657,-1,-1.013712,0.844634,-3.320831,-1.013712,0.844634,-3.320831,0.000000,0.000000,0.000000,0.000000,0.003751,-0.008693,0.003730,2.131326,0.917891,171.049032,0.000000,0.000000,171.049032,2.131326,0.917891,0.000000,9.806600,0.000000,0.000000,0.000000,0.720000,0.720000,1.610980,0.000000,0.000000,0.000000,0.000000,9.797626,-0.000848,-0.000494,-0.000103,0.000000,0.000000,0.000000
1788402342687604624,54.007697,-1,-1.013698,0.844569,-3.321182,-1.013698,0.844569,-3.321182,0.000000,0.000000,0.000000,0.000000,0.003578,-0.008639,0.003706,2.130368,0.915950,171.049025,0.000000,0.000000,171.049025,2.130368,0.915950,0.000000,9.806600,0.000000,0.000000,0.000000,0.720000,0.720000,1.610980,0.000000,0.000000,0.000000,0.000000,9.799835,0.000649,-0.000950,-0.000677,0.000000,0.000000,0.000000
1788402342720511547,54.040604,-1,-1.013676,0.844506,-3.321518,-1.013676,0.844506,-3.321518,0.000000,0.000000,0.000000,0.000000,0.003690,-0.008575,0.003542,2.129691,0.914642,171.048101,0.000000,0.000000,171.048101,2.129691,0.914642,0.000000,9.806600,0.000000,0.000000,0.000000,0.720000,0.720000,1.610980,0.000000,0.000000,0.000000,0.000000,9.784694,0.000398,0.000417,0.000471,0.000000,0.000000,0.000000
1788402342753669829,54.073763,-1,-1.013669,0.844472,-3.321930,-1.013669,0.844472,-3.321930,0.000000,0.000000,0.000000,0.000000,0.003849,-0.008458,0.003307,2.130059,0.914939,171.048338,0.000000,0.000000,171.048338,2.130059,0.914939,0.000000,9.806600,0.000000,0.000000,0.000000,0.720000,0.720000,1.610980,0.000000,0.000000,0.000000,0.000000,9.802355,0.001165,0.000257,-0.000327,0.000000,0.000000,0.000000
1788402342786622606,54.106715,-1,-1.013660,0.844444,-3.322311,-1.013660,0.844444,-3.322311,0.000000,0.000000,0.000000,0.000000,0.003824,-0.008351,0.003282,2.131249,0.916161,171.049093,0.000000,0.000000,171.049093,2.131249,0.916161,0.000000,9.806600,0.000000,0.000000,0.000000,0.720000,0.720000,1.610980,0.000000,0.000000,0.000000,0.000000,9.804796,-0.000782,0.001126,-0.000462,0.000000,0.000000,0.000000
1788402342819688318,54.139781,-1,-1.013649,0.844431,-3.322708,-1.013649,0.844431,-3.322708,0.000000,0.000000,0.000000,0.000000,0.003707,-0.008477,0.003471,2.130983,0.917686,171.048592,0.000000,0.000000,171.048592,2.130983,0.917686,0.000000,9.806600,0.000000,0.000000,0.000000,0.720000,0.720000,1.610980,0.000000,0.000000,0.000000,0.000000,9.806919,0.000483,-0.000460,-0.000274,0.000000,0.000000,0.000000
1788402342852672890,54.172766,-1,-1.013642,0.844463,-3.323166,-1.013642,0.844463,-3.323166,0.000000,0.000000,0.000000,0.000000,0.003603,-0.008467,0.003395,2.130468,0.917304,171.047558,0.000000,0.000000,171.047558,2.130468,0.917304,0.000000,9.806600,0.000000,0.000000,0.000000,0.720000,0.720000,1.610980,0.000000,0.000000,0.000000,0.000000,9.791490,-0.000197,-0.000589,0.000078,0.000000,0.000000,0.000000
1788402342885692461,54.205785,-1,-1.013637,0.844433,-3.323563,-1.013637,0.844433,-3.323563,0.000000,0.000000,0.000000,0.000000,0.003658,-0.008466,0.003551,2.130343,0.916383,171.048768,0.000000,0.000000,171.048768,2.130343,0.916383,0.000000,9.806600,0.000000,0.000000,0.000000,0.720000,0.720000,1.610980,0.000000,0.000000,0.000000,0.000000,9.806570,-0.000327,0.000722,-0.000791,0.000000,0.000000,0.000000
1788402342918716002,54.238809,-1,-1.013638,0.844395,-3.323944,-1.013638,0.844395,-3.323944,0.000000,0.000000,0.000000,0.000000,0.003842,-0.008615,0.003469,2.129846,0.916268,171.047453,0.000000,0.000000,171.047453,2.129846,0.916268,0.000000,9.806600,0.000000,0.000000,0.000000,0.720000,0.720000,1.610980,0.000000,0.000000,0.000000,0.000000,9.805132,0.000292,0.001027,0.000200,0.000000,0.000000,0.000000
1788402342951719979,54.271813,-1,-1.013660,0.844402,-3.324387,-1.013660,0.844402,-3.324387,0.000000,0.000000,0.000000,0.000000,0.004090,-0.008540,0.003300,2.129735,0.916843,171.047479,0.000000,0.000000,171.047479,2.129735,0.916843,0.000000,9.806600,0.000000,0.000000,0.000000,0.720000,0.720000,1.610980,0.000000,0.000000,0.000000,0.000000,9.804372,0.001237,0.000497,0.000116,0.000000,0.000000,0.000000
1788402342984802021,54.304895,-1,-1.013667,0.844354,-3.324722,-1.013667,0.844354,-3.324722,0.000000,0.000000,0.000000,0.000000,0.003934,-0.008469,0.003274,2.131078,0.917209,171.047229,0.000000,0.000000,171.047229,2.131078,0.917209,0.000000,9.806600,0.000000,0.000000,0.000000,0.720000,0.720000,1.610980,0.000000,0.000000,0.000000,0.000000,9.803056,0.000196,-0.000858,-0.000390,0.000000,0.000000,0.000000
1788402343019254830,54.339348,-1,-1.013674,0.844298,-3.325073,-1.013674,0.844298,-3.325073,0.000000,0.000000,0.000000,0.000000,0.004060,-0.008356,0.003247,2.131356,0.917595,171.046482,0.000000,0.000000,171.046482,2.131356,0.917595,0.000000,9.806600,0.000000,0.000000,0.000000,0.720000,0.720000,1.610980,0.000000,0.000000,0.000000,0.000000,9.816867,-0.000306,0.000044,0.000186,0.000000,0.000000,0.000000
1788402343050788462,54.370881,-1,-1.013696,0.844277,-3.325439,-1.013696,0.844277,-3.325439,0.000000,0.000000,0.000000,0.000000,0.004076,-0.008451,0.003110,2.131013,0.917946,171.046460,0.000000,0.000000,171.046460,2.131013,0.917946,0.000000,9.806600,0.000000,0.000000,0.000000,0.720000,0.720000,1.610980,0.000000,0.000000,0.000000,0.000000,9.812606,0.000124,-0.000601,0.000229,0.000000,0.000000,0.000000
1788402343083806994,54.403900,-1,-1.013704,0.844223,-3.325745,-1.013704,0.844223,-3.325745,0.000000,0.000000,0.000000,0.000000,0.004122,-0.008288,0.003073,2.131072,0.918144,171.046982,0.000000,0.000000,171.046982,2.131072,0.918144,0.000000,9.806600,0.000000,0.000000,0.000000,0.720000,0.720000,1.610980,0.000000,0.000000,0.000000,0.000000,9.798669,-0.000243,0.000459,0.000334,0.000000,0.000000,0.000000
1788402343116835324,54.436928,-1,-1.013710,0.844170,-3.326035,-1.013710,0.844170,-3.326035,0.000000,0.000000,0.000000,0.000000,0.004059,-0.008426,0.003093,2.130212,0.918706,171.047608,0.000000,0.000000,171.047608,2.130212,0.918706,0.000000,9.806600,0.000000,0.000000,0.000000,0.720000,0.720000,1.610980,0.000000,0.000000,0.000000,0.000000,9.794560,-0.000159,-0.000955,-0.000389,0.000000,0.000000,0.000000
1788402343149847707,54.469940,-1,-1.013726,0.844151,-3.326370,-1.013726,0.844151,-3.326370,0.000000,0.000000,0.000000,0.000000,0.003910,-0.008386,0.002870,2.130452,0.918716,171.047045,0.000000,0.000000,171.047045,2.130452,0.918716,0.000000,9.806600,0.000000,0.000000,0.000000,0.720000,0.720000,1.610980,0.000000,0.000000,0.000000,0.000000,9.793579,-0.000609,-0.000948,0.000570,0.000000,0.000000,0.000000
1788402343182880712,54.502973,-1,-1.013715,0.844118,-3.326691,-1.013715,0.844118,-3.326691,0.000000,0.000000,0.000000,0.000000,0.003820,-0.008462,0.002708,2.129645,0.916734,171.046771,0.000000,0.000000,171.046771,2.129645,0.916734,0.000000,9.806600,0.000000,0.000000,0.000000,0.720000,0.720000,1.610980,0.000000,0.000000,0.000000,0.000000,9.802369,0.001024,0.000401,0.000799,0.000000,0.000000,0.000000
1788402343215884995,54.535978,-1,-1.013699,0.844089,-3.327011,-1.013699,0.844089,-3.327011,0.000000,0.000000,0.000000,0.000000,0.003927,-0.008379,0.002820,2.130304,0.916616,171.047478,0.000000,0.000000,171.047478,2.130304,0.916616,0.000000,9.806600,0.000000,0.000000,0.000000,0.720000,0.720000,1.610980,0.000000,0.000000,0.000000,0.000000,9.795405,0.000726,0.000906,-0.000343,0.000000,0.000000,0.000000
1788402343248891679,54.568984,-1,-1.013695,0.844102,-3.327316,-1.013695,0.844102,-3.327316,0.000000,0.000000,0.000000,0.000000,0.004012,-0.008609,0.002720,2.131602,0.917845,171.047038,0.000000,0.000000,171.047038,2.131602,0.917845,0.000000,9.806600,0.000000,0.000000,0.000000,0.720000,0.720000,1.610980,0.000000,0.000000,0.000000,0.000000,9.814264,0.000392,0.001114,-0.000049,0.000000,0.000000,0.000000
1788402343282000281,54.602093,-1,-1.013682,0.844088,-3.327576,-1.013682,0.844088,-3.327576,0.000000,0.000000,0.000000,0.000000,0.004009,-0.008466,0.002716,2.132108,0.919545,171.045880,0.000000,0.000000,171.045880,2.132108,0.919545,0.000000,9.806600,0.000000,0.000000,0.000000,0.720000,0.720000,1.610980,0.000000,0.000000,0.000000,0.000000,9.808997,0.000193,0.000832,0.000050,0.000000,0.000000,0.000000
1788402343314947890,54.635041,-1,-1.013668,0.844072,-3.327805,-1.013668,0.844072,-3.327805,0.000000,0.000000,0.000000,0.000000,0.003941,-0.008515,0.002667,2.131929,0.920802,171.046285,0.000000,0.000000,171.046285,2.131929,0.920802,0.000000,9.806600,0.000000,0.000000,0.000000,0.720000,0.720000,1.610980,0.000000,0.000000,0.000000,0.000000,9.801003,-0.000135,-0.000097,-0.000400,0.000000,0.000000,0.000000
1788402343347942311,54.668035,-1,-1.013661,0.844089,-3.328003,-1.013661,0.844089,-3.328003,0.000000,0.000000,0.000000,0.000000,0.003936,-0.008519,0.002695,2.131653,0.921214,171.046469,0.000000,0.000000,171.046469,2.131653,0.921214,0.000000,9.806600,0.000000,0.000000,0.000000,0.720000,0.720000,1.610980,0.000000,0.000000,0.000000,0.000000,9.801528,-0.000037,-0.000107,-0.000217,0.000000,0.000000,0.000000
1788402343380993983,54.701087,-1,-1.013642,0.844092,-3.328308,-1.013642,0.844092,-3.328308,0.000000,0.000000,0.000000,0.000000,0.003889,-0.008377,0.002715,2.131377,0.920232,171.045338,0.000000,0.000000,171.045338,2.131377,0.920232,0.000000,9.806600,0.000000,0.000000,0.000000,0.720000,0.720000,1.610980,0.000000,0.000000,0.000000,0.000000,9.791387,0.000202,-0.000705,-0.000289,0.000000,0.000000,0.000000
1788402343414015556,54.734108,-1,-1.013622,0.844082,-3.328552,-1.013622,0.844082,-3.328552,0.000000,0.000000,0.000000,0.000000,0.003997,-0.008244,0.002516,2.131556,0.919586,171.044515,0.000000,0.000000,171.044515,2.131556,0.919586,0.000000,9.806600,0.000000,0.000000,0.000000,0.720000,0.720000,1.610980,0.000000,0.000000,0.000000,0.000000,9.793547,0.000226,-0.000353,-0.000297,0.000000,0.000000,0.000000
1788402343447158771,54.767251,-1,-1.013613,0.844118,-3.328827,-1.013613,0.844118,-3.328827,0.000000,0.000000,0.000000,0.000000,0.004061,-0.008410,0.002554,2.131371,0.919119,171.044638,0.000000,0.000000,171.044638,2.131371,0.919119,0.000000,9.806600,0.000000,0.000000,0.000000,0.720000,0.720000,1.610980,0.000000,0.000000,0.000000,0.000000,9.799950,-0.000214,-0.000209,-0.000277,0.000000,0.000000,0.000000
1788402343480053676,54.800146,-1,-1.013606,0.844080,-3.329056,-1.013606,0.844080,-3.329056,0.000000,0.000000,0.000000,0.000000,0.004015,-0.008501,0.002538,2.131642,0.918661,171.044385,0.000000,0.000000,171.044385,2.131642,0.918661,0.000000,9.806600,0.000000,0.000000,0.000000,0.720000,0.720000,1.610980,0.000000,0.000000,0.000000,0.000000,9.800638,-0.000621,0.000448,0.000027,0.000000,0.000000,0.000000
1788402343513041469,54.833134,-1,-1.013602,0.844026,-3.329269,-1.013602,0.844026,-3.329269,0.000000,0.000000,0.000000,0.000000,0.004112,-0.008442,0.002469,2.131065,0.919032,171.044352,0.000000,0.000000,171.044352,2.131065,0.919032,0.000000,9.806600,0.000000,0.000000,0.000000,0.720000,0.720000,1.610980,0.000000,0.000000,0.000000,0.000000,9.806028,0.000124,-0.000157,-0.000453,0.000000,0.000000,0.000000
1788402343546098200,54.866191,-1,-1.013609,0.844004,-3.329453,-1.013609,0.844004,-3.329453,0.000000,0.000000,0.000000,0.000000,0.004071,-0.008402,0.002380,2.131668,0.920020,171.045259,0.000000,0.000000,171.045259,2.131668,0.920020,0.000000,9.806600,0.000000,0.000000,0.000000,0.720000,0.720000,1.610980,0.000000,0.000000,0.000000,0.000000,9.806711,0.000549,-0.000180,0.000068,0.000000,0.000000,0.000000
1788402343579128995,54.899222,-1,-1.013597,0.843894,-3.329758,-1.013597,0.843894,-3.329758,0.000000,0.000000,0.000000,0.000000,0.003930,-0.008469,0.002530,2.131356,0.919590,171.045041,0.000000,0.000000,171.045041,2.131356,0.919590,0.000000,9.806600,0.000000,0.000000,0.000000,0.720000,0.720000,1.610980,0.000000,0.000000,0.000000,0.000000,9.807029,0.000761,-0.000552,-0.000204,0.000000,0.000000,0.000000
1788402343612162031,54.932255,-1,-1.013587,0.843822,-3.329956,-1.013587,0.843822,-3.329956,0.000000,0.000000,0.000000,0.000000,0.003960,-0.008341,0.002649,2.131788,0.919180,171.044626,0.000000,0.000000,171.044626,2.131788,0.919180,0.000000,9.806600,0.000000,0.000000,0.000000,0.720000,0.720000,1.610980,0.000000,0.000000,0.000000,0.000000,9.793865,0.000049,-0.000118,-0.000138,0.000000,0.000000,0.000000
1788402343645170509,54.965263,-1,-1.013588,0.843778,-3.330124,-1.013588,0.843778,-3.330124,0.000000,0.000000,0.000000,0.000000,0.003899,-0.008194,0.002636,2.131908,0.918115,171.044186,0.000000,0.000000,171.044186,2.131908,0.918115,0.000000,9.806600,0.000000,0.000000,0.000000,0.720000,0.720000,1.610980,0.000000,0.000000,0.000000,0.000000,9.792608,0.001265,0.000415,0.000412,0.000000,0.000000,0.000000
1788402343678181132,54.998274,-1,-1.013596,0.843694,-3.330383,-1.013596,0.843694,-3.330383,0.000000,0.000000,0.000000,0.000000,0.004027,-0.008160,0.002628,2.132715,0.917921,171.045068,0.000000,0.000000,171.045068,2.132715,0.917921,0.000000,9.806600,0.000000,0.000000,0.000000,0.720000,0.720000,1.610980,0.000000,0.000000,0.000000,0.000000,9.800632,-0.000872,0.000237,-0.000553,0.000000,0.000000,0.000000
1788402343711218811,55.031311,-1,-1.013608,0.843618,-3.330597,-1.013608,0.843618,-3.330597,0.000000,0.000000,0.000000,0.000000,0.004214,-0.008159,0.002619,2.130927,0.918647,171.045536,0.000000,0.000000,171.045536,2.130927,0.918647,0.000000,9.806600,0.000000,0.000000,0.000000,0.720000,0.720000,1.610980,0.000000,0.000000,0.000000,0.000000,9.807775,-0.000150,0.000598,0.000082,0.000000,0.000000,0.000000
1788402343744225047,55.064318,-1,-1.013640,0.843567,-3.330872,-1.013640,0.843567,-3.330872,0.000000,0.000000,0.000000,0.000000,0.004188,-0.008073,0.002644,2.130671,0.919702,171.046168,0.000000,0.000000,171.046168,2.130671,0.919702,0.000000,9.806600,0.000000,0.000000,0.000000,0.720000,0.720000,1.610980,0.000000,0.000000,0.000000,0.000000,9.795901,0.000972,-0.000162,0.000045,0.000000,0.000000,0.000000
1788402343777244699,55.097337,-1,-1.013657,0.843501,-3.331177,-1.013657,0.843501,-3.331177,0.000000,0.000000,0.000000,0.000000,0.004105,-0.008070,0.002517,2.131613,0.919734,171.045778,0.000000,0.000000,171.045778,2.131613,0.919734,0.000000,9.806600,0.000000,0.000000,0.000000,0.720000,0.720000,1.610980,0.000000,0.000000,0.000000,0.000000,9.788121,-0.000512,-0.000082,-0.000626,0.000000,0.000000,0.000000
1788402343810207133,55.130300,-1,-1.013679,0.843469,-3.331436,-1.013679,0.843469,-3.331436,0.000000,0.000000,0.000000,0.000000,0.004016,-0.008173,0.002499,2.131054,0.919185,171.045294,0.000000,0.000000,171.045294,2.131054,0.919185,0.000000,9.806600,0.000000,0.000000,0.000000,0.720000,0.720000,1.610980,0.000000,0.000000,0.000000,0.000000,9.793517,-0.000075,-0.000184,-0.000149,0.000000,0.000000,0.000000
1788402343843291048,55.163384,-1,-1.013705,0.843470,-3.331650,-1.013705,0.843470,-3.331650,0.000000,0.000000,0.000000,0.000000,0.004045,-0.008118,0.002409,2.130662,0.918257,171.044533,0.000000,0.000000,171.044533,2.130662,0.918257,0.000000,9.806600,0.000000,0.000000,0.000000,0.720000,0.720000,1.610980,0.000000,0.000000,0.000000,0.000000,9.807298,0.000527,-0.000017,0.000308,0.000000,0.000000,0.000000
1788402343876309836,55.196403,-1,-1.013730,0.843363,-3.332001,-1.013730,0.843363,-3.332001,0.000000,0.000000,0.000000,0.000000,0.004122,-0.007969,0.002470,2.130845,0.918322,171.045088,0.000000,0.000000,171.045088,2.130845,0.918322,0.000000,9.806600,0.000000,0.000000,0.000000,0.720000,0.720000,1.610980,0.000000,0.000000,0.000000,0.000000,9.792987,0.000663,-0.000121,-0.000274,0.000000,0.000000,0.000000
1788402343909304737,55.229397,-1,-1.013752,0.843287,-3.332245,-1.013752,0.843287,-3.332245,0.000000,0.000000,0.000000,0.000000,0.004031,-0.007868,0.002253,2.130892,0.918487,171.045347,0.000000,0.000000,171.045347,2.130892,0.918487,0.000000,9.806600,0.000000,0.000000,0.000000,0.720000,0.720000,1.610980,0.000000,0.000000,0.000000,0.000000,9.792928,-0.000084,-0.000347,-0.000273,0.000000,0.000000,0.000000
1788402343942343793,55.262436,-1,-1.013778,0.843241,-3.332443,-1.013778,0.843241,-3.332443,0.000000,0.000000,0.000000,0.000000,0.003916,-0.007824,0.002134,2.130416,0.918445,171.044216,0.000000,0.000000,171.044216,2.130416,0.918445,0.000000,9.806600,0.000000,0.000000,0.000000,0.720000,0.720000,1.610980,0.000000,0.000000,0.000000,0.000000,9.813548,-0.000112,-0.000836,-0.000027,0.000000,0.000000,0.000000
1788402343975369817,55.295462,-1,-1.013776,0.843150,-3.332764,-1.013776,0.843150,-3.332764,0.000000,0.000000,0.000000,0.000000,0.004003,-0.007688,0.002034,2.129783,0.916902,171.044658,0.000000,0.000000,171.044658,2.129783,0.916902,0.000000,9.806600,0.000000,0.000000,0.000000,0.720000,0.720000,1.610980,0.000000,0.000000,0.000000,0.000000,9.809511,0.000111,0.000649,0.000683,0.000000,0.000000,0.000000
1788402344008417883,55.328511,-1,-1.013777,0.843097,-3.332977,-1.013777,0.843097,-3.332977,0.000000,0.000000,0.000000,0.000000,0.004067,-0.007596,0.002163,2.129968,0.917106,171.045313,0.000000,0.000000,171.045313,2.129968,0.917106,0.000000,9.806600,0.000000,0.000000,0.000000,0.720000,0.720000,1.610980,0.000000,0.000000,0.000000,0.000000,9.803919,0.000461,0.000337,0.000098,0.000000,0.000000,0.000000
1788402344041358946,55.361452,-1,-1.013789,0.843076,-3.333191,-1.013789,0.843076,-3.333191,0.000000,0.000000,0.000000,0.000000,0.004178,-0.007689,0.002142,2.130289,0.919665,171.045876,0.000000,0.000000,171.045876,2.130289,0.919665,0.000000,9.806600,0.000000,0.000000,0.000000,0.720000,0.720000,1.610980,0.000000,0.000000,0.000000,0.000000,9.796341,-0.000683,0.000870,-0.000401,0.000000,0.000000,0.000000
1788402344074414219,55.394507,-1,-1.013778,0.843036,-3.333511,-1.013778,0.843036,-3.333511,0.000000,0.000000,0.000000,0.000000,0.003954,-0.007717,0.002012,2.129706,0.921466,171.044849,0.000000,0.000000,171.044849,2.129706,0.921466,0.000000,9.806600,0.000000,0.000000,0.000000,0.720000,0.720000,1.610980,0.000000,0.000000,0.000000,0.000000,9.799277,0.000006,0.000676,-0.000615,0.000000,0.000000,0.000000
1788402344107524211,55.427617,-1,-1.013760,0.843024,-3.333755,-1.013760,0.843024,-3.333755,0.000000,0.000000,0.000000,0.000000,0.003618,-0.007758,0.002024,2.130132,0.921834,171.045094,0.000000,0.000000,171.045094,2.130132,0.921834,0.000000,9.806600,0.000000,0.000000,0.000000,0.720000,0.720000,1.610980,0.000000,0.000000,0.000000,0.000000,9.794420,0.001036,-0.001009,0.000517,0.000000,0.000000,0.000000
1788402344140413404,55.460506,-1,-1.013745,0.843041,-3.333954,-1.013745,0.843041,-3.333954,0.000000,0.000000,0.000000,0.000000,0.003589,-0.007892,0.002029,2.130325,0.919875,171.045431,0.000000,0.000000,171.045431,2.130325,0.919875,0.000000,9.806600,0.000000,0.000000,0.000000,0.720000,0.720000,1.610980,0.000000,0.000000,0.000000,0.000000,9.810075,-0.000206,-0.001206,-0.000550,0.000000,0.000000,0.000000
1788402344173477066,55.493570,-1,-1.013725,0.843003,-3.334244,-1.013725,0.843003,-3.334244,0.000000,0.000000,0.000000,0.000000,0.004017,-0.007869,0.002122,2.130004,0.916712,171.045412,0.000000,0.000000,171.045412,2.130004,0.916712,0.000000,9.806600,0.000000,0.000000,0.000000,0.720000,0.720000,1.610980,0.000000,0.000000,0.000000,0.000000,9.798820,-0.000322,-0.000155,-0.000338,0.000000,0.000000,0.000000
1788402344206487897,55.526581,-1,-1.013724,0.842985,-3.334427,-1.013724,0.842985,-3.334427,0.000000,0.000000,0.000000,0.000000,0.004161,-0.007883,0.001991,2.129776,0.917281,171.045034,0.000000,0.000000,171.045034,2.129776,0.917281,0.000000,9.806600,0.000000,0.000000,0.000000,0.720000,0.720000,1.610980,0.000000,0.000000,0.000000,0.000000,9.800084,0.000206,0.000918,-0.000090,0.000000,0.000000,0.000000
1788402344239523158,55.559616,-1,-1.013735,0.842996,-3.334595,-1.013735,0.842996,-3.334595,0.000000,0.000000,0.000000,0.000000,0.004265,-0.007882,0.001869,2.129982,0.919067,171.045586,0.000000,0.000000,171.045586,2.129982,0.919067,0.000000,9.806600,0.000000,0.000000,0.000000,0.720000,0.720000,1.610980,0.000000,0.000000,0.000000,0.000000,9.806548,-0.000084,0.000456,0.000433,0.000000,0.000000,0.000000
1788402344272542314,55.592635,-1,-1.013727,0.842932,-3.334824,-1.013727,0.842932,-3.334824,0.000000,0.000000,0.000000,0.000000,0.003991,-0.007784,0.001811,2.129138,0.920907,171.046491,0.000000,0.000000,171.046491,2.129138,0.920907,0.000000,9.806600,0.000000,0.000000,0.000000,0.720000,0.720000,1.610980,0.000000,0.000000,0.000000,0.000000,9.798587,-0.000962,-0.000862,0.000733,0.000000,0.000000,0.000000
1788402344305576391,55.625669,-1,-1.013719,0.842891,-3.334991,-1.013719,0.842891,-3.334991,0.000000,0.000000,0.000000,0.000000,0.003935,-0.007756,0.001817,2.128698,0.920435,171.047241,0.000000,0.000000,171.047241,2.128698,0.920435,0.000000,9.806600,0.000000,0.000000,0.000000,0.720000,0.720000,1.610980,0.000000,0.000000,0.000000,0.000000,9.799292,-0.000130,-0.000538,-0.000307,0.000000,0.000000,0.000000
1788402344338534648,55.658627,-1,-1.013722,0.842879,-3.335114,-1.013722,0.842879,-3.335114,0.000000,0.000000,0.000000,0.000000,0.004094,-0.007697,0.001932,2.127887,0.919599,171.047031,0.000000,0.000000,171.047031,2.127887,0.919599,0.000000,9.806600,0.000000,0.000000,0.000000,0.720000,0.720000,1.610980,0.000000,0.000000,0.000000,0.000000,9.794885,0.000519,0.001009,0.000105,0.000000,0.000000,0.000000
1788402344371577530,55.691670,-1,-1.013719,0.842823,-3.335312,-1.013719,0.842823,-3.335312,0.000000,0.000000,0.000000,0.000000,0.004369,-0.007551,0.002047,2.127405,0.919880,171.047512,0.000000,0.000000,171.047512,2.127405,0.919880,0.000000,9.806600,0.000000,0.000000,0.000000,0.720000,0.720000,1.610980,0.000000,0.000000,0.000000,0.000000,9.795594,-0.000326,0.001349,0.000282,0.000000,0.000000,0.000000
1788402344404627007,55.724720,-1,-1.013726,0.842797,-3.335434,-1.013726,0.842797,-3.335434,0.000000,0.000000,0.000000,0.000000,0.004394,-0.007581,0.002024,2.127464,0.921215,171.047884,0.000000,0.000000,171.047884,2.127464,0.921215,0.000000,9.806600,0.000000,0.000000,0.000000,0.720000,0.720000,1.610980,0.000000,0.000000,0.000000,0.000000,9.797364,0.000199,0.000839,-0.000073,0.000000,0.000000,0.000000
1788402344437632363,55.757725,-1,-1.013738,0.842798,-3.335587,-1.013738,0.842798,-3.335587,0.000000,0.000000,0.000000,0.000000,0.004215,-0.007458,0.002000,2.127237,0.922381,171.048418,0.000000,0.000000,171.048418,2.127237,0.922381,0.000000,9.806600,0.000000,0.000000,0.000000,0.720000,0.720000,1.610980,0.000000,0.000000,0.000000,0.000000,9.809786,0.000343,-0.000868,-0.000392,0.000000,0.000000,0.000000
1788402344470658115,55.790751,-1,-1.013742,0.842743,-3.335861,-1.013742,0.842743,-3.335861,0.000000,0.000000,0.000000,0.000000,0.004032,-0.007498,0.002098,2.127981,0.920731,171.047678,0.000000,0.000000,171.047678,2.127981,0.920731,0.000000,9.806600,0.000000,0.000000,0.000000,0.720000,0.720000,1.610980,0.000000,0.000000,0.000000,0.000000,9.804011,0.000217,-0.000822,0.000015,0.000000,0.000000,0.000000
1788402344503675062,55.823768,-1,-1.013750,0.842713,-3.336060,-1.013750,0.842713,-3.336060,0.000000,0.000000,0.000000,0.000000,0.004204,-0.007417,0.002046,2.128788,0.919398,171.047051,0.000000,0.000000,171.047051,2.128788,0.919398,0.000000,9.806600,0.000000,0.000000,0.000000,0.720000,0.720000,1.610980,0.000000,0.000000,0.000000,0.000000,9.804875,-0.000028,-0.000576,0.000075,0.000000,0.000000,0.000000
1788402344536690984,55.856784,-1,-1.013774,0.842714,-3.336227,-1.013774,0.842714,-3.336227,0.000000,0.000000,0.000000,0.000000,0.004444,-0.007467,0.001952,2.128360,0.920724,171.047113,0.000000,0.000000,171.047113,2.128360,0.920724,0.000000,9.806600,0.000000,0.000000,0.000000,0.720000,0.720000,1.610980,0.000000,0.000000,0.000000,0.000000,9.789121,0.000317,0.000904,0.000344,0.000000,0.000000,0.000000
1788402344569706266,55.889799,-1,-1.013806,0.842690,-3.336472,-1.013806,0.842690,-3.336472,0.000000,0.000000,0.000000,0.000000,0.004357,-0.007490,0.001843,2.128415,0.922834,171.047841,0.000000,0.000000,171.047841,2.128415,0.922834,0.000000,9.806600,0.000000,0.000000,0.000000,0.720000,0.720000,1.610980,0.000000,0.000000,0.000000,0.000000,9.796590,0.000222,-0.000251,0.000031,0.000000,0.000000,0.000000
1788402344602693371,55.922786,-1,-1.013832,0.842691,-3.336655,-1.013832,0.842691,-3.336655,0.000000,0.000000,0.000000,0.000000,0.004160,-0.007525,0.001866,2.128737,0.922734,171.047560,0.000000,0.000000,171.047560,2.128737,0.922734,0.000000,9.806600,0.000000,0.000000,0.000000,0.720000,0.720000,1.610980,0.000000,0.000000,0.000000,0.000000,9.794993,0.000573,-0.000014,-0.000502,0.000000,0.000000,0.000000
1788402344635750853,55.955844,-1,-1.013858,0.842718,-3.336807,-1.013858,0.842718,-3.336807,0.000000,0.000000,0.000000,0.000000,0.004105,-0.007454,0.001960,2.128182,0.922420,171.047108,0.000000,0.000000,171.047108,2.128182,0.922420,0.000000,9.806600,0.000000,0.000000,0.000000,0.720000,0.720000,1.610980,0.000000,0.000000,0.000000,0.000000,9.804153,-0.000614,-0.000954,0.000752,0.000000,0.000000,0.000000
1788402344668738151,55.988831,-1,-1.013881,0.842741,-3.337021,-1.013881,0.842741,-3.337021,0.000000,0.000000,0.000000,0.000000,0.004359,-0.007500,0.001958,2.127134,0.920606,171.046999,0.000000,0.000000,171.046999,2.127134,0.920606,0.000000,9.806600,0.000000,0.000000,0.000000,0.720000,0.720000,1.610980,0.000000,0.000000,0.000000,0.000000,9.804696,-0.000260,-0.001088,-0.000802,0.000000,0.000000,0.000000
1788402344701776870,56.021870,-1,-1.013896,0.842756,-3.337204,-1.013896,0.842756,-3.337204,0.000000,0.000000,0.000000,0.000000,0.004610,-0.007457,0.001843,2.127524,0.921595,171.047348,0.000000,0.000000,171.047348,2.127524,0.921595,0.000000,9.806600,0.000000,0.000000,0.000000,0.720000,0.720000,1.610980,0.000000,0.000000,0.000000,0.000000,9.789646,0.000358,0.000680,0.000041,0.000000,0.000000,0.000000
1788402344734799548,56.054892,-1,-1.013925,0.842796,-3.337372,-1.013925,0.842796,-3.337372,0.000000,0.000000,0.000000,0.000000,0.004772,-0.007458,0.001848,2.127341,0.922558,171.046867,0.000000,0.000000,171.046867,2.127341,0.922558,0.000000,9.806600,0.000000,0.000000,0.000000,0.720000,0.720000,1.610980,0.000000,0.000000,0.000000,0.000000,9.796250,-0.000896,0.000352,-0.000160,0.000000,0.000000,0.000000
1788402344767798661,56.087891,-1,-1.013944,0.842834,-3.337601,-1.013944,0.842834,-3.337601,0.000000,0.000000,0.000000,0.000000,0.004715,-0.007476,0.001762,2.126590,0.923519,171.045873,0.000000,0.000000,171.045873,2.126590,0.923519,0.000000,9.806600,0.000000,0.000000,0.000000,0.720000,0.720000,1.610980,0.000000,0.000000,0.000000,0.000000,9.785720,0.000466,-0.000415,-0.000050,0.000000,0.000000,0.000000
1788402344800839653,56.120932,-1,-1.013964,0.842907,-3.337891,-1.013964,0.842907,-3.337891,0.000000,0.000000,0.000000,0.000000,0.004606,-0.007519,0.001652,2.126845,0.923286,171.045426,0.000000,0.000000,171.045426,2.126845,0.923286,0.000000,9.806600,0.000000,0.000000,0.000000,0.720000,0.720000,1.610980,0.000000,0.000000,0.000000,0.000000,9.795462,-0.000785,-0.000364,-0.000124,0.000000,0.000000,0.000000
1788402344833850997,56.153944,-1,-1.013989,0.842990,-3.338120,-1.013989,0.842990,-3.338120,0.000000,0.000000,0.000000,0.000000,0.004791,-0.007558,0.001542,2.126036,0.923100,171.045380,0.000000,0.000000,171.045380,2.126036,0.923100,0.000000,9.806600,0.000000,0.000000,0.000000,0.720000,0.720000,1.610980,0.000000,0.000000,0.000000,0.000000,9.804761,-0.000768,-0.000474,0.000710,0.000000,0.000000,0.000000
1788402344866871466,56.186964,-1,-1.014039,0.843048,-3.338455,-1.014039,0.843048,-3.338455,0.000000,0.000000,0.000000,0.000000,0.004887,-0.007629,0.001542,2.125377,0.923058,171.046567,0.000000,0.000000,171.046567,2.125377,0.923058,0.000000,9.806600,0.000000,0.000000,0.000000,0.720000,0.720000,1.610980,0.000000,0.000000,0.000000,0.000000,9.798527,0.000444,0.000433,0.000566,0.000000,0.000000,0.000000
1788402344900099222,56.220192,-1,-1.014088,0.843101,-3.338699,-1.014088,0.843101,-3.338699,0.000000,0.000000,0.000000,0.000000,0.004978,-0.007710,0.001547,2.125758,0.923625,171.045856,0.000000,0.000000,171.045856,2.125758,0.923625,0.000000,9.806600,0.000000,0.000000,0.000000,0.720000,0.720000,1.610980,0.000000,0.000000,0.000000,0.000000,9.797592,0.000109,0.000454,-0.000532,0.000000,0.000000,0.000000
1788402344932923257,56.253016,-1,-1.014142,0.843183,-3.338928,-1.014142,0.843183,-3.338928,0.000000,0.000000,0.000000,0.000000,0.004966,-0.007799,0.001593,2.125679,0.923310,171.045449,0.000000,0.000000,171.045449,2.125679,0.923310,0.000000,9.806600,0.000000,0.000000,0.000000,0.720000,0.720000,1.610980,0.000000,0.000000,0.000000,0.000000,9.796273,0.000366,0.000155,-0.000740,0.000000,0.000000,0.000000
1788402344965942734,56.286035,-1,-1.014167,0.843213,-3.339157,-1.014167,0.843213,-3.339157,0.000000,0.000000,0.000000,0.000000,0.005064,-0.007705,0.001605,2.126034,0.922713,171.044418,0.000000,0.000000,171.044418,2.126034,0.922713,0.000000,9.806600,0.000000,0.000000,0.000000,0.720000,0.720000,1.610980,0.000000,0.000000,0.000000,0.000000,9.799022,0.000467,-0.001091,-0.000432,0.000000,0.000000,0.000000
1788402344998928911,56.319022,-1,-1.014191,0.843249,-3.339432,-1.014191,0.843249,-3.339432,0.000000,0.000000,0.000000,0.000000,0.004871,-0.007652,0.001683,2.125912,0.921610,171.044636,0.000000,0.000000,171.044636,2.125912,0.921610,0.000000,9.806600,0.000000,0.000000,0.000000,0.720000,0.720000,1.610980,0.000000,0.000000,0.000000,0.000000,9.800557,-0.000384,0.000080,0.000687,0.000000,0.000000,0.000000
1788402345032016780,56.352109,-1,-1.014222,0.843305,-3.339615,-1.014222,0.843305,-3.339615,0.000000,0.000000,0.000000,0.000000,0.005169,-0.007727,0.001672,2.126012,0.921275,171.044388,0.000000,0.000000,171.044388,2.126012,0.921275,0.000000,9.806600,0.000000,0.000000,0.000000,0.720000,0.720000,1.610980,0.000000,0.000000,0.000000,0.000000,9.804032,0.000652,-0.000520,-0.000078,0.000000,0.000000,0.000000
1788402345065038767,56.385131,-1,-1.014238,0.843292,-3.339783,-1.014238,0.843292,-3.339783,0.000000,0.000000,0.000000,0.000000,0.005246,-0.007614,0.001744,2.127161,0.920325,171.044326,0.000000,0.000000,171.044326,2.127161,0.920325,0.000000,9.806600,0.000000,0.000000,0.000000,0.720000,0.720000,1.610980,0.000000,0.000000,0.000000,0.000000,9.797930,0.000635,-0.000072,0.000697,0.000000,0.000000,0.000000
1788402345098011351,56.418104,-1,-1.014261,0.843257,-3.339981,-1.014261,0.843257,-3.339981,0.000000,0.000000,0.000000,0.000000,0.005403,-0.007502,0.001518,2.127038,0.920231,171.044468,0.000000,0.000000,171.044468,2.127038,0.920231,0.000000,9.806600,0.000000,0.000000,0.000000,0.720000,0.720000,1.610980,0.000000,0.000000,0.000000,0.000000,9.802415,0.000564,0.001525,-0.000666,0.000000,0.000000,0.000000
1788402345131015664,56.451108,-1,-1.014293,0.843263,-3.340103,-1.014293,0.843263,-3.340103,0.000000,0.000000,0.000000,0.000000,0.005289,-0.007440,0.001460,2.127312,0.922834,171.043281,0.000000,0.000000,171.043281,2.127312,0.922834,0.000000,9.806600,0.000000,0.000000,0.000000,0.720000,0.720000,1.610980,0.000000,0.000000,0.000000,0.000000,9.800393,0.000208,0.000434,-0.000032,0.000000,0.000000,0.000000
1788402345164452055,56.484545,-1,-1.014299,0.843215,-3.340240,-1.014299,0.843215,-3.340240,0.000000,0.000000,0.000000,0.000000,0.005101,-0.007536,0.001515,2.127628,0.923142,171.042598,0.000000,0.000000,171.042598,2.127628,0.923142,0.000000,9.806600,0.000000,0.000000,0.000000,0.720000,0.720000,1.610980,0.000000,0.000000,0.000000,0.000000,9.788630,0.000588,-0.000574,-0.000168,0.000000,0.000000,0.000000
1788402345197041164,56.517134,-1,-1.014302,0.843193,-3.340317,-1.014302,0.843193,-3.340317,0.000000,0.000000,0.000000,0.000000,0.004896,-0.007524,0.001497,2.128481,0.922428,171.042548,0.000000,0.000000,171.042548,2.128481,0.922428,0.000000,9.806600,0.000000,0.000000,0.000000,0.720000,0.720000,1.610980,0.000000,0.000000,0.000000,0.000000,9.800389,0.000690,-0.001406,0.000234,0.000000,0.000000,0.000000
1788402345230045254,56.550138,-1,-1.014312,0.843198,-3.340393,-1.014312,0.843198,-3.340393,0.000000,0.000000,0.000000,0.000000,0.004938,-0.007519,0.001490,2.128847,0.920485,171.043085,0.000000,0.000000,171.043085,2.128847,0.920485,0.000000,9.806600,0.000000,0.000000,0.000000,0.720000,0.720000,1.610980,0.000000,0.000000,0.000000,0.000000,9.803788,-0.000046,-0.000918,-0.000082,0.000000,0.000000,0.000000
1788402345263095128,56.583188,-1,-1.014308,0.843154,-3.340439,-1.014308,0.843154,-3.340439,0.000000,0.000000,0.000000,0.000000,0.005048,-0.007427,0.001499,2.129352,0.918917,171.042442,0.000000,0.000000,171.042442,2.129352,0.918917,0.000000,9.806600,0.000000,0.000000,0.000000,0.720000,0.720000,1.610980,0.000000,0.000000,0.000000,0.000000,9.794604,0.000210,-0.000348,-0.000226,0.000000,0.000000,0.000000
1788402345296111928,56.616205,-1,-1.014311,0.843089,-3.340439,-1.014311,0.843089,-3.340439,0.000000,0.000000,0.000000,0.000000,0.005148,-0.007307,0.001493,2.128948,0.919447,171.042335,0.000000,0.000000,171.042335,2.128948,0.919447,0.000000,9.806600,0.000000,0.000000,0.000000,0.720000,0.720000,1.610980,0.000000,0.000000,0.000000,0.000000,9.796959,-0.000755,0.000829,-0.000010,0.000000,0.000000,0.000000
1788402345329096199,56.649189,-1,-1.014328,0.843075,-3.340439,-1.014328,0.843075,-3.340439,0.000000,0.000000,0.000000,0.000000,0.005123,-0.007366,0.001540,2.128990,0.920930,171.041755,0.000000,0.000000,171.041755,2.128990,0.920930,0.000000,9.806600,0.000000,0.000000,0.000000,0.720000,0.720000,1.610980,0.000000,0.000000,0.000000,0.000000,9.807762,-0.000171,0.000429,-0.000636,0.000000,0.000000,0.000000
1788402345362167781,56.682260,-1,-1.014319,0.843023,-3.340469,-1.014319,0.843023,-3.340469,0.000000,0.000000,0.000000,0.000000,0.004946,-0.007498,0.001565,2.128622,0.921831,171.041763,0.000000,0.000000,171.041763,2.128622,0.921831,0.000000,9.806600,0.000000,0.000000,0.000000,0.720000,0.720000,1.610980,0.000000,0.000000,0.000000,0.000000,9.801891,0.000112,0.000024,0.000296,0.000000,0.000000,0.000000
1788402345398001521,56.718094,-1,-1.014297,0.842957,-3.340500,-1.014297,0.842957,-3.340500,0.000000,0.000000,0.000000,0.000000,0.004693,-0.007416,0.001505,2.129024,0.921225,171.042250,0.000000,0.000000,171.042250,2.129024,0.921225,0.000000,9.806600,0.000000,0.000000,0.000000,0.720000,0.720000,1.610980,0.000000,0.000000,0.000000,0.000000,9.797618,-0.000524,-0.000445,-0.000257,0.000000,0.000000,0.000000
1788402345428167026,56.748260,-1,-1.014295,0.842945,-3.340515,-1.014295,0.842945,-3.340515,0.000000,0.000000,0.000000,0.000000,0.004963,-0.007561,0.001522,2.128304,0.921254,171.041451,0.000000,0.000000,171.041451,2.128304,0.921254,0.000000,9.806600,0.000000,0.000000,0.000000,0.720000,0.720000,1.610980,0.000000,0.000000,0.000000,0.000000,9.796577,-0.000570,0.000283,-0.000757,0.000000,0.000000,0.000000
1788402345461225225,56.781318,-1,-1.014285,0.842914,-3.340591,-1.014285,0.842914,-3.340591,0.000000,0.000000,0.000000,0.000000,0.005118,-0.007427,0.001409,2.127738,0.921671,171.040870,0.000000,0.000000,171.040870,2.127738,0.921671,0.000000,9.806600,0.000000,0.000000,0.000000,0.720000,0.720000,1.610980,0.000000,0.000000,0.000000,0.000000,9.794489,0.000201,-0.000113,-0.000136,0.000000,0.000000,0.000000
1788402345494226561,56.814319,-1,-1.014277,0.842890,-3.340698,-1.014277,0.842890,-3.340698,0.000000,0.000000,0.000000,0.000000,0.005052,-0.007486,0.001383,2.127715,0.923782,171.041968,0.000000,0.000000,171.041968,2.127715,0.923782,0.000000,9.806600,0.000000,0.000000,0.000000,0.720000,0.720000,1.610980,0.000000,0.000000,0.000000,0.000000,9.798714,-0.000563,0.000507,0.000440,0.000000,0.000000,0.000000
1788402345527244610,56.847337,-1,-1.014282,0.842906,-3.340744,-1.014282,0.842906,-3.340744,0.000000,0.000000,0.000000,0.000000,0.004945,-0.007554,0.001441,2.127436,0.923802,171.042477,0.000000,0.000000,171.042477,2.127436,0.923802,0.000000,9.806600,0.000000,0.000000,0.000000,0.720000,0.720000,1.610980,0.000000,0.000000,0.000000,0.000000,9.795618,-0.000181,-0.000225,0.000127,0.000000,0.000000,0.000000
1788402345560343727,56.880436,-1,-1.014274,0.842886,-3.340820,-1.014274,0.842886,-3.340820,0.000000,0.000000,0.000000,0.000000,0.004980,-0.007645,0.001429,2.126618,0.923291,171.043052,0.000000,0.000000,171.043052,2.126618,0.923291,0.000000,9.806600,0.000000,0.000000,0.000000,0.720000,0.720000,1.610980,0.000000,0.000000,0.000000,0.000000,9.798898,-0.000111,-0.001191,-0.000210,0.000000,0.000000,0.000000
1788402345593299470,56.913392,-1,-1.014269,0.842861,-3.340912,-1.014269,0.842861,-3.340912,0.000000,0.000000,0.000000,0.000000,0.004889,-0.007468,0.001319,2.126252,0.922050,171.043369,0.000000,0.000000,171.043369,2.126252,0.922050,0.000000,9.806600,0.000000,0.000000,0.000000,0.720000,0.720000,1.610980,0.000000,0.000000,0.000000,0.000000,9.800341,0.000225,-0.000611,0.000261,0.000000,0.000000,0.000000
1788402345626266483,56.946359,-1,-1.014279,0.842873,-3.340927,-1.014279,0.842873,-3.340927,0.000000,0.000000,0.000000,0.000000,0.004974,-0.007381,0.001367,2.125237,0.920213,171.043245,0.000000,0.000000,171.043245,2.125237,0.920213,0.000000,9.806600,0.000000,0.000000,0.000000,0.720000,0.720000,1.610980,0.000000,0.000000,0.000000,0.000000,9.799050,-0.000339,-0.000491,0.000249,0.000000,0.000000,0.000000
1788402345659303646,56.979396,-1,-1.014289,0.842885,-3.340973,-1.014289,0.842885,-3.340973,0.000000,0.000000,0.000000,0.000000,0.005064,-0.007348,0.001311,2.124554,0.920281,171.043678,0.000000,0.000000,171.043678,2.124554,0.920281,0.000000,9.806600,0.000000,0.000000,0.000000,0.720000,0.720000,1.610980,0.000000,0.000000,0.000000,0.000000,9.785864,-0.000413,-0.000040,0.000169,0.000000,0.000000,0.000000
1788402345692330052,57.012423,-1,-1.014312,0.842931,-3.341034,-1.014312,0.842931,-3.341034,0.000000,0.000000,0.000000,0.000000,0.005001,-0.007431,0.001222,2.124291,0.920306,171.043802,0.000000,0.000000,171.043802,2.124291,0.920306,0.000000,9.806600,0.000000,0.000000,0.000000,0.720000,0.720000,1.610980,0.000000,0.000000,0.000000,0.000000,9.798858,0.000107,0.000557,-0.000467,0.000000,0.000000,0.000000
1788402345725353608,57.045446,-1,-1.014341,0.842994,-3.341064,-1.014341,0.842994,-3.341064,0.000000,0.000000,0.000000,0.000000,0.005080,-0.007480,0.001188,2.125160,0.919828,171.043261,0.000000,0.000000,171.043261,2.125160,0.919828,0.000000,9.806600,0.000000,0.000000,0.000000,0.720000,0.720000,1.610980,0.000000,0.000000,0.000000,0.000000,9.796546,0.000233,0.000603,-0.001133,0.000000,0.000000,0.000000
1788402345758366374,57.078459,-1,-1.014351,0.843045,-3.341141,-1.014351,0.843045,-3.341141,0.000000,0.000000,0.000000,0.000000,0.005082,-0.007503,0.001275,2.125162,0.919885,171.042898,0.000000,0.000000,171.042898,2.125162,0.919885,0.000000,9.806600,0.000000,0.000000,0.000000,0.720000,0.720000,1.610980,0.000000,0.000000,0.000000,0.000000,9.800402,-0.000632,-0.000346,0.000026,0.000000,0.000000,0.000000
1788402345791384583,57.111477,-1,-1.014362,0.843129,-3.341248,-1.014362,0.843129,-3.341248,0.000000,0.000000,0.000000,0.000000,0.005119,-0.007553,0.001184,2.124282,0.919493,171.043316,0.000000,0.000000,171.043316,2.124282,0.919493,0.000000,9.806600,0.000000,0.000000,0.000000,0.720000,0.720000,1.610980,0.000000,0.000000,0.000000,0.000000,9.788260,-0.000771,-0.000419,0.000353,0.000000,0.000000,0.000000
1788402345824437563,57.144530,-1,-1.014383,0.843216,-3.341293,-1.014383,0.843216,-3.341293,0.000000,0.000000,0.000000,0.000000,0.005063,-0.007457,0.001230,2.124358,0.919193,171.044132,0.000000,0.000000,171.044132,2.124358,0.919193,0.000000,9.806600,0.000000,0.000000,0.000000,0.720000,0.720000,1.610980,0.000000,0.000000,0.000000,0.000000,9.805498,0.000013,0.000312,-0.000384,0.000000,0.000000,0.000000
1788402345857357478,57.177450,-1,-1.014385,0.843276,-3.341385,-1.014385,0.843276,-3.341385,0.000000,0.000000,0.000000,0.000000,0.005229,-0.007683,0.001318,2.124658,0.919320,171.043504,0.000000,0.000000,171.043504,2.124658,0.919320,0.000000,9.806600,0.000000,0.000000,0.000000,0.720000,0.720000,1.610980,0.000000,0.000000,0.000000,0.000000,9.797501,0.000179,0.000180,-0.001110,0.000000,0.000000,0.000000
1788402345890436072,57.210529,-1,-1.014387,0.843367,-3.341492,-1.014387,0.843367,-3.341492,0.000000,0.000000,0.000000,0.000000,0.005246,-0.007777,0.001363,2.124664,0.919551,171.043096,0.000000,0.000000,171.043096,2.124664,0.919551,0.000000,9.806600,0.000000,0.000000,0.000000,0.720000,0.720000,1.610980,0.000000,0.000000,0.000000,0.000000,9.803595,-0.000508,0.000533,-0.000158,0.000000,0.000000,0.000000
1788402345923459371,57.243552,-1,-1.014401,0.843466,-3.341537,-1.014401,0.843466,-3.341537,0.000000,0.000000,0.000000,0.000000,0.005228,-0.007797,0.001267,2.125590,0.920609,171.042918,0.000000,0.000000,171.042918,2.125590,0.920609,0.000000,9.806600,0.000000,0.000000,0.000000,0.720000,0.720000,1.610980,0.000000,0.000000,0.000000,0.000000,9.788809,0.000309,0.000304,0.000259,0.000000,0.000000,0.000000
1788402345956477292,57.276570,-1,-1.014382,0.843517,-3.341614,-1.014382,0.843517,-3.341614,0.000000,0.000000,0.000000,0.000000,0.005056,-0.007914,0.001207,2.126011,0.920272,171.043130,0.000000,0.000000,171.043130,2.126011,0.920272,0.000000,9.806600,0.000000,0.000000,0.000000,0.720000,0.720000,1.610980,0.000000,0.000000,0.000000,0.000000,9.804234,0.000207,-0.000428,-0.000719,0.000000,0.000000,0.000000
1788402345989486600,57.309579,-1,-1.014351,0.843560,-3.341690,-1.014351,0.843560,-3.341690,0.000000,0.000000,0.000000,0.000000,0.005002,-0.007988,0.001274,2.126678,0.919974,171.043097,0.000000,0.000000,171.043097,2.126678,0.919974,0.000000,9.806600,0.000000,0.000000,0.000000,0.720000,0.720000,1.610980,0.000000,0.000000,0.000000,0.000000,9.799035,0.001153,-0.000297,0.000109,0.000000,0.000000,0.000000
1788402346022474771,57.342567,-1,-1.014332,0.843663,-3.341751,-1.014332,0.843663,-3.341751,0.000000,0.000000,0.000000,0.000000,0.005042,-0.008072,0.001340,2.126913,0.919644,171.042583,0.000000,0.000000,171.042583,2.126913,0.919644,0.000000,9.806600,0.000000,0.000000,0.000000,0.720000,0.720000,1.610980,0.000000,0.000000,0.000000,0.000000,9.791137,-0.000330,0.000323,-0.000182,0.000000,0.000000,0.000000
1788402346055501186,57.375594,-1,-1.014294,0.843692,-3.341797,-1.014294,0.843692,-3.341797,0.000000,0.000000,0.000000,0.000000,0.005007,-0.008041,0.001369,2.126354,0.919875,171.042868,0.000000,0.000000,171.042868,2.126354,0.919875,0.000000,9.806600,0.000000,0.000000,0.000000,0.720000,0.720000,1.610980,0.000000,0.000000,0.000000,0.000000,9.800883,0.000063,0.000238,-0.000865,0.000000,0.000000,0.000000
1788402346088494112,57.408587,-1,-1.014253,0.843713,-3.341873,-1.014253,0.843713,-3.341873,0.000000,0.000000,0.000000,0.000000,0.005023,-0.007937,0.001494,2.127063,0.920438,171.042337,0.000000,0.000000,171.042337,2.127063,0.920438,0.000000,9.806600,0.000000,0.000000,0.000000,0.720000,0.720000,1.610980,0.000000,0.000000,0.000000,0.000000,9.799827,0.000625,0.001003,-0.000246,0.000000,0.000000,0.000000
1788402346121531445,57.441624,-1,-1.014222,0.843782,-3.341949,-1.014222,0.843782,-3.341949,0.000000,0.000000,0.000000,0.000000,0.005141,-0.008119,0.001447,2.127733,0.920747,171.041560,0.000000,0.000000,171.041560,2.127733,0.920747,0.000000,9.806600,0.000000,0.000000,0.000000,0.720000,0.720000,1.610980,0.000000,0.000000,0.000000,0.000000,9.798912,0.000473,-0.000206,-0.000020,0.000000,0.000000,0.000000
1788402346154536889,57.474630,-1,-1.014222,0.843782,-3.341949,-1.014222,0.843782,-3.341949,0.000000,0.000000,0.000000,0.000000,0.005141,-0.008119,0.001447,2.127733,0.920747,171.041560,0.000000,0.000000,171.041560,2.127733,0.920747,0.000000,9.806600,0.000000,0.000000,0.000000,0.720000,0.720000,1.610980,0.000000,0.000000,0.000000,0.000000,9.802188,0.000292,0.000270,-0.000114,0.000000,0.000000,0.000000
1788402346187574959,57.507668,-1,-1.014183,0.843785,-3.342026,-1.014183,0.843785,-3.342026,0.000000,0.000000,0.000000,0.000000,0.005203,-0.008157,0.001535,2.127574,0.920631,171.041813,0.000000,0.000000,171.041813,2.127574,0.920631,0.000000,9.806600,0.000000,0.000000,0.000000,0.720000,0.720000,1.610980,0.000000,0.000000,0.000000,0.000000,9.797002,0.000197,0.001282,0.000092,0.000000,0.000000,0.000000
1788402346220599645,57.540692,-1,-1.014131,0.843783,-3.342117,-1.014131,0.843783,-3.342117,0.000000,0.000000,0.000000,0.000000,0.005099,-0.008229,0.001597,2.128003,0.922080,171.042178,0.000000,0.000000,171.042178,2.128003,0.922080,0.000000,9.806600,0.000000,0.000000,0.000000,0.720000,0.720000,1.610980,0.000000,0.000000,0.000000,0.000000,9.802744,0.000982,-0.000759,-0.000830,0.000000,0.000000,0.000000
1788402346253637746,57.573730,-1,-1.014105,0.843815,-3.342194,-1.014105,0.843815,-3.342194,0.000000,0.000000,0.000000,0.000000,0.004955,-0.008250,0.001586,2.128412,0.921805,171.041543,0.000000,0.000000,171.041543,2.128412,0.921805,0.000000,9.806600,0.000000,0.000000,0.000000,0.720000,0.720000,1.610980,0.000000,0.000000,0.000000,0.000000,9.805826,0.000136,0.000704,0.000310,0.000000,0.000000,0.000000
1788402346286641206,57.606734,-1,-1.014064,0.843794,-3.342300,-1.014064,0.843794,-3.342300,0.000000,0.000000,0.000000,0.000000,0.005017,-0.008425,0.001566,2.129316,0.922399,171.041780,0.000000,0.000000,171.041780,2.129316,0.922399,0.000000,9.806600,0.000000,0.000000,0.000000,0.720000,0.720000,1.610980,0.000000,0.000000,0.000000,0.000000,9.800849,-0.000464,-0.000257,-0.000746,0.000000,0.000000,0.000000
1788402346319657728,57.639750,-1,-1.014025,0.843768,-3.342407,-1.014025,0.843768,-3.342407,0.000000,0.000000,0.000000,0.000000,0.004925,-0.008354,0.001539,2.128567,0.922190,171.041625,0.000000,0.000000,171.041625,2.128567,0.922190,0.000000,9.806600,0.000000,0.000000,0.000000,0.720000,0.720000,1.610980,0.000000,0.000000,0.000000,0.000000,9.802689,-0.000011,-0.000519,-0.000453,0.000000,0.000000,0.000000
1788402346352663108,57.672756,-1,-1.013995,0.843777,-3.342545,-1.013995,0.843777,-3.342545,0.000000,0.000000,0.000000,0.000000,0.005004,-0.008245,0.001523,2.128375,0.921126,171.042268,0.000000,0.000000,171.042268,2.128375,0.921126,0.000000,9.806600,0.000000,0.000000,0.000000,0.720000,0.720000,1.610980,0.000000,0.000000,0.000000,0.000000,9.790205,-0.001136,0.000759,-0.000362,0.000000,0.000000,0.000000
1788402346385686770,57.705779,-1,-1.013963,0.843750,-3.342667,-1.013963,0.843750,-3.342667,0.000000,0.000000,0.000000,0.000000,0.005071,-0.008335,0.001534,2.127566,0.921615,171.042145,0.000000,0.000000,171.042145,2.127566,0.921615,0.000000,9.806600,0.000000,0.000000,0.000000,0.720000,0.720000,1.610980,0.000000,0.000000,0.000000,0.000000,9.798072,0.000080,0.000656,-0.000280,0.000000,0.000000,0.000000
1788402346422635011,57.742728,-1,-1.013932,0.843722,-3.342773,-1.013932,0.843722,-3.342773,0.000000,0.000000,0.000000,0.000000,0.004912,-0.008261,0.001562,2.127358,0.922405,171.041894,0.000000,0.000000,171.041894,2.127358,0.922405,0.000000,9.806600,0.000000,0.000000,0.000000,0.720000,0.720000,1.610980,0.000000,0.000000,0.000000,0.000000,9.793491,0.000408,0.000249,-0.000048,0.000000,0.000000,0.000000
1788402346451706655,57.771799,-1,-1.013906,0.843731,-3.342896,-1.013906,0.843731,-3.342896,0.000000,0.000000,0.000000,0.000000,0.004865,-0.008221,0.001473,2.127361,0.922724,171.041747,0.000000,0.000000,171.041747,2.127361,0.922724,0.000000,9.806600,0.000000,0.000000,0.000000,0.720000,0.720000,1.610980,0.000000,0.000000,0.000000,0.000000,9.799195,0.000257,-0.000121,0.000307,0.000000,0.000000,0.000000
1788402346484742483,57.804835,-1,-1.013882,0.843694,-3.343002,-1.013882,0.843694,-3.343002,0.000000,0.000000,0.000000,0.000000,0.004959,-0.008285,0.001453,2.127984,0.922779,171.041928,0.000000,0.000000,171.041928,2.127984,0.922779,0.000000,9.806600,0.000000,0.000000,0.000000,0.720000,0.720000,1.610980,0.000000,0.000000,0.000000,0.000000,9.800227,-0.000163,-0.000625,-0.000131,0.000000,0.000000,0.000000
1788402346517764929,57.837858,-1,-1.013862,0.843649,-3.343094,-1.013862,0.843649,-3.343094,0.000000,0.000000,0.000000,0.000000,0.004971,-0.008139,0.001514,2.126775,0.921313,171.042063,0.000000,0.000000,171.042063,2.126775,0.921313,0.000000,9.806600,0.000000,0.000000,0.000000,0.720000,0.720000,1.610980,0.000000,0.000000,0.000000,0.000000,9.798223,-0.000480,0.000234,-0.000067,0.000000,0.000000,0.000000
1788402346550758911,57.870852,-1,-1.013855,0.843641,-3.343216,-1.013855,0.843641,-3.343216,0.000000,0.000000,0.000000,0.000000,0.004976,-0.008323,0.001514,2.125989,0.920973,171.042304,0.000000,0.000000,171.042304,2.125989,0.920973,0.000000,9.806600,0.000000,0.000000,0.000000,0.720000,0.720000,1.610980,0.000000,0.000000,0.000000,0.000000,9.791818,0.000585,-0.000051,0.000242,0.000000,0.000000,0.000000
1788402346583804184,57.903897,-1,-1.013844,0.843620,-3.343353,-1.013844,0.843620,-3.343353,0.000000,0.000000,0.000000,0.000000,0.005159,-0.008264,0.001476,2.126859,0.921032,171.042512,0.000000,0.000000,171.042512,2.126859,0.921032,0.000000,9.806600,0.000000,0.000000,0.000000,0.720000,0.720000,1.610980,0.000000,0.000000,0.000000,0.000000,9.798474,0.000813,0.000215,-0.000344,0.000000,0.000000,0.000000
1788402346616802425,57.936895,-1,-1.013839,0.843603,-3.343491,-1.013839,0.843603,-3.343491,0.000000,0.000000,0.000000,0.000000,0.005227,-0.008161,0.001601,2.127711,0.921238,171.042321,0.000000,0.000000,171.042321,2.127711,0.921238,0.000000,9.806600,0.000000,0.000000,0.000000,0.720000,0.720000,1.610980,0.000000,0.000000,0.000000,0.000000,9.797208,-0.000119,-0.000781,-0.001167,0.000000,0.000000,0.000000
1788402346649827719,57.969920,-1,-1.013847,0.843624,-3.343674,-1.013847,0.843624,-3.343674,0.000000,0.000000,0.000000,0.000000,0.005036,-0.008172,0.001444,2.127955,0.920617,171.041185,0.000000,0.000000,171.041185,2.127955,0.920617,0.000000,9.806600,0.000000,0.000000,0.000000,0.720000,0.720000,1.610980,0.000000,0.000000,0.000000,0.000000,9.800001,-0.000104,-0.000257,-0.000225,0.000000,0.000000,0.000000
1788402346683057505,58.003150,-1,-1.013845,0.843600,-3.343826,-1.013845,0.843600,-3.343826,0.000000,0.000000,0.000000,0.000000,0.004998,-0.008133,0.001511,2.127553,0.920384,171.041125,0.000000,0.000000,171.041125,2.127553,0.920384,0.000000,9.806600,0.000000,0.000000,0.000000,0.720000,0.720000,1.610980,0.000000,0.000000,0.000000,0.000000,9.798820,-0.000079,-0.000151,-0.000758,0.000000,0.000000,0.000000
1788402346715851255,58.035944,-1,-1.013844,0.843571,-3.343979,-1.013844,0.843571,-3.343979,0.000000,0.000000,0.000000,0.000000,0.005019,-0.008137,0.001427,2.127258,0.919943,171.040539,0.000000,0.000000,171.040539,2.127258,0.919943,0.000000,9.806600,0.000000,0.000000,0.000000,0.720000,0.720000,1.610980,0.000000,0.000000,0.000000,0.000000,9.809926,-0.000135,-0.000032,0.000070,0.000000,0.000000,0.000000
1788402346748904948,58.068998,-1,-1.013866,0.843582,-3.344177,-1.013866,0.843582,-3.344177,0.000000,0.000000,0.000000,0.000000,0.005216,-0.008047,0.001458,2.126733,0.919549,171.040005,0.000000,0.000000,171.040005,2.126733,0.919549,0.000000,9.806600,0.000000,0.000000,0.000000,0.720000,0.720000,1.610980,0.000000,0.000000,0.000000,0.000000,9.804303,-0.000233,0.000880,-0.000588,0.000000,0.000000,0.000000
1788402346781906679,58.101999,-1,-1.013875,0.843550,-3.344376,-1.013875,0.843550,-3.344376,0.000000,0.000000,0.000000,0.000000,0.005054,-0.008019,0.001502,2.126503,0.920136,171.039236,0.000000,0.000000,171.039236,2.126503,0.920136,0.000000,9.806600,0.000000,0.000000,0.000000,0.720000,0.720000,1.610980,0.000000,0.000000,0.000000,0.000000,9.801583,-0.000444,0.000185,-0.000091,0.000000,0.000000,0.000000
1788402346814927523,58.135020,-1,-1.013884,0.843515,-3.344543,-1.013884,0.843515,-3.344543,0.000000,0.000000,0.000000,0.000000,0.004965,-0.007987,0.001437,2.126790,0.920742,171.039201,0.000000,0.000000,171.039201,2.126790,0.920742,0.000000,9.806600,0.000000,0.000000,0.000000,0.720000,0.720000,1.610980,0.000000,0.000000,0.000000,0.000000,9.791372,0.000611,-0.000459,-0.000779,0.000000,0.000000,0.000000
1788402346847946831,58.168040,-1,-1.013908,0.843518,-3.344772,-1.013908,0.843518,-3.344772,0.000000,0.000000,0.000000,0.000000,0.004912,-0.008039,0.001465,2.126943,0.920632,171.038458,0.000000,0.000000,171.038458,2.126943,0.920632,0.000000,9.806600,0.000000,0.000000,0.000000,0.720000,0.720000,1.610980,0.000000,0.000000,0.000000,0.000000,9.804920,0.000668,-0.000537,-0.000286,0.000000,0.000000,0.000000
1788402346880937643,58.201030,-1,-1.013920,0.843460,-3.345001,-1.013920,0.843460,-3.345001,0.000000,0.000000,0.000000,0.000000,0.004936,-0.008023,0.001430,2.127401,0.918938,171.037845,0.000000,0.000000,171.037845,2.127401,0.918938,0.000000,9.806600,0.000000,0.000000,0.000000,0.720000,0.720000,1.610980,0.000000,0.000000,0.000000,0.000000,9.805009,-0.000684,-0.000182,-0.000113,0.000000,0.000000,0.000000
1788402346913976161,58.234069,-1,-1.013932,0.843390,-3.345215,-1.013932,0.843390,-3.345215,0.000000,0.000000,0.000000,0.000000,0.005010,-0.008006,0.001323,2.126680,0.918730,171.037712,0.000000,0.000000,171.037712,2.126680,0.918730,0.000000,9.806600,0.000000,0.000000,0.000000,0.720000,0.720000,1.610980,0.000000,0.000000,0.000000,0.000000,9.810768,0.000148,0.000779,-0.000122,0.000000,0.000000,0.000000
1788402346947006834,58.267100,-1,-1.013965,0.843349,-3.345444,-1.013965,0.843349,-3.345444,0.000000,0.000000,0.000000,0.000000,0.005008,-0.007995,0.001264,2.127105,0.918821,171.038146,0.000000,0.000000,171.038146,2.127105,0.918821,0.000000,9.806600,0.000000,0.000000,0.000000,0.720000,0.720000,1.610980,0.000000,0.000000,0.000000,0.000000,9.813260,-0.000150,0.000122,0.000396,0.000000,0.000000,0.000000
1788402346980016697,58.300109,-1,-1.013956,0.843288,-3.345581,-1.013956,0.843288,-3.345581,0.000000,0.000000,0.000000,0.000000,0.005014,-0.007944,0.001559,2.126567,0.918802,171.038976,0.000000,0.000000,171.038976,2.126567,0.918802,0.000000,9.806600,0.000000,0.000000,0.000000,0.720000,0.720000,1.610980,0.000000,0.000000,0.000000,0.000000,9.794912,0.000028,-0.000241,0.000226,0.000000,0.000000,0.000000
1788402347013033185,58.333126,-1,-1.013938,0.843227,-3.345688,-1.013938,0.843227,-3.345688,0.000000,0.000000,0.000000,0.000000,0.005047,-0.007883,0.001553,2.125897,0.918683,171.039121,0.000000,0.000000,171.039121,2.125897,0.918683,0.000000,9.806600,0.000000,0.000000,0.000000,0.720000,0.720000,1.610980,0.000000,0.000000,0.000000,0.000000,9.792349,0.000109,-0.000278,0.000298,0.000000,0.000000,0.000000
1788402347046054452,58.366147,-1,-1.013933,0.843199,-3.345795,-1.013933,0.843199,-3.345795,0.000000,0.000000,0.000000,0.000000,0.005105,-0.007880,0.001445,2.125718,0.919012,171.039043,0.000000,0.000000,171.039043,2.125718,0.919012,0.000000,9.806600,0.000000,0.000000,0.000000,0.720000,0.720000,1.610980,0.000000,0.000000,0.000000,0.000000,9.791796,-0.000305,0.000030,0.000102,0.000000,0.000000,0.000000
1788402347079095184,58.399188,-1,-1.013913,0.843117,-3.345932,-1.013913,0.843117,-3.345932,0.000000,0.000000,0.000000,0.000000,0.005171,-0.007861,0.001282,2.124882,0.917828,171.039414,0.000000,0.000000,171.039414,2.124882,0.917828,0.000000,9.806600,0.000000,0.000000,0.000000,0.720000,0.720000,1.610980,0.000000,0.000000,0.000000,0.000000,9.803049,0.000130,0.000091,-0.000099,0.000000,0.000000,0.000000
1788402347112048192,58.432141,-1,-1.013889,0.843027,-3.346008,-1.013889,0.843027,-3.346008,0.000000,0.000000,0.000000,0.000000,0.005100,-0.007791,0.001237,2.124518,0.917390,171.039669,0.000000,0.000000,171.039669,2.124518,0.917390,0.000000,9.806600,0.000000,0.000000,0.000000,0.720000,0.720000,1.610980,0.000000,0.000000,0.000000,0.000000,9.812603,-0.000458,0.000648,0.000186,0.000000,0.000000,0.000000
1788402347145100449,58.465193,-1,-1.013875,0.842957,-3.346054,-1.013875,0.842957,-3.346054,0.000000,0.000000,0.000000,0.000000,0.004933,-0.007717,0.001292,2.124159,0.917791,171.039870,0.000000,0.000000,171.039870,2.124159,0.917791,0.000000,9.806600,0.000000,0.000000,0.000000,0.720000,0.720000,1.610980,0.000000,0.000000,0.000000,0.000000,9.794427,-0.000307,0.000213,-0.000383,0.000000,0.000000,0.000000
1788402347178117041,58.498210,-1,-1.013855,0.842900,-3.346130,-1.013855,0.842900,-3.346130,0.000000,0.000000,0.000000,0.000000,0.004839,-0.007632,0.001163,2.122923,0.917210,171.040661,0.000000,0.000000,171.040661,2.122923,0.917210,0.000000,9.806600,0.000000,0.000000,0.000000,0.720000,0.720000,1.610980,0.000000,0.000000,0.000000,0.000000,9.791391,-0.000355,0.000094,-0.000189,0.000000,0.000000,0.000000
1788402347211101265,58.531194,-1,-1.013840,0.842855,-3.346222,-1.013840,0.842855,-3.346222,0.000000,0.000000,0.000000,0.000000,0.004895,-0.007570,0.001061,2.122629,0.916823,171.040841,0.000000,0.000000,171.040841,2.122629,0.916823,0.000000,9.806600,0.000000,0.000000,0.000000,0.720000,0.720000,1.610980,0.000000,0.000000,0.000000,0.000000,9.800879,0.000346,0.000021,-0.000632,0.000000,0.000000,0.000000
1788402347244144398,58.564237,-1,-1.013838,0.842842,-3.346298,-1.013838,0.842842,-3.346298,0.000000,0.000000,0.000000,0.000000,0.005005,-0.007618,0.001002,2.122249,0.916529,171.040154,0.000000,0.000000,171.040154,2.122249,0.916529,0.000000,9.806600,0.000000,0.000000,0.000000,0.720000,0.720000,1.610980,0.000000,0.000000,0.000000,0.000000,9.813047,-0.000313,0.000361,0.000262,0.000000,0.000000,0.000000
1788402347277145110,58.597238,-1,-1.013819,0.842804,-3.346359,-1.013819,0.842804,-3.346359,0.000000,0.000000,0.000000,0.000000,0.004824,-0.007741,0.001141,2.122291,0.917048,171.040823,0.000000,0.000000,171.040823,2.122291,0.917048,0.000000,9.806600,0.000000,0.000000,0.000000,0.720000,0.720000,1.610980,0.000000,0.000000,0.000000,0.000000,9.801178,0.000363,0.000314,-0.000641,0.000000,0.000000,0.000000
1788402347310202138,58.630295,-1,-1.013809,0.842796,-3.346375,-1.013809,0.842796,-3.346375,0.000000,0.000000,0.000000,0.000000,0.004753,-0.007709,0.001072,2.122469,0.916962,171.040606,0.000000,0.000000,171.040606,2.122469,0.916962,0.000000,9.806600,0.000000,0.000000,0.000000,0.720000,0.720000,1.610980,0.000000,0.000000,0.000000,0.000000,9.796569,0.000043,0.000567,-0.000087,0.000000,0.000000,0.000000
1788402347343191228,58.663284,-1,-1.013808,0.842816,-3.346390,-1.013808,0.842816,-3.346390,0.000000,0.000000,0.000000,0.000000,0.004768,-0.007771,0.000949,2.122409,0.917721,171.040694,0.000000,0.000000,171.040694,2.122409,0.917721,0.000000,9.806600,0.000000,0.000000,0.000000,0.720000,0.720000,1.610980,0.000000,0.000000,0.000000,0.000000,9.798575,-0.000392,-0.000053,-0.000574,0.000000,0.000000,0.000000
1788402347376224981,58.696318,-1,-1.013792,0.842842,-3.346405,-1.013792,0.842842,-3.346405,0.000000,0.000000,0.000000,0.000000,0.004708,-0.007724,0.000936,2.122765,0.918064,171.040878,0.000000,0.000000,171.040878,2.122765,0.918064,0.000000,9.806600,0.000000,0.000000,0.000000,0.720000,0.720000,1.610980,0.000000,0.000000,0.000000,0.000000,9.809749,-0.000207,-0.000349,0.000241,0.000000,0.000000,0.000000
1788402347409227678,58.729320,-1,-1.013771,0.842861,-3.346390,-1.013771,0.842861,-3.346390,0.000000,0.000000,0.000000,0.000000,0.004701,-0.007775,0.000994,2.122423,0.917435,171.041238,0.000000,0.000000,171.041238,2.122423,0.917435,0.000000,9.806600,0.000000,0.000000,0.000000,0.720000,0.720000,1.610980,0.000000,0.000000,0.000000,0.000000,9.801891,0.000956,0.000037,-0.000487,0.000000,0.000000,0.000000
1788402347442279519,58.762372,-1,-1.013761,0.842909,-3.346375,-1.013761,0.842909,-3.346375,0.000000,0.000000,0.000000,0.000000,0.004713,-0.007806,0.001060,2.123228,0.917221,171.041134,0.000000,0.000000,171.041134,2.123228,0.917221,0.000000,9.806600,0.000000,0.000000,0.000000,0.720000,0.720000,1.610980,0.000000,0.000000,0.000000,0.000000,9.807720,-0.000093,0.000260,-0.000505,0.000000,0.000000,0.000000
1788402347475260829,58.795354,-1,-1.013715,0.842852,-3.346359,-1.013715,0.842852,-3.346359,0.000000,0.000000,0.000000,0.000000,0.004595,-0.007805,0.001118,2.123651,0.917306,171.040365,0.000000,0.000000,171.040365,2.123651,0.917306,0.000000,9.806600,0.000000,0.000000,0.000000,0.720000,0.720000,1.610980,0.000000,0.000000,0.000000,0.000000,9.799708,-0.000131,0.000334,-0.000298,0.000000,0.000000,0.000000
1788402347508321603,58.828414,-1,-1.013682,0.842808,-3.346344,-1.013682,0.842808,-3.346344,0.000000,0.000000,0.000000,0.000000,0.004630,-0.007799,0.001146,2.123217,0.917725,171.040231,0.000000,0.000000,171.040231,2.123217,0.917725,0.000000,9.806600,0.000000,0.000000,0.000000,0.720000,0.720000,1.610980,0.000000,0.000000,0.000000,0.000000,9.803406,-0.000432,-0.000592,0.000015,0.000000,0.000000,0.000000
1788402347541357084,58.861450,-1,-1.013665,0.842796,-3.346329,-1.013665,0.842796,-3.346329,0.000000,0.000000,0.000000,0.000000,0.004737,-0.007737,0.001272,2.122568,0.917359,171.040336,0.000000,0.000000,171.040336,2.122568,0.917359,0.000000,9.806600,0.000000,0.000000,0.000000,0.720000,0.720000,1.610980,0.000000,0.000000,0.000000,0.000000,9.800116,0.000139,0.000174,-0.000242,0.000000,0.000000,0.000000
1788402347574289570,58.894382,-1,-1.013627,0.842752,-3.346344,-1.013627,0.842752,-3.346344,0.000000,0.000000,0.000000,0.000000,0.004880,-0.007759,0.001465,2.122413,0.917420,171.040009,0.000000,0.000000,171.040009,2.122413,0.917420,0.000000,9.806600,0.000000,0.000000,0.000000,0.720000,0.720000,1.610980,0.000000,0.000000,0.000000,0.000000,9.804690,-0.000839,0.000533,0.000484,0.000000,0.000000,0.000000
1788402347607357196,58.927450,-1,-1.013610,0.842739,-3.346344,-1.013610,0.842739,-3.346344,0.000000,0.000000,0.000000,0.000000,0.004927,-0.007824,0.001570,2.121683,0.917403,171.040750,0.000000,0.000000,171.040750,2.121683,0.917403,0.000000,9.806600,0.000000,0.000000,0.000000,0.720000,0.720000,1.610980,0.000000,0.000000,0.000000,0.000000,9.799474,0.000012,0.000093,-0.000369,0.000000,0.000000,0.000000
1788402347640380639,58.960473,-1,-1.013607,0.842757,-3.346329,-1.013607,0.842757,-3.346329,0.000000,0.000000,0.000000,0.000000,0.005030,-0.007688,0.001560,2.121869,0.917894,171.040095,0.000000,0.000000,171.040095,2.121869,0.917894,0.000000,9.806600,0.000000,0.000000,0.000000,0.720000,0.720000,1.610980,0.000000,0.000000,0.000000,0.000000,9.799281,-0.000642,0.000764,0.000448,0.000000,0.000000,0.000000
1788402347673342708,58.993435,-1,-1.013602,0.842740,-3.346283,-1.013602,0.842740,-3.346283,0.000000,0.000000,0.000000,0.000000,0.005052,-0.007629,0.001679,2.121794,0.918195,171.040201,0.000000,0.000000,171.040201,2.121794,0.918195,0.000000,9.806600,0.000000,0.000000,0.000000,0.720000,0.720000,1.610980,0.000000,0.000000,0.000000,0.000000,9.796426,-0.000271,-0.000542,0.000038,0.000000,0.000000,0.000000
1788402347706385873,59.026479,-1,-1.013594,0.842705,-3.346237,-1.013594,0.842705,-3.346237,0.000000,0.000000,0.000000,0.000000,0.004920,-0.007553,0.001695,2.121447,0.917776,171.039269,0.000000,0.000000,171.039269,2.121447,0.917776,0.000000,9.806600,0.000000,0.000000,0.000000,0.720000,0.720000,1.610980,0.000000,0.000000,0.000000,0.000000,9.807741,-0.000042,-0.000720,-0.000640,0.000000,0.000000,0.000000
1788402347739389818,59.059482,-1,-1.013598,0.842699,-3.346146,-1.013598,0.842699,-3.346146,0.000000,0.000000,0.000000,0.000000,0.004980,-0.007520,0.001798,2.121384,0.917991,171.038832,0.000000,0.000000,171.038832,2.121384,0.917991,0.000000,9.806600,0.000000,0.000000,0.000000,0.720000,0.720000,1.610980,0.000000,0.000000,0.000000,0.000000,9.798849,0.000438,0.000478,0.000186,0.000000,0.000000,0.000000
1788402347772411565,59.092504,-1,-1.013580,0.842625,-3.346024,-1.013580,0.842625,-3.346024,0.000000,0.000000,0.000000,0.000000,0.004994,-0.007383,0.001982,2.121416,0.918525,171.039271,0.000000,0.000000,171.039271,2.121416,0.918525,0.000000,9.806600,0.000000,0.000000,0.000000,0.720000,0.720000,1.610980,0.000000,0.000000,0.000000,0.000000,9.795303,-0.000129,0.000273,-0.000220,0.000000,0.000000,0.000000
1788402347805398478,59.125491,-1,-1.013572,0.842579,-3.345932,-1.013572,0.842579,-3.345932,0.000000,0.000000,0.000000,0.000000,0.004971,-0.007412,0.001958,2.121192,0.918484,171.039706,0.000000,0.000000,171.039706,2.121192,0.918484,0.000000,9.806600,0.000000,0.000000,0.000000,0.720000,0.720000,1.610980,0.000000,0.000000,0.000000,0.000000,9.808948,-0.000544,-0.000108,-0.000161,0.000000,0.000000,0.000000
1788402347838503113,59.158596,-1,-1.013575,0.842562,-3.345840,-1.013575,0.842562,-3.345840,0.000000,0.000000,0.000000,0.000000,0.004924,-0.007384,0.002110,2.120676,0.919427,171.040435,0.000000,0.000000,171.040435,2.120676,0.919427,0.000000,9.806600,0.000000,0.000000,0.000000,0.720000,0.720000,1.610980,0.000000,0.000000,0.000000,0.000000,9.795438,-0.000301,0.000762,0.000196,0.000000,0.000000,0.000000
1788402347871445492,59.191538,-1,-1.013545,0.842498,-3.345764,-1.013545,0.842498,-3.345764,0.000000,0.000000,0.000000,0.000000,0.004835,-0.007227,0.002370,2.119817,0.919995,171.040490,0.000000,0.000000,171.040490,2.119817,0.919995,0.000000,9.806600,0.000000,0.000000,0.000000,0.720000,0.720000,1.610980,0.000000,0.000000,0.000000,0.000000,9.796502,-0.000144,-0.000574,-0.000017,0.000000,0.000000,0.000000
1788402347904471369,59.224564,-1,-1.013523,0.842462,-3.345734,-1.013523,0.842462,-3.345734,0.000000,0.000000,0.000000,0.000000,0.004669,-0.007221,0.002369,2.119708,0.919366,171.040439,0.000000,0.000000,171.040439,2.119708,0.919366,0.000000,9.806600,0.000000,0.000000,0.000000,0.720000,0.720000,1.610980,0.000000,0.000000,0.000000,0.000000,9.805972,0.000244,-0.000131,-0.000256,0.000000,0.000000,0.000000
1788402347937484823,59.257577,-1,-1.013511,0.842456,-3.345703,-1.013511,0.842456,-3.345703,0.000000,0.000000,0.000000,0.000000,0.004738,-0.007288,0.002385,2.120313,0.919120,171.040044,0.000000,0.000000,171.040044,2.120313,0.919120,0.000000,9.806600,0.000000,0.000000,0.000000,0.720000,0.720000,1.610980,0.000000,0.000000,0.000000,0.000000,9.807288,-0.000421,-0.000439,-0.000114,0.000000,0.000000,0.000000
1788402347970490914,59.290584,-1,-1.013460,0.842464,-3.345673,-1.013460,0.842464,-3.345673,0.000000,0.000000,0.000000,0.000000,0.004640,-0.007394,0.002262,2.120155,0.918733,171.039083,0.000000,0.000000,171.039083,2.120155,0.918733,0.000000,9.806600,0.000000,0.000000,0.000000,0.720000,0.720000,1.610980,0.000000,0.000000,0.000000,0.000000,9.788758,-0.000414,0.000159,-0.000427,0.000000,0.000000,0.000000
1788402348003530141,59.323623,-1,-1.013421,0.842498,-3.345642,-1.013421,0.842498,-3.345642,0.000000,0.000000,0.000000,0.000000,0.004562,-0.007499,0.002207,2.120122,0.918507,171.039075,0.000000,0.000000,171.039075,2.120122,0.918507,0.000000,9.806600,0.000000,0.000000,0.000000,0.720000,0.720000,1.610980,0.000000,0.000000,0.000000,0.000000,9.790924,-0.000073,-0.000027,-0.000245,0.000000,0.000000,0.000000
1788402348036495722,59.356588,-1,-1.013396,0.842559,-3.345581,-1.013396,0.842559,-3.345581,0.000000,0.000000,0.000000,0.000000,0.004594,-0.007552,0.002266,2.119758,0.917976,171.038849,0.000000,0.000000,171.038849,2.119758,0.917976,0.000000,9.806600,0.000000,0.000000,0.000000,0.720000,0.720000,1.610980,0.000000,0.000000,0.000000,0.000000,9.801610,-0.000123,0.000681,-0.000336,0.000000,0.000000,0.000000
1788402348069543049,59.389636,-1,-1.013367,0.842602,-3.345551,-1.013367,0.842602,-3.345551,0.000000,0.000000,0.000000,0.000000,0.004643,-0.007654,0.002327,2.119537,0.918562,171.039274,0.000000,0.000000,171.039274,2.119537,0.918562,0.000000,9.806600,0.000000,0.000000,0.000000,0.720000,0.720000,1.610980,0.000000,0.000000,0.000000,0.000000,9.794841,-0.000184,-0.000044,0.000094,0.000000,0.000000,0.000000
1788402348102557592,59.422650,-1,-1.013337,0.842672,-3.345520,-1.013337,0.842672,-3.345520,0.000000,0.000000,0.000000,0.000000,0.004555,-0.007524,0.002607,2.118598,0.918648,171.039497,0.000000,0.000000,171.039497,2.118598,0.918648,0.000000,9.806600,0.000000,0.000000,0.000000,0.720000,0.720000,1.610980,0.000000,0.000000,0.000000,0.000000,9.810411,-0.000623,-0.000051,0.000416,0.000000,0.000000,0.000000
1788402348135593202,59.455686,-1,-1.013328,0.842751,-3.345474,-1.013328,0.842751,-3.345474,0.000000,0.000000,0.000000,0.000000,0.004507,-0.007546,0.002658,2.118521,0.919188,171.038815,0.000000,0.000000,171.038815,2.118521,0.919188,0.000000,9.806600,0.000000,0.000000,0.000000,0.720000,0.720000,1.610980,0.000000,0.000000,0.000000,0.000000,9.798715,0.000297,0.000208,-0.000082,0.000000,0.000000,0.000000
1788402348168582421,59.488675,-1,-1.013318,0.842783,-3.345490,-1.013318,0.842783,-3.345490,0.000000,0.000000,0.000000,0.000000,0.004497,-0.007567,0.002681,2.118720,0.919261,171.038349,0.000000,0.000000,171.038349,2.118720,0.919261,0.000000,9.806600,0.000000,0.000000,0.000000,0.720000,0.720000,1.610980,0.000000,0.000000,0.000000,0.000000,9.793412,-0.000140,-0.000439,-0.000054,0.000000,0.000000,0.000000
1788402348201609771,59.521702,-1,-1.013318,0.842826,-3.345535,-1.013318,0.842826,-3.345535,0.000000,0.000000,0.000000,0.000000,0.004537,-0.007638,0.002552,2.118407,0.918927,171.037828,0.000000,0.000000,171.037828,2.118407,0.918927,0.000000,9.806600,0.000000,0.000000,0.000000,0.720000,0.720000,1.610980,0.000000,0.000000,0.000000,0.000000,9.800770,-0.000705,-0.000491,-0.000299,0.000000,0.000000,0.000000
1788402348234623738,59.554716,-1,-1.013330,0.842887,-3.345551,-1.013330,0.842887,-3.345551,0.000000,0.000000,0.000000,0.000000,0.004473,-0.007567,0.002426,2.118944,0.918894,171.038096,0.000000,0.000000,171.038096,2.118944,0.918894,0.000000,9.806600,0.000000,0.000000,0.000000,0.720000,0.720000,1.610980,0.000000,0.000000,0.000000,0.000000,9.793255,-0.000214,0.000770,-0.000329,0.000000,0.000000,0.000000
1788402348267677307,59.587770,-1,-1.013324,0.842906,-3.345596,-1.013324,0.842906,-3.345596,0.000000,0.000000,0.000000,0.000000,0.004470,-0.007605,0.002383,2.118641,0.919989,171.038202,0.000000,0.000000,171.038202,2.118641,0.919989,0.000000,9.806600,0.000000,0.000000,0.000000,0.720000,0.720000,1.610980,0.000000,0.000000,0.000000,0.000000,9.784072,-0.000770,0.000106,0.000257,0.000000,0.000000,0.000000
1788402348300707346,59.620800,-1,-1.013315,0.842929,-3.345657,-1.013315,0.842929,-3.345657,0.000000,0.000000,0.000000,0.000000,0.004343,-0.007472,0.002328,2.118622,0.919729,171.038145,0.000000,0.000000,171.038145,2.118622,0.919729,0.000000,9.806600,0.000000,0.000000,0.000000,0.720000,0.720000,1.610980,0.000000,0.000000,0.000000,0.000000,9.798088,0.000847,-0.001074,0.000136,0.000000,0.000000,0.000000
1788402348333702488,59.653795,-1,-1.013318,0.842976,-3.345688,-1.013318,0.842976,-3.345688,0.000000,0.000000,0.000000,0.000000,0.004369,-0.007570,0.002345,2.118217,0.918366,171.038157,0.000000,0.000000,171.038157,2.118217,0.918366,0.000000,9.806600,0.000000,0.000000,0.000000,0.720000,0.720000,1.610980,0.000000,0.000000,0.000000,0.000000,9.793420,0.000178,-0.000440,-0.000042,0.000000,0.000000,0.000000
1788402348366747222,59.686840,-1,-1.013296,0.843027,-3.345734,-1.013296,0.843027,-3.345734,0.000000,0.000000,0.000000,0.000000,0.004453,-0.007614,0.002348,2.118553,0.916817,171.037926,0.000000,0.000000,171.037926,2.118553,0.916817,0.000000,9.806600,0.000000,0.000000,0.000000,0.720000,0.720000,1.610980,0.000000,0.000000,0.000000,0.000000,9.787307,0.000118,-0.000470,0.000050,0.000000,0.000000,0.000000
1788402348399681952,59.719775,-1,-1.013286,0.843083,-3.345749,-1.013286,0.843083,-3.345749,0.000000,0.000000,0.000000,0.000000,0.004480,-0.007655,0.002303,2.118467,0.915693,171.037747,0.000000,0.000000,171.037747,2.118467,0.915693,0.000000,9.806600,0.000000,0.000000,0.000000,0.720000,0.720000,1.610980,0.000000,0.000000,0.000000,0.000000,9.788765,-0.000220,-0.000309,-0.000020,0.000000,0.000000,0.000000
1788402348432702546,59.752795,-1,-1.013287,0.843163,-3.345764,-1.013287,0.843163,-3.345764,0.000000,0.000000,0.000000,0.000000,0.004427,-0.007656,0.002291,2.118693,0.916285,171.038193,0.000000,0.000000,171.038193,2.118693,0.916285,0.000000,9.806600,0.000000,0.000000,0.000000,0.720000,0.720000,1.610980,0.000000,0.000000,0.000000,0.000000,9.805994,-0.000331,0.000046,-0.000238,0.000000,0.000000,0.000000
1788402348466078668,59.786171,-1,-1.013269,0.843225,-3.345779,-1.013269,0.843225,-3.345779,0.000000,0.000000,0.000000,0.000000,0.004439,-0.007538,0.002334,2.119012,0.916007,171.038510,0.000000,0.000000,171.038510,2.119012,0.916007,0.000000,9.806600,0.000000,0.000000,0.000000,0.720000,0.720000,1.610980,0.000000,0.000000,0.000000,0.000000,9.799296,0.000579,-0.000288,0.000290,0.000000,0.000000,0.000000
1788402348498776230,59.818869,-1,-1.013243,0.843324,-3.345825,-1.013243,0.843324,-3.345825,0.000000,0.000000,0.000000,0.000000,0.004437,-0.007747,0.002418,2.118728,0.916154,171.038792,0.000000,0.000000,171.038792,2.118728,0.916154,0.000000,9.806600,0.000000,0.000000,0.000000,0.720000,0.720000,1.610980,0.000000,0.000000,0.000000,0.000000,9.798384,0.000101,-0.000852,-0.000696,0.000000,0.000000,0.000000
1788402348531734587,59.851827,-1,-1.013238,0.843428,-3.345840,-1.013238,0.843428,-3.345840,0.000000,0.000000,0.000000,0.000000,0.004535,-0.007799,0.002226,2.118662,0.915005,171.038620,0.000000,0.000000,171.038620,2.118662,0.915005,0.000000,9.806600,0.000000,0.000000,0.000000,0.720000,0.720000,1.610980,0.000000,0.000000,0.000000,0.000000,9.798766,0.000300,0.000483,-0.000090,0.000000,0.000000,0.000000
1788402348564807846,59.884901,-1,-1.013213,0.843507,-3.345856,-1.013213,0.843507,-3.345856,0.000000,0.000000,0.000000,0.000000,0.004569,-0.007837,0.002308,2.119236,0.915139,171.039207,0.000000,0.000000,171.039207,2.119236,0.915139,0.000000,9.806600,0.000000,0.000000,0.000000,0.720000,0.720000,1.610980,0.000000,0.000000,0.000000,0.000000,9.802438,0.000987,0.000028,0.000597,0.000000,0.000000,0.000000
1788402348597805965,59.917899,-1,-1.013179,0.843616,-3.345886,-1.013179,0.843616,-3.345886,0.000000,0.000000,0.000000,0.000000,0.004555,-0.007827,0.002231,2.119342,0.916011,171.039260,0.000000,0.000000,171.039260,2.119342,0.916011,0.000000,9.806600,0.000000,0.000000,0.000000,0.720000,0.720000,1.610980,0.000000,0.000000,0.000000,0.000000,9.792919,-0.000294,0.000738,-0.000163,0.000000,0.000000,0.000000
1788402348630867763,59.950960,-1,-1.013167,0.843727,-3.345886,-1.013167,0.843727,-3.345886,0.000000,0.000000,0.000000,0.000000,0.004582,-0.007939,0.002231,2.119253,0.916946,171.039303,0.000000,0.000000,171.039303,2.119253,0.916946,0.000000,9.806600,0.000000,0.000000,0.000000,0.720000,0.720000,1.610980,0.000000,0.000000,0.000000,0.000000,9.804116,0.000015,0.001102,0.000075,0.000000,0.000000,0.000000
